
/*!40101 SET @OLD_CHARACTER_SET_CLIENT=@@CHARACTER_SET_CLIENT */;
/*!40101 SET @OLD_CHARACTER_SET_RESULTS=@@CHARACTER_SET_RESULTS */;
/*!40101 SET @OLD_COLLATION_CONNECTION=@@COLLATION_CONNECTION */;
/*!50503 SET NAMES utf8mb4 */;
/*!40103 SET @OLD_TIME_ZONE=@@TIME_ZONE */;
/*!40103 SET TIME_ZONE='+00:00' */;
/*!40014 SET @OLD_UNIQUE_CHECKS=@@UNIQUE_CHECKS, UNIQUE_CHECKS=0 */;
/*!40014 SET @OLD_FOREIGN_KEY_CHECKS=@@FOREIGN_KEY_CHECKS, FOREIGN_KEY_CHECKS=0 */;
/*!40101 SET @OLD_SQL_MODE=@@SQL_MODE, SQL_MODE='NO_AUTO_VALUE_ON_ZERO' */;
/*!40111 SET @OLD_SQL_NOTES=@@SQL_NOTES, SQL_NOTES=0 */;

CREATE DATABASE /*!32312 IF NOT EXISTS*/ `strapi` /*!40100 DEFAULT CHARACTER SET utf8mb4 COLLATE utf8mb4_0900_ai_ci */ /*!80016 DEFAULT ENCRYPTION='N' */;

USE `strapi`;
DROP TABLE IF EXISTS `about_us_pages`;
/*!40101 SET @saved_cs_client     = @@character_set_client */;
/*!50503 SET character_set_client = utf8mb4 */;
CREATE TABLE `about_us_pages` (
  `id` int unsigned NOT NULL AUTO_INCREMENT,
  `published_at` datetime DEFAULT NULL,
  `created_by` int DEFAULT NULL,
  `updated_by` int DEFAULT NULL,
  `created_at` timestamp NULL DEFAULT CURRENT_TIMESTAMP,
  `updated_at` timestamp NULL DEFAULT CURRENT_TIMESTAMP,
  `aboutUsSectionTitle` varchar(255) DEFAULT NULL,
  `aboutUsSectionDescription` longtext,
  `whyUsSectionTitle` varchar(255) DEFAULT NULL,
  `whyUsSubTitle` varchar(255) DEFAULT NULL,
  `whyUsSectionSubTitle` varchar(255) DEFAULT NULL,
  `ourPartnersSectionTitle` varchar(255) DEFAULT NULL,
  `ourPartnersSectionSubTitle` varchar(255) DEFAULT NULL,
  `ourPartnersSectionDescription` longtext,
  `ourTeamSectionTitle` varchar(255) DEFAULT NULL,
  `ourTeamSectionSubTitle` varchar(255) DEFAULT NULL,
  PRIMARY KEY (`id`)
) ENGINE=InnoDB AUTO_INCREMENT=2 DEFAULT CHARSET=utf8mb4 COLLATE=utf8mb4_0900_ai_ci;
/*!40101 SET character_set_client = @saved_cs_client */;

LOCK TABLES `about_us_pages` WRITE;
/*!40000 ALTER TABLE `about_us_pages` DISABLE KEYS */;
INSERT INTO `about_us_pages` VALUES (1,'2021-05-20 08:45:16',1,1,'2021-05-20 08:45:14','2021-05-24 11:37:52','Who we are',NULL,'Why ride with Taxiye',NULL,' Lorem ipsum dolor sit amet consectetur adipiscing elit sodales primis, mollis viverra conubia ligula inceptos laoreet libero tortor.','Our Partners','Lorem ipsum dolor sit amet consectetur adipiscing elit sodales primis, mollis viverra conubia ligula inceptos laoreet libero tortor.','Taxiye has partnered up with 6+ taxi associations including Airport Taxi associations.\n\n','Our Team','Our company is ran by the best and brightest team in the industy.');
/*!40000 ALTER TABLE `about_us_pages` ENABLE KEYS */;
UNLOCK TABLES;
DROP TABLE IF EXISTS `about_us_pages_components`;
/*!40101 SET @saved_cs_client     = @@character_set_client */;
/*!50503 SET character_set_client = utf8mb4 */;
CREATE TABLE `about_us_pages_components` (
  `id` int unsigned NOT NULL AUTO_INCREMENT,
  `field` varchar(255) NOT NULL,
  `order` int unsigned NOT NULL,
  `component_type` varchar(255) NOT NULL,
  `component_id` int NOT NULL,
  `about_us_page_id` int unsigned NOT NULL,
  PRIMARY KEY (`id`),
  KEY `about_us_page_id_fk` (`about_us_page_id`),
  CONSTRAINT `about_us_page_id_fk` FOREIGN KEY (`about_us_page_id`) REFERENCES `about_us_pages` (`id`) ON DELETE CASCADE
) ENGINE=InnoDB AUTO_INCREMENT=4 DEFAULT CHARSET=utf8mb4 COLLATE=utf8mb4_0900_ai_ci;
/*!40101 SET character_set_client = @saved_cs_client */;

LOCK TABLES `about_us_pages_components` WRITE;
/*!40000 ALTER TABLE `about_us_pages_components` DISABLE KEYS */;
INSERT INTO `about_us_pages_components` VALUES (1,'hero',1,'components_section_heroes',6,1),(2,'aboutUsSectionDescription',1,'components_text_paragraphs',16,1),(3,'aboutUsSectionDescription',2,'components_text_paragraphs',17,1);
/*!40000 ALTER TABLE `about_us_pages_components` ENABLE KEYS */;
UNLOCK TABLES;
DROP TABLE IF EXISTS `addresses`;
/*!40101 SET @saved_cs_client     = @@character_set_client */;
/*!50503 SET character_set_client = utf8mb4 */;
CREATE TABLE `addresses` (
  `id` int unsigned NOT NULL AUTO_INCREMENT,
  `title` varchar(255) DEFAULT NULL,
  `subTitle` varchar(255) DEFAULT NULL,
  `published_at` datetime DEFAULT NULL,
  `created_by` int DEFAULT NULL,
  `updated_by` int DEFAULT NULL,
  `created_at` timestamp NULL DEFAULT CURRENT_TIMESTAMP,
  `updated_at` timestamp NULL DEFAULT CURRENT_TIMESTAMP,
  `name` varchar(255) DEFAULT NULL,
  `head` int DEFAULT NULL,
  `lat` double DEFAULT NULL,
  `lng` double DEFAULT NULL,
  PRIMARY KEY (`id`)
) ENGINE=InnoDB AUTO_INCREMENT=3 DEFAULT CHARSET=utf8mb4 COLLATE=utf8mb4_0900_ai_ci;
/*!40101 SET character_set_client = @saved_cs_client */;

LOCK TABLES `addresses` WRITE;
/*!40000 ALTER TABLE `addresses` DISABLE KEYS */;
INSERT INTO `addresses` VALUES (1,'Let\'s talk...','Ask us anything or just say hi...','2021-05-20 13:34:18',1,1,'2021-05-20 13:18:55','2021-05-31 07:04:48','Taxiye Addis Ababa',NULL,9.0003244,38.7500753),(2,NULL,NULL,'2021-05-20 13:59:50',1,1,'2021-05-20 13:53:02','2021-05-31 06:50:52','Main Office',NULL,9.0030198,38.8200853);
/*!40000 ALTER TABLE `addresses` ENABLE KEYS */;
UNLOCK TABLES;
DROP TABLE IF EXISTS `addresses_components`;
/*!40101 SET @saved_cs_client     = @@character_set_client */;
/*!50503 SET character_set_client = utf8mb4 */;
CREATE TABLE `addresses_components` (
  `id` int unsigned NOT NULL AUTO_INCREMENT,
  `field` varchar(255) NOT NULL,
  `order` int unsigned NOT NULL,
  `component_type` varchar(255) NOT NULL,
  `component_id` int NOT NULL,
  `address_id` int unsigned NOT NULL,
  PRIMARY KEY (`id`),
  KEY `address_id_fk` (`address_id`),
  CONSTRAINT `address_id_fk` FOREIGN KEY (`address_id`) REFERENCES `addresses` (`id`) ON DELETE CASCADE
) ENGINE=InnoDB AUTO_INCREMENT=7 DEFAULT CHARSET=utf8mb4 COLLATE=utf8mb4_0900_ai_ci;
/*!40101 SET character_set_client = @saved_cs_client */;

LOCK TABLES `addresses_components` WRITE;
/*!40000 ALTER TABLE `addresses_components` DISABLE KEYS */;
INSERT INTO `addresses_components` VALUES (1,'lists',1,'components_address_lists',1,1),(2,'lists',2,'components_address_lists',2,1),(3,'openHours',1,'components_address_lists',3,1),(4,'contactCenter',1,'components_address_lists',4,1),(5,'openHours',1,'components_address_lists',5,2),(6,'contactCenter',1,'components_address_lists',6,2);
/*!40000 ALTER TABLE `addresses_components` ENABLE KEYS */;
UNLOCK TABLES;
DROP TABLE IF EXISTS `article_pages`;
/*!40101 SET @saved_cs_client     = @@character_set_client */;
/*!50503 SET character_set_client = utf8mb4 */;
CREATE TABLE `article_pages` (
  `id` int unsigned NOT NULL AUTO_INCREMENT,
  `published_at` datetime DEFAULT NULL,
  `created_by` int DEFAULT NULL,
  `updated_by` int DEFAULT NULL,
  `created_at` timestamp NULL DEFAULT CURRENT_TIMESTAMP,
  `updated_at` timestamp NULL DEFAULT CURRENT_TIMESTAMP,
  PRIMARY KEY (`id`)
) ENGINE=InnoDB AUTO_INCREMENT=2 DEFAULT CHARSET=utf8mb4 COLLATE=utf8mb4_0900_ai_ci;
/*!40101 SET character_set_client = @saved_cs_client */;

LOCK TABLES `article_pages` WRITE;
/*!40000 ALTER TABLE `article_pages` DISABLE KEYS */;
INSERT INTO `article_pages` VALUES (1,'2021-05-20 08:28:53',1,1,'2021-05-20 08:28:51','2021-05-20 08:28:53');
/*!40000 ALTER TABLE `article_pages` ENABLE KEYS */;
UNLOCK TABLES;
DROP TABLE IF EXISTS `article_pages_components`;
/*!40101 SET @saved_cs_client     = @@character_set_client */;
/*!50503 SET character_set_client = utf8mb4 */;
CREATE TABLE `article_pages_components` (
  `id` int unsigned NOT NULL AUTO_INCREMENT,
  `field` varchar(255) NOT NULL,
  `order` int unsigned NOT NULL,
  `component_type` varchar(255) NOT NULL,
  `component_id` int NOT NULL,
  `article_page_id` int unsigned NOT NULL,
  PRIMARY KEY (`id`),
  KEY `article_page_id_fk` (`article_page_id`),
  CONSTRAINT `article_page_id_fk` FOREIGN KEY (`article_page_id`) REFERENCES `article_pages` (`id`) ON DELETE CASCADE
) ENGINE=InnoDB AUTO_INCREMENT=2 DEFAULT CHARSET=utf8mb4 COLLATE=utf8mb4_0900_ai_ci;
/*!40101 SET character_set_client = @saved_cs_client */;

LOCK TABLES `article_pages_components` WRITE;
/*!40000 ALTER TABLE `article_pages_components` DISABLE KEYS */;
INSERT INTO `article_pages_components` VALUES (1,'hero',1,'components_section_heroes',3,1);
/*!40000 ALTER TABLE `article_pages_components` ENABLE KEYS */;
UNLOCK TABLES;
DROP TABLE IF EXISTS `articles`;
/*!40101 SET @saved_cs_client     = @@character_set_client */;
/*!50503 SET character_set_client = utf8mb4 */;
CREATE TABLE `articles` (
  `id` int unsigned NOT NULL AUTO_INCREMENT,
  `featured` tinyint(1) DEFAULT NULL,
  `published_at` datetime DEFAULT NULL,
  `created_by` int DEFAULT NULL,
  `updated_by` int DEFAULT NULL,
  `created_at` timestamp NULL DEFAULT CURRENT_TIMESTAMP,
  `updated_at` timestamp NULL DEFAULT CURRENT_TIMESTAMP,
  `title` varchar(255) DEFAULT NULL,
  `subTitle` varchar(255) DEFAULT NULL,
  `longSubtitle` longtext,
  `headerTitle` varchar(255) DEFAULT NULL,
  `headerSubTitle` varchar(255) DEFAULT NULL,
  `headerLongSubtitle` longtext,
  `author` varchar(255) DEFAULT NULL,
  `users_permissions_user` int DEFAULT NULL,
  `users` int DEFAULT NULL,
  `user` int DEFAULT NULL,
  `admin_user` int DEFAULT NULL,
  PRIMARY KEY (`id`)
) ENGINE=InnoDB AUTO_INCREMENT=17 DEFAULT CHARSET=utf8mb4 COLLATE=utf8mb4_0900_ai_ci;
/*!40101 SET character_set_client = @saved_cs_client */;

LOCK TABLES `articles` WRITE;
/*!40000 ALTER TABLE `articles` DISABLE KEYS */;
INSERT INTO `articles` VALUES (1,1,'2021-05-21 07:33:44',1,1,'2021-05-19 13:47:19','2021-05-27 10:58:46','dfilgjsdfjig','asdfadbasd',NULL,'Lorem ipsum dolor sit, amet consectetur adipi  kal','Lorem ipsum dolor sit, amet consectetur adipiscing elit, sed do eiusmod tempor incididunt labore dolore magna.','Lorem ipsum dolor sit amet consectetur adipiscing elit sodales primis, mollis viverra conubia ligula inceptos laoreet libero tortor, nascetur non habitasse iaculis tempor nec egestas fames augue, platea porta integer nostra curae sed arcu. Nec ut diam vulputate ante scelerisque ridiculus lobortis orci mi curae himenaeos quis, senectus curabitur ullamcorper a porttitor nibh fermentum nisi cum morbi aliquam. Vitae pretium vestibulum dui gravida in potenti interdum.',NULL,NULL,NULL,1,NULL),(2,1,'2021-05-20 06:55:16',1,1,'2021-05-20 06:54:47','2021-05-27 10:58:52',NULL,NULL,NULL,'Lorem ipsum dolor sit, amet consectetur adipi ','Lorem ipsum dolor sit, amet consectetur adipiscing elit, sed do eiusmod tempor incididunt labore dolore magna.','Lorem ipsum dolor sit amet consectetur adipiscing elit sodales primis, mollis viverra conubia ligula inceptos laoreet libero tortor, nascetur non habitasse iaculis tempor nec egestas fames augue, platea porta integer nostra curae sed arcu. Nec ut diam vulputate ante scelerisque ridiculus lobortis orci mi curae himenaeos quis, senectus curabitur ullamcorper a porttitor nibh fermentum nisi cum morbi aliquam. Vitae pretium vestibulum dui gravida in potenti interdum.',NULL,NULL,NULL,1,NULL),(3,1,'2021-05-20 06:56:26',1,1,'2021-05-20 06:55:57','2021-06-28 07:21:33',NULL,NULL,NULL,'Lorem ipsum dolor sit, amet consectetur adipi ','Lorem ipsum dolor sit, amet consectetur adipiscing elit, sed do eiusmod tempor incididunt labore dolore magna.','Lorem ipsum dolor sit amet consectetur adipiscing elit sodales primis, mollis viverra conubia ligula inceptos laoreet libero tortor, nascetur non habitasse iaculis tempor nec egestas fames augue, platea porta integer nostra curae sed arcu. Nec ut diam vulputate ante scelerisque ridiculus lobortis orci mi curae himenaeos quis, senectus curabitur ullamcorper a porttitor nibh fermentum nisi cum morbi aliquam. Vitae pretium vestibulum dui gravida in potenti interdum.',NULL,NULL,NULL,1,NULL),(4,0,'2021-05-20 06:57:10',1,1,'2021-05-20 06:57:09','2021-05-27 10:59:08',NULL,NULL,NULL,'Lorem ipsum dolor sit, amet consectetur adipi ','Lorem ipsum dolor sit, amet consectetur adipiscing elit, sed do eiusmod tempor incididunt labore dolore magna.','Lorem ipsum dolor sit amet consectetur adipiscing elit sodales primis, mollis viverra conubia ligula inceptos laoreet libero tortor, nascetur non habitasse iaculis tempor nec egestas fames augue, platea porta integer nostra curae sed arcu. Nec ut diam vulputate ante scelerisque ridiculus lobortis orci mi curae himenaeos quis, senectus curabitur ullamcorper a porttitor nibh fermentum nisi cum morbi aliquam. Vitae pretium vestibulum dui gravida in potenti interdum.',NULL,NULL,NULL,1,NULL),(5,0,'2021-05-21 07:35:20',2,1,'2021-05-21 07:35:17','2021-05-27 10:59:26',NULL,NULL,NULL,'Lorem ipsum dolor sit, amet consectetur adipi ','Lorem ipsum dolor sit, amet consectetur adipiscing elit, sed do eiusmod tempor incididunt labore dolore magna.','Lorem ipsum dolor sit amet consectetur adipiscing elit sodales primis, mollis viverra conubia ligula inceptos laoreet libero tortor, nascetur non habitasse iaculis tempor nec egestas fames augue, platea porta integer nostra curae sed arcu. Nec ut diam vulputate ante scelerisque ridiculus lobortis orci mi curae himenaeos quis, senectus curabitur ullamcorper a porttitor nibh fermentum nisi cum morbi aliquam. Vitae pretium vestibulum dui gravida in potenti interdum.',NULL,NULL,NULL,1,NULL),(6,1,'2021-05-21 13:28:19',1,1,'2021-05-21 13:28:04','2021-06-28 07:21:57',NULL,NULL,NULL,'Lorem ipsum dolor sit, amet consectetur adipi ','Lorem ipsum dolor sit, amet consectetur adipiscing elit, sed do eiusmod tempor incididunt labore dolore magna.','Lorem ipsum dolor sit amet consectetur adipiscing elit sodales primis, mollis viverra conubia ligula inceptos laoreet libero tortor, nascetur non habitasse iaculis tempor nec egestas fames augue, platea porta integer nostra curae sed arcu. Nec ut diam vulputate ante scelerisque ridiculus lobortis orci mi curae himenaeos quis, senectus curabitur ullamcorper a porttitor nibh fermentum nisi cum morbi aliquam. Vitae pretium vestibulum dui gravida in potenti interdum.',NULL,NULL,NULL,1,NULL),(7,0,'2021-05-27 06:44:32',1,1,'2021-05-27 06:44:25','2021-05-27 10:59:34',NULL,NULL,NULL,'Lorem ipsum dolor sit, amet consectetur adipi ','Lorem ipsum dolor sit, amet consectetur adipiscing elit, sed do eiusmod tempor incididunt labore dolore magna.','Lorem ipsum dolor sit, amet consectetur adipiscing elit, sed do eiusmod tempor incididunt labore dolore magna.',NULL,NULL,NULL,1,NULL),(8,0,'2021-05-27 06:46:03',2,1,'2021-05-27 06:45:47','2021-05-27 11:00:13',NULL,NULL,NULL,'Lorem ipsum dolor sit, amet consectetur adipi ','Lorem ipsum dolor sit, amet consectetur adipiscing elit, sed do eiusmod tempor incididunt labore dolore magna.','Lorem ipsum dolor sit, amet consectetur adipiscing elit, sed do eiusmod tempor incididunt labore dolore magna.',NULL,NULL,NULL,1,NULL),(9,0,'2021-05-27 06:54:03',1,1,'2021-05-27 06:53:58','2021-05-27 11:00:20',NULL,NULL,NULL,'Lorem ipsum dolor sit, amet consectetur adipi ','Lorem ipsum dolor sit, amet consectetur adipiscing elit, sed do eiusmod tempor incididunt labore dolore magna.','Lorem ipsum dolor sit, amet consectetur adipiscing elit, sed do eiusmod tempor incididunt labore dolore magna.',NULL,NULL,NULL,1,NULL),(10,0,'2021-05-27 07:42:29',1,1,'2021-05-27 07:41:06','2021-05-27 11:00:29',NULL,NULL,NULL,'Lorem ipsum dolor sit, amet consectetur adipi ','Lorem ipsum dolor sit, amet consectetur adipiscing elit, sed do eiusmod tempor incididunt labore dolore magna.','Lorem ipsum dolor sit, amet consectetur adipiscing elit, sed do eiusmod tempor incididunt labore dolore magna.',NULL,NULL,NULL,1,NULL),(11,0,'2021-05-27 07:43:23',1,1,'2021-05-27 07:43:12','2021-05-27 11:24:00',NULL,NULL,NULL,'Lorem ipsum dolor sit, amet consectetur adipi ','Lorem ipsum dolor sit, amet consectetur adipiscing elit, sed do eiusmod tempor incididunt labore dolore magna.','Lorem ipsum dolor sit, amet consectetur adipiscing elit, sed do eiusmod tempor incididunt labore dolore magna.',NULL,NULL,NULL,2,NULL),(12,0,'2021-05-27 07:53:21',1,1,'2021-05-27 07:53:15','2021-05-27 11:24:08',NULL,NULL,NULL,'Lorem ipsum dolor sit, amet consectetur adipi ','Lorem ipsum dolor sit, amet consectetur adipiscing elit, sed do eiusmod tempor incididunt labore dolore magna.','Lorem ipsum dolor sit, amet consectetur adipiscing elit, sed do eiusmod tempor incididunt labore dolore magna.',NULL,NULL,NULL,1,NULL),(13,0,'2021-05-27 07:56:20',1,1,'2021-05-27 07:56:03','2021-05-27 11:24:16',NULL,NULL,NULL,'Lorem ipsum dolor sit, amet consectetur adipi ','Lorem ipsum dolor sit, amet consectetur adipiscing elit, sed do eiusmod tempor incididunt labore dolore magna.','Lorem ipsum dolor sit, amet consectetur adipiscing elit, sed do eiusmod tempor incididunt labore dolore magna.',NULL,NULL,NULL,2,NULL),(14,0,'2021-05-27 11:24:32',1,1,'2021-05-27 07:59:56','2021-05-27 11:24:33',NULL,NULL,NULL,'Lorem ipsum dolor sit, amet consectetur adipi ','Lorem ipsum dolor sit, amet consectetur adipiscing elit, sed do eiusmod tempor incididunt labore dolore magna.','Lorem ipsum dolor sit, amet consectetur adipiscing elit, sed do eiusmod tempor incididunt labore dolore magna.',NULL,NULL,NULL,2,NULL),(15,0,'2021-05-27 08:35:53',1,1,'2021-05-27 08:34:44','2021-05-27 11:24:24',NULL,NULL,NULL,'Lorem ipsum dolor sit, amet consectetur adipi ','Lorem ipsum dolor sit, amet consectetur adipiscing elit, sed do eiusmod tempor incididunt labore dolore magna.','Lorem ipsum dolor sit, amet consectetur adipiscing elit, sed do eiusmod tempor incididunt labore dolore magna.',NULL,NULL,NULL,2,NULL),(16,0,'2021-06-29 06:14:51',1,1,'2021-06-29 06:14:48','2021-06-29 06:23:48',NULL,NULL,NULL,'Lorem ipsum dolor sit, amet consectetur adipi ','Lorem ipsum dolor sit, amet consectetur adipiscing elit, sed do eiusmod tempor incididunt labore dolore magna.','Lorem ipsum dolor sit, amet consectetur adipiscing elit, sed do eiusmod tempor incididunt labore dolore magna. Lorem ipsum dolor sit, amet consectetur adipiscing elit, sed do eiusmod tempor incididunt labore dolore magna.',NULL,NULL,NULL,NULL,NULL);
/*!40000 ALTER TABLE `articles` ENABLE KEYS */;
UNLOCK TABLES;
DROP TABLE IF EXISTS `articles_components`;
/*!40101 SET @saved_cs_client     = @@character_set_client */;
/*!50503 SET character_set_client = utf8mb4 */;
CREATE TABLE `articles_components` (
  `id` int unsigned NOT NULL AUTO_INCREMENT,
  `field` varchar(255) NOT NULL,
  `order` int unsigned NOT NULL,
  `component_type` varchar(255) NOT NULL,
  `component_id` int NOT NULL,
  `article_id` int unsigned NOT NULL,
  PRIMARY KEY (`id`),
  KEY `article_id_fk` (`article_id`),
  CONSTRAINT `article_id_fk` FOREIGN KEY (`article_id`) REFERENCES `articles` (`id`) ON DELETE CASCADE
) ENGINE=InnoDB AUTO_INCREMENT=21 DEFAULT CHARSET=utf8mb4 COLLATE=utf8mb4_0900_ai_ci;
/*!40101 SET character_set_client = @saved_cs_client */;

LOCK TABLES `articles_components` WRITE;
/*!40000 ALTER TABLE `articles_components` DISABLE KEYS */;
INSERT INTO `articles_components` VALUES (1,'body',1,'components_text_paragraphs',4,1),(2,'body',4,'components_text_media',1,1),(3,'header',1,'components_article_headers',1,1),(4,'header',1,'components_article_headers',2,2),(5,'header',1,'components_article_headers',3,3),(6,'header',1,'components_article_headers',4,4),(7,'body',2,'components_text_paragraphs',11,1),(8,'body',3,'components_text_quotes',1,1),(9,'body',5,'components_text_paragraphs',12,1),(10,'body',6,'components_text_paragraphs',13,1),(11,'body',7,'components_text_quotes',2,1),(12,'body',8,'components_text_paragraphs',14,1),(13,'body',9,'components_text_paragraphs',15,1),(14,'header',1,'components_article_headers',5,5),(15,'header',1,'components_article_headers',6,6),(16,'body',1,'components_text_paragraphs',18,16),(17,'body',2,'components_text_paragraphs',19,16),(18,'body',3,'components_text_quotes',3,16),(19,'body',4,'components_text_paragraphs',20,16),(20,'body',5,'components_text_media',2,16);
/*!40000 ALTER TABLE `articles_components` ENABLE KEYS */;
UNLOCK TABLES;
DROP TABLE IF EXISTS `articles_pages`;
/*!40101 SET @saved_cs_client     = @@character_set_client */;
/*!50503 SET character_set_client = utf8mb4 */;
CREATE TABLE `articles_pages` (
  `id` int unsigned NOT NULL AUTO_INCREMENT,
  `published_at` datetime DEFAULT NULL,
  `created_by` int DEFAULT NULL,
  `updated_by` int DEFAULT NULL,
  `created_at` timestamp NULL DEFAULT CURRENT_TIMESTAMP,
  `updated_at` timestamp NULL DEFAULT CURRENT_TIMESTAMP,
  PRIMARY KEY (`id`)
) ENGINE=InnoDB DEFAULT CHARSET=utf8mb4 COLLATE=utf8mb4_0900_ai_ci;
/*!40101 SET character_set_client = @saved_cs_client */;

LOCK TABLES `articles_pages` WRITE;
/*!40000 ALTER TABLE `articles_pages` DISABLE KEYS */;
/*!40000 ALTER TABLE `articles_pages` ENABLE KEYS */;
UNLOCK TABLES;
DROP TABLE IF EXISTS `articles_pages_components`;
/*!40101 SET @saved_cs_client     = @@character_set_client */;
/*!50503 SET character_set_client = utf8mb4 */;
CREATE TABLE `articles_pages_components` (
  `id` int unsigned NOT NULL AUTO_INCREMENT,
  `field` varchar(255) NOT NULL,
  `order` int unsigned NOT NULL,
  `component_type` varchar(255) NOT NULL,
  `component_id` int NOT NULL,
  `articles_page_id` int unsigned NOT NULL,
  PRIMARY KEY (`id`),
  KEY `articles_page_id_fk` (`articles_page_id`),
  CONSTRAINT `articles_page_id_fk` FOREIGN KEY (`articles_page_id`) REFERENCES `articles_pages` (`id`) ON DELETE CASCADE
) ENGINE=InnoDB DEFAULT CHARSET=utf8mb4 COLLATE=utf8mb4_0900_ai_ci;
/*!40101 SET character_set_client = @saved_cs_client */;

LOCK TABLES `articles_pages_components` WRITE;
/*!40000 ALTER TABLE `articles_pages_components` DISABLE KEYS */;
/*!40000 ALTER TABLE `articles_pages_components` ENABLE KEYS */;
UNLOCK TABLES;
DROP TABLE IF EXISTS `become_a_driver_pages`;
/*!40101 SET @saved_cs_client     = @@character_set_client */;
/*!50503 SET character_set_client = utf8mb4 */;
CREATE TABLE `become_a_driver_pages` (
  `id` int unsigned NOT NULL AUTO_INCREMENT,
  `published_at` datetime DEFAULT NULL,
  `created_by` int DEFAULT NULL,
  `updated_by` int DEFAULT NULL,
  `created_at` timestamp NULL DEFAULT CURRENT_TIMESTAMP,
  `updated_at` timestamp NULL DEFAULT CURRENT_TIMESTAMP,
  `ourTeamSectionTitle` varchar(255) DEFAULT NULL,
  `ourTeamSectionSubTitle` longtext,
  `requirmentSectionTitle` varchar(255) DEFAULT NULL,
  `requirmentSectionSubTitle` longtext,
  `safetySectionTitle` varchar(255) DEFAULT NULL,
  `safetySectionSubTitle` longtext,
  `getStartedSectionTitle` varchar(255) DEFAULT NULL,
  `workFreedomSectionTitle` varchar(255) DEFAULT NULL,
  `workFreedomSectionSubTitle` longtext,
  PRIMARY KEY (`id`)
) ENGINE=InnoDB AUTO_INCREMENT=2 DEFAULT CHARSET=utf8mb4 COLLATE=utf8mb4_0900_ai_ci;
/*!40101 SET character_set_client = @saved_cs_client */;

LOCK TABLES `become_a_driver_pages` WRITE;
/*!40000 ALTER TABLE `become_a_driver_pages` DISABLE KEYS */;
INSERT INTO `become_a_driver_pages` VALUES (1,'2021-05-20 08:49:52',1,1,'2021-05-20 08:49:51','2021-05-24 07:09:54','Our Team','Our company is ran by the best and brightest team in the industy.','Application Requirments','With simple steps to register and minimum requirements, you can be partners with us today. Below are the documents required from the driver upon registration.','Taxiye Safety Center','\nOur safety standards make sure that your employees are comfortable and secure throughout the trip!','What are you waiting for? Start today.','Our Team','Our company is ran by the best and brightest team in the industy.');
/*!40000 ALTER TABLE `become_a_driver_pages` ENABLE KEYS */;
UNLOCK TABLES;
DROP TABLE IF EXISTS `become_a_driver_pages_components`;
/*!40101 SET @saved_cs_client     = @@character_set_client */;
/*!50503 SET character_set_client = utf8mb4 */;
CREATE TABLE `become_a_driver_pages_components` (
  `id` int unsigned NOT NULL AUTO_INCREMENT,
  `field` varchar(255) NOT NULL,
  `order` int unsigned NOT NULL,
  `component_type` varchar(255) NOT NULL,
  `component_id` int NOT NULL,
  `become_a_driver_page_id` int unsigned NOT NULL,
  PRIMARY KEY (`id`),
  KEY `become_a_driver_page_id_fk` (`become_a_driver_page_id`),
  CONSTRAINT `become_a_driver_page_id_fk` FOREIGN KEY (`become_a_driver_page_id`) REFERENCES `become_a_driver_pages` (`id`) ON DELETE CASCADE
) ENGINE=InnoDB AUTO_INCREMENT=2 DEFAULT CHARSET=utf8mb4 COLLATE=utf8mb4_0900_ai_ci;
/*!40101 SET character_set_client = @saved_cs_client */;

LOCK TABLES `become_a_driver_pages_components` WRITE;
/*!40000 ALTER TABLE `become_a_driver_pages_components` DISABLE KEYS */;
INSERT INTO `become_a_driver_pages_components` VALUES (1,'hero',1,'components_section_heroes',7,1);
/*!40000 ALTER TABLE `become_a_driver_pages_components` ENABLE KEYS */;
UNLOCK TABLES;
DROP TABLE IF EXISTS `components_address_list_contents`;
/*!40101 SET @saved_cs_client     = @@character_set_client */;
/*!50503 SET character_set_client = utf8mb4 */;
CREATE TABLE `components_address_list_contents` (
  `id` int unsigned NOT NULL AUTO_INCREMENT,
  `title` varchar(255) DEFAULT NULL,
  `subTitle` varchar(255) DEFAULT NULL,
  PRIMARY KEY (`id`)
) ENGINE=InnoDB AUTO_INCREMENT=7 DEFAULT CHARSET=utf8mb4 COLLATE=utf8mb4_0900_ai_ci;
/*!40101 SET character_set_client = @saved_cs_client */;

LOCK TABLES `components_address_list_contents` WRITE;
/*!40000 ALTER TABLE `components_address_list_contents` DISABLE KEYS */;
INSERT INTO `components_address_list_contents` VALUES (1,'Monday - Friday','8 am - 5 pm\"'),(2,'Saturday','8 am - 12 pm'),(3,'info@elnetech.com','6055 - Free call 24/7'),(4,'Monday - Friday','8 am - 5 pm'),(5,'Saturday','8 am - 12 pm'),(6,NULL,NULL);
/*!40000 ALTER TABLE `components_address_list_contents` ENABLE KEYS */;
UNLOCK TABLES;
DROP TABLE IF EXISTS `components_address_lists`;
/*!40101 SET @saved_cs_client     = @@character_set_client */;
/*!50503 SET character_set_client = utf8mb4 */;
CREATE TABLE `components_address_lists` (
  `id` int unsigned NOT NULL AUTO_INCREMENT,
  `title` varchar(255) DEFAULT NULL,
  `header` varchar(255) DEFAULT NULL,
  PRIMARY KEY (`id`)
) ENGINE=InnoDB AUTO_INCREMENT=7 DEFAULT CHARSET=utf8mb4 COLLATE=utf8mb4_0900_ai_ci;
/*!40101 SET character_set_client = @saved_cs_client */;

LOCK TABLES `components_address_lists` WRITE;
/*!40000 ALTER TABLE `components_address_lists` DISABLE KEYS */;
INSERT INTO `components_address_lists` VALUES (1,NULL,'Open Hours'),(2,NULL,'Contact Support'),(3,NULL,'Open Hours'),(4,NULL,'Contact Support'),(5,NULL,'Open Hours'),(6,NULL,'Contact Support');
/*!40000 ALTER TABLE `components_address_lists` ENABLE KEYS */;
UNLOCK TABLES;
DROP TABLE IF EXISTS `components_address_lists_components`;
/*!40101 SET @saved_cs_client     = @@character_set_client */;
/*!50503 SET character_set_client = utf8mb4 */;
CREATE TABLE `components_address_lists_components` (
  `id` int unsigned NOT NULL AUTO_INCREMENT,
  `field` varchar(255) NOT NULL,
  `order` int unsigned NOT NULL,
  `component_type` varchar(255) NOT NULL,
  `component_id` int NOT NULL,
  `components_address_list_id` int unsigned NOT NULL,
  PRIMARY KEY (`id`),
  KEY `components_address_list_id_fk` (`components_address_list_id`),
  CONSTRAINT `components_address_list_id_fk` FOREIGN KEY (`components_address_list_id`) REFERENCES `components_address_lists` (`id`) ON DELETE CASCADE
) ENGINE=InnoDB AUTO_INCREMENT=16 DEFAULT CHARSET=utf8mb4 COLLATE=utf8mb4_0900_ai_ci;
/*!40101 SET character_set_client = @saved_cs_client */;

LOCK TABLES `components_address_lists_components` WRITE;
/*!40000 ALTER TABLE `components_address_lists_components` DISABLE KEYS */;
INSERT INTO `components_address_lists_components` VALUES (1,'content',1,'components_address_list_contents',1,1),(2,'content',2,'components_address_list_contents',2,1),(3,'content',1,'components_address_list_contents',3,2),(7,'content',1,'components_open_hour_list_contents',1,3),(8,'content',2,'components_open_hour_list_contents',2,3),(9,'content',1,'components_open_hour_list_contents',3,4),(10,'content',2,'components_open_hour_list_contents',4,4),(11,'content',1,'components_open_hour_list_contents',5,5),(12,'content',2,'components_open_hour_list_contents',6,5),(13,'content',3,'components_open_hour_list_contents',7,5),(14,'content',1,'components_open_hour_list_contents',8,6),(15,'content',2,'components_open_hour_list_contents',9,6);
/*!40000 ALTER TABLE `components_address_lists_components` ENABLE KEYS */;
UNLOCK TABLES;
DROP TABLE IF EXISTS `components_article_headers`;
/*!40101 SET @saved_cs_client     = @@character_set_client */;
/*!50503 SET character_set_client = utf8mb4 */;
CREATE TABLE `components_article_headers` (
  `id` int unsigned NOT NULL AUTO_INCREMENT,
  `title` varchar(255) DEFAULT NULL,
  `subTite` varchar(255) DEFAULT NULL,
  `subTitle` varchar(255) DEFAULT NULL,
  `longSubTitle` longtext,
  PRIMARY KEY (`id`)
) ENGINE=InnoDB AUTO_INCREMENT=7 DEFAULT CHARSET=utf8mb4 COLLATE=utf8mb4_0900_ai_ci;
/*!40101 SET character_set_client = @saved_cs_client */;

LOCK TABLES `components_article_headers` WRITE;
/*!40000 ALTER TABLE `components_article_headers` DISABLE KEYS */;
INSERT INTO `components_article_headers` VALUES (1,'Lorem ipsum dolor sit, amet consectetur adipi ',NULL,'Lorem ipsum dolor sit, amet consectetur adipiscing elit, sed do eiusmod tempor incididunt labore dolore magna.','Lorem ipsum dolor sit amet consectetur adipiscing elit sodales primis, mollis viverra conubia ligula inceptos laoreet libero tortor, nascetur non habitasse iaculis tempor nec egestas fames augue, platea porta integer nostra curae sed arcu. Nec ut diam vulputate ante scelerisque ridiculus lobortis orci mi curae himenaeos quis, senectus curabitur ullamcorper a porttitor nibh fermentum nisi cum morbi aliquam. Vitae pretium vestibulum dui gravida in potenti interdum.'),(2,'Lorem ipsum dolor sit, amet consectetur adipi ',NULL,'Lorem ipsum dolor sit, amet consectetur adipiscing elit, sed do eiusmod tempor incididunt labore dolore magna.',' Lorem ipsum dolor sit amet consectetur adipiscing elit sodales primis, mollis viverra conubia ligula inceptos laoreet libero tortor, nascetur non habitasse iaculis tempor nec egestas fames augue, platea porta integer nostra curae sed arcu. Nec ut diam vulputate ante scelerisque ridiculus lobortis orci mi curae himenaeos quis, senectus curabitur ullamcorper a porttitor nibh fermentum nisi cum morbi aliquam. Vitae pretium vestibulum dui gravida in potenti interdum.'),(3,'Lorem ipsum dolor sit, amet consectetur adipi ',NULL,'Lorem ipsum dolor sit, amet consectetur adipiscing elit, sed do eiusmod tempor incididunt labore dolore magna.','Lorem ipsum dolor sit amet consectetur adipiscing elit sodales primis, mollis viverra conubia ligula inceptos laoreet libero tortor, nascetur non habitasse iaculis tempor nec egestas fames augue, platea porta integer nostra curae sed arcu. Nec ut diam vulputate ante scelerisque ridiculus lobortis orci mi curae himenaeos quis, senectus curabitur ullamcorper a porttitor nibh fermentum nisi cum morbi aliquam. Vitae pretium vestibulum dui gravida in potenti interdum.'),(4,'Lorem ipsum dolor sit, amet consectetur adipi ',NULL,'Lorem ipsum dolor sit, amet consectetur adipiscing elit, sed do eiusmod tempor incididunt labore dolore magna.','Lorem ipsum dolor sit amet consectetur adipiscing elit sodales primis, mollis viverra conubia ligula inceptos laoreet libero tortor, nascetur non habitasse iaculis tempor nec egestas fames augue, platea porta integer nostra curae sed arcu. Nec ut diam vulputate ante scelerisque ridiculus lobortis orci mi curae himenaeos quis, senectus curabitur ullamcorper a porttitor nibh fermentum nisi cum morbi aliquam. Vitae pretium vestibulum dui gravida in potenti interdum.'),(5,'Lorem ipsum dolor sit, amet consectetur adipi ',NULL,'Lorem ipsum dolor sit, amet consectetur adipiscing elit, sed do eiusmod tempor incididunt labore dolore magna.',NULL),(6,'Lorem ipsum dolor sit, amet consectetur adipi ',NULL,'Lorem ipsum dolor sit, amet consectetur adipiscing elit, sed do eiusmod tempor incididunt labore dolore magna.',NULL);
/*!40000 ALTER TABLE `components_article_headers` ENABLE KEYS */;
UNLOCK TABLES;
DROP TABLE IF EXISTS `components_open_hour_list_contents`;
/*!40101 SET @saved_cs_client     = @@character_set_client */;
/*!50503 SET character_set_client = utf8mb4 */;
CREATE TABLE `components_open_hour_list_contents` (
  `id` int unsigned NOT NULL AUTO_INCREMENT,
  `title` varchar(255) DEFAULT NULL,
  `subTitle` varchar(255) DEFAULT NULL,
  `description` varchar(255) DEFAULT NULL,
  PRIMARY KEY (`id`)
) ENGINE=InnoDB AUTO_INCREMENT=10 DEFAULT CHARSET=utf8mb4 COLLATE=utf8mb4_0900_ai_ci;
/*!40101 SET character_set_client = @saved_cs_client */;

LOCK TABLES `components_open_hour_list_contents` WRITE;
/*!40000 ALTER TABLE `components_open_hour_list_contents` DISABLE KEYS */;
INSERT INTO `components_open_hour_list_contents` VALUES (1,'Monday - Friday',NULL,'8 am - 5 pm'),(2,'Saturday',NULL,'8 am - 12 pm'),(3,'info@elnetech.com',NULL,'email'),(4,'6055 - Free call 24/7',NULL,'Telephone line'),(5,'',NULL,NULL),(6,'Monday - Friday',NULL,'8 am - 5 pm'),(7,'Saturday',NULL,'8 am - 12 pm'),(8,'info@elnetech.com',NULL,'email'),(9,'6055 - Free call 24/7',NULL,'Telephone line');
/*!40000 ALTER TABLE `components_open_hour_list_contents` ENABLE KEYS */;
UNLOCK TABLES;
DROP TABLE IF EXISTS `components_section_heroes`;
/*!40101 SET @saved_cs_client     = @@character_set_client */;
/*!50503 SET character_set_client = utf8mb4 */;
CREATE TABLE `components_section_heroes` (
  `id` int unsigned NOT NULL AUTO_INCREMENT,
  `title` varchar(255) DEFAULT NULL,
  `subTitle` varchar(255) DEFAULT NULL,
  PRIMARY KEY (`id`)
) ENGINE=InnoDB AUTO_INCREMENT=12 DEFAULT CHARSET=utf8mb4 COLLATE=utf8mb4_0900_ai_ci;
/*!40101 SET character_set_client = @saved_cs_client */;

LOCK TABLES `components_section_heroes` WRITE;
/*!40000 ALTER TABLE `components_section_heroes` DISABLE KEYS */;
INSERT INTO `components_section_heroes` VALUES (1,'Life is a journey. Enjoy it with Taxiye. ',''),(2,'Best Service, Right Time, Right People.','Lorem ipsum dolor sit amet consectetur adipiscing elit sodales primis, mollis viverra conubia ligula inceptos laoreet.'),(3,'Latest Articles and Updates','Lorem ipsum dolor sit amet consectetur adipiscing elit sodales primis, mollis viverra conubia ligula inceptos laoreet libero tortor'),(4,'Corporate Travel Management - Made Simple!','Let us take care of your enterprise travel.'),(5,'We would love to here from you.','Lorem ipsum dolor sit amet consectetur adipiscing elit sodales primis, mollis viverra conubia ligula inceptos laoreet libero tortor'),(6,'A little bit about us.','get to know us better.'),(7,'Make Money. Earn Respect. Secure Your Future.','Apply now to become a Taxiye driver-partner. '),(8,'Always Moving',NULL),(9,'For managing your corporate travel.',NULL),(11,'For managing your corporate travel.',NULL);
/*!40000 ALTER TABLE `components_section_heroes` ENABLE KEYS */;
UNLOCK TABLES;
DROP TABLE IF EXISTS `components_text_media`;
/*!40101 SET @saved_cs_client     = @@character_set_client */;
/*!50503 SET character_set_client = utf8mb4 */;
CREATE TABLE `components_text_media` (
  `id` int unsigned NOT NULL AUTO_INCREMENT,
  `caption` varchar(255) DEFAULT NULL,
  `meta` varchar(255) DEFAULT NULL,
  PRIMARY KEY (`id`)
) ENGINE=InnoDB AUTO_INCREMENT=3 DEFAULT CHARSET=utf8mb4 COLLATE=utf8mb4_0900_ai_ci;
/*!40101 SET character_set_client = @saved_cs_client */;

LOCK TABLES `components_text_media` WRITE;
/*!40000 ALTER TABLE `components_text_media` DISABLE KEYS */;
INSERT INTO `components_text_media` VALUES (1,'The casket of late U.S. Rep. John Lewis, a pioneer of the civil rights movement who died July 17, is carried outside the Brown Chapel A.M.E. Church, in Selma, Ala., on July 26, 2020.  ','Christopher Aluka Berry / Reuters'),(2,'lorem ipsum dolor sit amet consectetur adipiscing elit sodales primis, mollis viverra conubia ligula inceptos laoreet libero tortor, nascetur non ','Taxiye mobile phone with its map view');
/*!40000 ALTER TABLE `components_text_media` ENABLE KEYS */;
UNLOCK TABLES;
DROP TABLE IF EXISTS `components_text_paragraphs`;
/*!40101 SET @saved_cs_client     = @@character_set_client */;
/*!50503 SET character_set_client = utf8mb4 */;
CREATE TABLE `components_text_paragraphs` (
  `id` int unsigned NOT NULL AUTO_INCREMENT,
  `content` longtext,
  `title` varchar(255) DEFAULT NULL,
  `type` varchar(255) DEFAULT NULL,
  PRIMARY KEY (`id`)
) ENGINE=InnoDB AUTO_INCREMENT=21 DEFAULT CHARSET=utf8mb4 COLLATE=utf8mb4_0900_ai_ci;
/*!40101 SET character_set_client = @saved_cs_client */;

LOCK TABLES `components_text_paragraphs` WRITE;
/*!40000 ALTER TABLE `components_text_paragraphs` DISABLE KEYS */;
INSERT INTO `components_text_paragraphs` VALUES (1,'Lorem ipsum dolor sit amet consectetur adipiscing elit sodales primis, mollis viverra conubia ligula inceptos laoreet libero tortor, nascetur non habitasse iaculis tempor nec egestas fames augue, platea porta integer nostra curae sed arcu. Nec ut diam vulputate ante scelerisque ridiculus lobortis orci mi curae himenaeos quis, senectus curabitur ullamcorper a porttitor nibh fermentum nisi cum morbi aliquam. Vitae pretium vestibulum dui gravida in potenti interdum, class rhoncus neque.','p1',NULL),(2,'Ullamcorper porttitor non pharetra cursus nisl mollis pellentesque primis penatibus platea, dictum himenaeos eget mi bibendum ad molestie aliquet curae quis quisque.','p2',NULL),(3,'Lorem ipsum dolor sit amet consectetur adipiscing elit sodales primis, mollis viverra conubia ligula inceptos laoreet libero tortor, nascetur non habitasse iaculis tempor nec egestas fames augue, platea porta integer nostra curae sed arcu. Nec ut diam vulputate ante scelerisque ridiculus lobortis orci mi curae himenaeos quis, senectus curabitur ullamcorper a porttitor nibh fermentum nisi cum morbi aliquam. Vitae pretium vestibulum dui gravida in potenti interdum, class rhoncus neque.\n',NULL,NULL),(4,'Lorem ipsum dolor sit amet consectetur adipiscing elit sodales primis, mollis viverra conubia ligula inceptos laoreet libero tortor, nascetur non habitasse iaculis tempor nec egestas fames augue, platea porta integer nostra curae sed arcu. Nec ut diam vulputate ante scelerisque ridiculus lobortis orci mi curae himenaeos quis, senectus curabitur ullamcorper a porttitor nibh fermentum nisi cum morbi aliquam. Vitae pretium vestibulum dui gravida in potenti interdum.\n',NULL,NULL),(5,'Lorem ipsum dolor sit amet consectetur adipiscing elit sodales primis, mollis viverra.',NULL,NULL),(6,'Lorem ipsum dolor sit amet consectetur adipiscing elit sodales primis, mollis viverra.',NULL,NULL),(7,'Lorem ipsum dolor sit amet consectetur adipiscing elit sodales primis, mollis viverra.',NULL,NULL),(8,'Travel from city to city with a reasonable price and options like, multiple stops and more.',NULL,NULL),(9,'Lorem ipsum dolor sit amet consectetur adipiscing elit sodales primis, mollis viverra conubia ligula inceptos laoreet libero tortor, nascetur non habitasse iaculis tempor nec egestas fames augue, platea porta integer nostra curae sed arcu. Nec ut diam vulputate ante scelerisque ridiculus lobortis orci mi curae himenaeos quis, senectus curabitur ullamcorper a porttitor nibh fermentum nisi cum morbi aliquam. Vitae pretium vestibulum dui gravida in potenti interdum, class rhoncus neque.\n',NULL,NULL),(10,'Lorem ipsum dolor sit amet consectetur adipiscing elit sodales primis, mollis viverra conubia ligula inceptos laoreet libero tortor, nascetur non habitasse iaculis tempor nec egestas fames augue, platea porta integer nostra curae sed arcu. Nec ut diam vulputate ante scelerisque ridiculus lobortis orci mi curae himenaeos quis, senectus curabitur ullamcorper a porttitor nibh fermentum nisi cum morbi aliquam. Vitae pretium vestibulum dui gravida in potenti interdum, class rhoncus neque.\n',NULL,NULL),(11,'Lorem ipsum dolor sit amet consectetur adipiscing elit sodales primis, mollis viverra conubia ligula inceptos laoreet libero tortor, nascetur non habitasse iaculis tempor nec egestas fames augue, platea porta integer nostra curae sed arcu. Nec ut diam vulputate ante scelerisque ridiculus lobortis orci mi curae himenaeos quis, senectus curabitur ullamcorper a porttitor nibh fermentum nisi cum morbi aliquam. Vitae pretium vestibulum dui gravida in potenti interdum.',NULL,NULL),(12,'Lorem ipsum dolor sit amet consectetur adipiscing elit sodales primis, mollis viverra conubia ligula inceptos laoreet libero tortor, nascetur non habitasse iaculis tempor nec egestas fames augue, platea porta integer nostra curae sed arcu. Nec ut diam vulputate ante scelerisque ridiculus lobortis orci mi curae himenaeos quis, senectus curabitur ullamcorper a porttitor nibh fermentum nisi cum morbi aliquam. Vitae pretium vestibulum dui gravida in potenti interdum.\n',NULL,NULL),(13,'Lorem ipsum dolor sit amet consectetur adipiscing elit sodales primis, mollis viverra conubia ligula inceptos laoreet libero tortor, nascetur non habitasse iaculis tempor nec egestas fames augue, platea porta integer nostra curae sed arcu. Nec ut diam vulputate ante scelerisque ridiculus lobortis orci mi curae himenaeos quis, senectus curabitur ullamcorper a porttitor nibh fermentum nisi cum morbi aliquam. Vitae pretium vestibulum dui gravida in potenti interdum.',NULL,NULL),(14,'Lorem ipsum dolor sit amet consectetur adipiscing elit sodales primis, mollis viverra conubia ligula inceptos laoreet libero tortor, nascetur non habitasse iaculis tempor nec egestas fames augue, platea porta integer nostra curae sed arcu. Nec ut diam vulputate ante scelerisque ridiculus lobortis orci mi curae himenaeos quis, senectus curabitur ullamcorper a porttitor nibh fermentum nisi cum morbi aliquam. Vitae pretium vestibulum dui gravida in potenti interdum.\n',NULL,NULL),(15,'Lorem ipsum dolor sit amet consectetur adipiscing elit sodales primis, mollis viverra conubia ligula inceptos laoreet libero tortor, nascetur non habitasse iaculis tempor nec egestas fames augue, platea porta integer nostra curae sed arcu. Nec ut diam vulputate ante scelerisque ridiculus lobortis orci mi curae himenaeos quis, senectus curabitur ullamcorper a porttitor nibh fermentum nisi cum morbi aliquam. Vitae pretium vestibulum dui gravida in potenti interdum.',NULL,NULL),(16,'\nEl-Taxi Trading has entered the taxi hailing app business market on May 2019. The company has developed an on-demand ride-hailing mobile application under the brand name of \"TAXIYE” provide local taxi drivers with the platform to work in the modem environment and stay competitive in today\'s market. As such we strive to make our company the leading house in ride hailing business and to be the number one choice for customers as a means of transportation.',NULL,NULL),(17,'Taxiye is majorly owned by Elnet Technology Pvt. Ltd. and various taxi associations, the public, and the management of the company. The fact that it has included taxi owners\' associations and the public in its ownership structure enables it to consider the interest of both the drivers and passengers andultimately provide fair service for the public. We would like both the public andour drivers to feel that Taxiye is their company. Our commitment is to get local Ethiopian drivers to join the 21st century byusing the latest technologies in ride hailing applications.',NULL,NULL),(18,'lorem ipsum dolor sit amet consectetur adipiscing elit sodales primis, mollis viverra conubia ligula inceptos laoreet libero tortor, nascetur non habitasse iaculis tempor nec egestas fames augue, platea porta integer nostra curae sed arcu. nec ut diam vulputate ante scelerisque ridiculus lobortis orci mi curae himenaeos quis, senectus curabitur ullamcorper a porttitor nibh fermentum nisi cum morbi aliquam. vitae pretium vestibulum dui gravida in potenti interdum.',NULL,NULL),(19,'lorem ipsum dolor sit amet consectetur adipiscing elit sodales primis, mollis viverra conubia ligula inceptos laoreet libero tortor, nascetur non habitasse iaculis tempor nec egestas fames augue, platea porta integer nostra curae sed arcu. nec ut diam vulputate ante scelerisque ridiculus lobortis orci mi curae himenaeos quis, senectus curabitur ullamcorper a porttitor nibh fermentum nisi cum morbi aliquam. vitae pretium vestibulum dui gravida in potenti interdum.',NULL,NULL),(20,'lorem ipsum dolor sit amet consectetur adipiscing elit sodales primis, mollis viverra conubia ligula inceptos laoreet libero tortor, nascetur non habitasse iaculis tempor nec egestas fames augue, platea porta integer nostra curae sed arcu. nec ut diam vulputate ante scelerisque ridiculus lobortis orci mi curae himenaeos quis, senectus curabitur ullamcorper a porttitor nibh fermentum nisi cum morbi aliquam. vitae pretium vestibulum dui gravida in potenti interdum.',NULL,NULL);
/*!40000 ALTER TABLE `components_text_paragraphs` ENABLE KEYS */;
UNLOCK TABLES;
DROP TABLE IF EXISTS `components_text_quotes`;
/*!40101 SET @saved_cs_client     = @@character_set_client */;
/*!50503 SET character_set_client = utf8mb4 */;
CREATE TABLE `components_text_quotes` (
  `id` int unsigned NOT NULL AUTO_INCREMENT,
  `content` varchar(255) DEFAULT NULL,
  PRIMARY KEY (`id`)
) ENGINE=InnoDB AUTO_INCREMENT=4 DEFAULT CHARSET=utf8mb4 COLLATE=utf8mb4_0900_ai_ci;
/*!40101 SET character_set_client = @saved_cs_client */;

LOCK TABLES `components_text_quotes` WRITE;
/*!40000 ALTER TABLE `components_text_quotes` DISABLE KEYS */;
INSERT INTO `components_text_quotes` VALUES (1,'Solemn crowds watch as Lewis, who died earlier this month at the age of 80, is borne by caisson over Edmund Pettus Bridge'),(2,'Solemn crowds watch as Lewis, who died earlier this month at the age of 80, is borne by caisson over Edmund Pettus Bridge'),(3,'lorem ipsum dolor sit amet consectetur');
/*!40000 ALTER TABLE `components_text_quotes` ENABLE KEYS */;
UNLOCK TABLES;
DROP TABLE IF EXISTS `contact_us_pages`;
/*!40101 SET @saved_cs_client     = @@character_set_client */;
/*!50503 SET character_set_client = utf8mb4 */;
CREATE TABLE `contact_us_pages` (
  `id` int unsigned NOT NULL AUTO_INCREMENT,
  `published_at` datetime DEFAULT NULL,
  `created_by` int DEFAULT NULL,
  `updated_by` int DEFAULT NULL,
  `created_at` timestamp NULL DEFAULT CURRENT_TIMESTAMP,
  `updated_at` timestamp NULL DEFAULT CURRENT_TIMESTAMP,
  `contactUsSectionTitle` varchar(255) DEFAULT NULL,
  `contactUsSectionSubTitle` varchar(255) DEFAULT NULL,
  `officesSectionTitle` varchar(255) DEFAULT NULL,
  `officesSectionSubTitle` varchar(255) DEFAULT NULL,
  PRIMARY KEY (`id`)
) ENGINE=InnoDB AUTO_INCREMENT=2 DEFAULT CHARSET=utf8mb4 COLLATE=utf8mb4_0900_ai_ci;
/*!40101 SET character_set_client = @saved_cs_client */;

LOCK TABLES `contact_us_pages` WRITE;
/*!40000 ALTER TABLE `contact_us_pages` DISABLE KEYS */;
INSERT INTO `contact_us_pages` VALUES (1,'2021-05-20 08:44:37',1,1,'2021-05-20 08:44:35','2021-05-20 13:49:14','Let\'s talk...','Ask us anything or just say hi...','Our Offices','Our doors are open to all. Come and visit us!');
/*!40000 ALTER TABLE `contact_us_pages` ENABLE KEYS */;
UNLOCK TABLES;
DROP TABLE IF EXISTS `contact_us_pages_components`;
/*!40101 SET @saved_cs_client     = @@character_set_client */;
/*!50503 SET character_set_client = utf8mb4 */;
CREATE TABLE `contact_us_pages_components` (
  `id` int unsigned NOT NULL AUTO_INCREMENT,
  `field` varchar(255) NOT NULL,
  `order` int unsigned NOT NULL,
  `component_type` varchar(255) NOT NULL,
  `component_id` int NOT NULL,
  `contact_us_page_id` int unsigned NOT NULL,
  PRIMARY KEY (`id`),
  KEY `contact_us_page_id_fk` (`contact_us_page_id`),
  CONSTRAINT `contact_us_page_id_fk` FOREIGN KEY (`contact_us_page_id`) REFERENCES `contact_us_pages` (`id`) ON DELETE CASCADE
) ENGINE=InnoDB AUTO_INCREMENT=2 DEFAULT CHARSET=utf8mb4 COLLATE=utf8mb4_0900_ai_ci;
/*!40101 SET character_set_client = @saved_cs_client */;

LOCK TABLES `contact_us_pages_components` WRITE;
/*!40000 ALTER TABLE `contact_us_pages_components` DISABLE KEYS */;
INSERT INTO `contact_us_pages_components` VALUES (1,'hero',1,'components_section_heroes',5,1);
/*!40000 ALTER TABLE `contact_us_pages_components` ENABLE KEYS */;
UNLOCK TABLES;
DROP TABLE IF EXISTS `contactuses`;
/*!40101 SET @saved_cs_client     = @@character_set_client */;
/*!50503 SET character_set_client = utf8mb4 */;
CREATE TABLE `contactuses` (
  `id` int unsigned NOT NULL AUTO_INCREMENT,
  `published_at` datetime DEFAULT NULL,
  `created_by` int DEFAULT NULL,
  `updated_by` int DEFAULT NULL,
  `created_at` timestamp NULL DEFAULT CURRENT_TIMESTAMP,
  `updated_at` timestamp NULL DEFAULT CURRENT_TIMESTAMP,
  PRIMARY KEY (`id`)
) ENGINE=InnoDB DEFAULT CHARSET=utf8mb4 COLLATE=utf8mb4_0900_ai_ci;
/*!40101 SET character_set_client = @saved_cs_client */;

LOCK TABLES `contactuses` WRITE;
/*!40000 ALTER TABLE `contactuses` DISABLE KEYS */;
/*!40000 ALTER TABLE `contactuses` ENABLE KEYS */;
UNLOCK TABLES;
DROP TABLE IF EXISTS `contactuses_components`;
/*!40101 SET @saved_cs_client     = @@character_set_client */;
/*!50503 SET character_set_client = utf8mb4 */;
CREATE TABLE `contactuses_components` (
  `id` int unsigned NOT NULL AUTO_INCREMENT,
  `field` varchar(255) NOT NULL,
  `order` int unsigned NOT NULL,
  `component_type` varchar(255) NOT NULL,
  `component_id` int NOT NULL,
  `contactus_id` int unsigned NOT NULL,
  PRIMARY KEY (`id`),
  KEY `contactus_id_fk` (`contactus_id`),
  CONSTRAINT `contactus_id_fk` FOREIGN KEY (`contactus_id`) REFERENCES `contactuses` (`id`) ON DELETE CASCADE
) ENGINE=InnoDB DEFAULT CHARSET=utf8mb4 COLLATE=utf8mb4_0900_ai_ci;
/*!40101 SET character_set_client = @saved_cs_client */;

LOCK TABLES `contactuses_components` WRITE;
/*!40000 ALTER TABLE `contactuses_components` DISABLE KEYS */;
/*!40000 ALTER TABLE `contactuses_components` ENABLE KEYS */;
UNLOCK TABLES;
DROP TABLE IF EXISTS `core_store`;
/*!40101 SET @saved_cs_client     = @@character_set_client */;
/*!50503 SET character_set_client = utf8mb4 */;
CREATE TABLE `core_store` (
  `id` int unsigned NOT NULL AUTO_INCREMENT,
  `key` varchar(255) DEFAULT NULL,
  `value` longtext,
  `type` varchar(255) DEFAULT NULL,
  `environment` varchar(255) DEFAULT NULL,
  `tag` varchar(255) DEFAULT NULL,
  PRIMARY KEY (`id`)
) ENGINE=InnoDB AUTO_INCREMENT=109 DEFAULT CHARSET=utf8mb4 COLLATE=utf8mb4_0900_ai_ci;
/*!40101 SET character_set_client = @saved_cs_client */;

LOCK TABLES `core_store` WRITE;
/*!40000 ALTER TABLE `core_store` DISABLE KEYS */;
INSERT INTO `core_store` VALUES (1,'model_def_strapi::core-store','{\"uid\":\"strapi::core-store\",\"collectionName\":\"core_store\",\"info\":{\"name\":\"core_store\",\"description\":\"\"},\"options\":{\"timestamps\":false},\"pluginOptions\":{\"content-manager\":{\"visible\":false},\"content-type-builder\":{\"visible\":false}},\"attributes\":{\"key\":{\"type\":\"string\"},\"value\":{\"type\":\"text\"},\"type\":{\"type\":\"string\"},\"environment\":{\"type\":\"string\"},\"tag\":{\"type\":\"string\"}}}','object',NULL,NULL),(2,'model_def_strapi::webhooks','{\"uid\":\"strapi::webhooks\",\"collectionName\":\"strapi_webhooks\",\"info\":{\"name\":\"Strapi webhooks\",\"description\":\"\"},\"options\":{\"timestamps\":false},\"pluginOptions\":{\"content-manager\":{\"visible\":false},\"content-type-builder\":{\"visible\":false}},\"attributes\":{\"name\":{\"type\":\"string\"},\"url\":{\"type\":\"text\"},\"headers\":{\"type\":\"json\"},\"events\":{\"type\":\"json\"},\"enabled\":{\"type\":\"boolean\"}}}','object',NULL,NULL),(3,'model_def_strapi::permission','{\"uid\":\"strapi::permission\",\"collectionName\":\"strapi_permission\",\"kind\":\"collectionType\",\"info\":{\"name\":\"Permission\",\"description\":\"\"},\"options\":{\"timestamps\":[\"created_at\",\"updated_at\"]},\"pluginOptions\":{\"content-manager\":{\"visible\":false},\"content-type-builder\":{\"visible\":false}},\"attributes\":{\"action\":{\"type\":\"string\",\"minLength\":1,\"configurable\":false,\"required\":true},\"subject\":{\"type\":\"string\",\"minLength\":1,\"configurable\":false,\"required\":false},\"properties\":{\"type\":\"json\",\"configurable\":false,\"required\":false,\"default\":{}},\"conditions\":{\"type\":\"json\",\"configurable\":false,\"required\":false,\"default\":[]},\"role\":{\"configurable\":false,\"model\":\"role\",\"plugin\":\"admin\"}}}','object',NULL,NULL),(4,'model_def_strapi::role','{\"uid\":\"strapi::role\",\"collectionName\":\"strapi_role\",\"kind\":\"collectionType\",\"info\":{\"name\":\"Role\",\"description\":\"\"},\"options\":{\"timestamps\":[\"created_at\",\"updated_at\"]},\"pluginOptions\":{\"content-manager\":{\"visible\":false},\"content-type-builder\":{\"visible\":false}},\"attributes\":{\"name\":{\"type\":\"string\",\"minLength\":1,\"unique\":true,\"configurable\":false,\"required\":true},\"code\":{\"type\":\"string\",\"minLength\":1,\"unique\":true,\"configurable\":false,\"required\":true},\"description\":{\"type\":\"string\",\"configurable\":false},\"users\":{\"configurable\":false,\"collection\":\"user\",\"via\":\"roles\",\"plugin\":\"admin\",\"attribute\":\"user\",\"column\":\"id\",\"isVirtual\":true},\"permissions\":{\"configurable\":false,\"plugin\":\"admin\",\"collection\":\"permission\",\"via\":\"role\",\"isVirtual\":true}}}','object',NULL,NULL),(5,'model_def_strapi::user','{\"uid\":\"strapi::user\",\"collectionName\":\"strapi_administrator\",\"kind\":\"collectionType\",\"info\":{\"name\":\"User\",\"description\":\"\"},\"options\":{\"timestamps\":false},\"pluginOptions\":{\"content-manager\":{\"visible\":false},\"content-type-builder\":{\"visible\":false}},\"attributes\":{\"firstname\":{\"type\":\"string\",\"unique\":false,\"minLength\":1,\"configurable\":false,\"required\":false},\"lastname\":{\"type\":\"string\",\"unique\":false,\"minLength\":1,\"configurable\":false,\"required\":false},\"username\":{\"type\":\"string\",\"unique\":false,\"configurable\":false,\"required\":false},\"email\":{\"type\":\"email\",\"minLength\":6,\"configurable\":false,\"required\":true,\"unique\":true,\"private\":true},\"password\":{\"type\":\"password\",\"minLength\":6,\"configurable\":false,\"required\":false,\"private\":true},\"resetPasswordToken\":{\"type\":\"string\",\"configurable\":false,\"private\":true},\"registrationToken\":{\"type\":\"string\",\"configurable\":false,\"private\":true},\"isActive\":{\"type\":\"boolean\",\"default\":false,\"configurable\":false,\"private\":true},\"roles\":{\"collection\":\"role\",\"collectionName\":\"strapi_users_roles\",\"via\":\"users\",\"dominant\":true,\"plugin\":\"admin\",\"configurable\":false,\"private\":true,\"attribute\":\"role\",\"column\":\"id\",\"isVirtual\":true},\"blocked\":{\"type\":\"boolean\",\"default\":false,\"configurable\":false,\"private\":true},\"preferedLanguage\":{\"type\":\"string\",\"configurable\":false,\"required\":false}}}','object',NULL,NULL),(6,'model_def_plugins::users-permissions.permission','{\"uid\":\"plugins::users-permissions.permission\",\"collectionName\":\"users-permissions_permission\",\"kind\":\"collectionType\",\"info\":{\"name\":\"permission\",\"description\":\"\"},\"options\":{\"timestamps\":false},\"pluginOptions\":{\"content-manager\":{\"visible\":false}},\"attributes\":{\"type\":{\"type\":\"string\",\"required\":true,\"configurable\":false},\"controller\":{\"type\":\"string\",\"required\":true,\"configurable\":false},\"action\":{\"type\":\"string\",\"required\":true,\"configurable\":false},\"enabled\":{\"type\":\"boolean\",\"required\":true,\"configurable\":false},\"policy\":{\"type\":\"string\",\"configurable\":false},\"role\":{\"model\":\"role\",\"via\":\"permissions\",\"plugin\":\"users-permissions\",\"configurable\":false},\"created_by\":{\"model\":\"user\",\"plugin\":\"admin\",\"configurable\":false,\"writable\":false,\"visible\":false,\"private\":true},\"updated_by\":{\"model\":\"user\",\"plugin\":\"admin\",\"configurable\":false,\"writable\":false,\"visible\":false,\"private\":true}}}','object',NULL,NULL),(7,'model_def_plugins::users-permissions.role','{\"uid\":\"plugins::users-permissions.role\",\"collectionName\":\"users-permissions_role\",\"kind\":\"collectionType\",\"info\":{\"name\":\"role\",\"description\":\"\"},\"options\":{\"timestamps\":false},\"pluginOptions\":{\"content-manager\":{\"visible\":false}},\"attributes\":{\"name\":{\"type\":\"string\",\"minLength\":3,\"required\":true,\"configurable\":false},\"description\":{\"type\":\"string\",\"configurable\":false},\"type\":{\"type\":\"string\",\"unique\":true,\"configurable\":false},\"permissions\":{\"collection\":\"permission\",\"via\":\"role\",\"plugin\":\"users-permissions\",\"configurable\":false,\"isVirtual\":true},\"users\":{\"collection\":\"user\",\"via\":\"role\",\"configurable\":false,\"plugin\":\"users-permissions\",\"isVirtual\":true},\"created_by\":{\"model\":\"user\",\"plugin\":\"admin\",\"configurable\":false,\"writable\":false,\"visible\":false,\"private\":true},\"updated_by\":{\"model\":\"user\",\"plugin\":\"admin\",\"configurable\":false,\"writable\":false,\"visible\":false,\"private\":true}}}','object',NULL,NULL),(8,'model_def_plugins::users-permissions.user','{\"uid\":\"plugins::users-permissions.user\",\"collectionName\":\"users-permissions_user\",\"kind\":\"collectionType\",\"info\":{\"name\":\"user\",\"description\":\"\"},\"options\":{\"draftAndPublish\":false,\"timestamps\":[\"created_at\",\"updated_at\"]},\"attributes\":{\"username\":{\"type\":\"string\",\"minLength\":3,\"unique\":true,\"configurable\":false,\"required\":true},\"email\":{\"type\":\"email\",\"minLength\":6,\"configurable\":false,\"required\":true},\"provider\":{\"type\":\"string\",\"configurable\":false},\"password\":{\"type\":\"password\",\"minLength\":6,\"configurable\":false,\"private\":true},\"resetPasswordToken\":{\"type\":\"string\",\"configurable\":false,\"private\":true},\"confirmationToken\":{\"type\":\"string\",\"configurable\":false,\"private\":true},\"confirmed\":{\"type\":\"boolean\",\"default\":false,\"configurable\":false},\"blocked\":{\"type\":\"boolean\",\"default\":false,\"configurable\":false},\"role\":{\"model\":\"role\",\"via\":\"users\",\"plugin\":\"users-permissions\",\"configurable\":false},\"created_by\":{\"model\":\"user\",\"plugin\":\"admin\",\"configurable\":false,\"writable\":false,\"visible\":false,\"private\":true},\"updated_by\":{\"model\":\"user\",\"plugin\":\"admin\",\"configurable\":false,\"writable\":false,\"visible\":false,\"private\":true}}}','object',NULL,NULL),(9,'model_def_plugins::upload.file','{\"uid\":\"plugins::upload.file\",\"collectionName\":\"upload_file\",\"kind\":\"collectionType\",\"info\":{\"name\":\"file\",\"description\":\"\"},\"options\":{\"timestamps\":[\"created_at\",\"updated_at\"]},\"pluginOptions\":{\"content-manager\":{\"visible\":false},\"content-type-builder\":{\"visible\":false}},\"attributes\":{\"name\":{\"type\":\"string\",\"configurable\":false,\"required\":true},\"alternativeText\":{\"type\":\"string\",\"configurable\":false},\"caption\":{\"type\":\"string\",\"configurable\":false},\"width\":{\"type\":\"integer\",\"configurable\":false},\"height\":{\"type\":\"integer\",\"configurable\":false},\"formats\":{\"type\":\"json\",\"configurable\":false},\"hash\":{\"type\":\"string\",\"configurable\":false,\"required\":true},\"ext\":{\"type\":\"string\",\"configurable\":false},\"mime\":{\"type\":\"string\",\"configurable\":false,\"required\":true},\"size\":{\"type\":\"decimal\",\"configurable\":false,\"required\":true},\"url\":{\"type\":\"string\",\"configurable\":false,\"required\":true},\"previewUrl\":{\"type\":\"string\",\"configurable\":false},\"provider\":{\"type\":\"string\",\"configurable\":false,\"required\":true},\"provider_metadata\":{\"type\":\"json\",\"configurable\":false},\"related\":{\"collection\":\"*\",\"filter\":\"field\",\"configurable\":false},\"created_by\":{\"model\":\"user\",\"plugin\":\"admin\",\"configurable\":false,\"writable\":false,\"visible\":false,\"private\":true},\"updated_by\":{\"model\":\"user\",\"plugin\":\"admin\",\"configurable\":false,\"writable\":false,\"visible\":false,\"private\":true}}}','object',NULL,NULL),(10,'model_def_plugins::i18n.locale','{\"uid\":\"plugins::i18n.locale\",\"collectionName\":\"i18n_locales\",\"kind\":\"collectionType\",\"info\":{\"name\":\"locale\",\"description\":\"\"},\"options\":{\"timestamps\":[\"created_at\",\"updated_at\"]},\"pluginOptions\":{\"content-manager\":{\"visible\":false},\"content-type-builder\":{\"visible\":false}},\"attributes\":{\"name\":{\"type\":\"string\",\"min\":1,\"max\":50,\"configurable\":false},\"code\":{\"type\":\"string\",\"unique\":true,\"configurable\":false},\"created_by\":{\"model\":\"user\",\"plugin\":\"admin\",\"configurable\":false,\"writable\":false,\"visible\":false,\"private\":true},\"updated_by\":{\"model\":\"user\",\"plugin\":\"admin\",\"configurable\":false,\"writable\":false,\"visible\":false,\"private\":true}}}','object',NULL,NULL),(11,'plugin_upload_settings','{\"sizeOptimization\":true,\"responsiveDimensions\":true}','object','development',''),(12,'plugin_users-permissions_grant','{\"email\":{\"enabled\":true,\"icon\":\"envelope\"},\"discord\":{\"enabled\":false,\"icon\":\"discord\",\"key\":\"\",\"secret\":\"\",\"callback\":\"/auth/discord/callback\",\"scope\":[\"identify\",\"email\"]},\"facebook\":{\"enabled\":false,\"icon\":\"facebook-square\",\"key\":\"\",\"secret\":\"\",\"callback\":\"/auth/facebook/callback\",\"scope\":[\"email\"]},\"google\":{\"enabled\":false,\"icon\":\"google\",\"key\":\"\",\"secret\":\"\",\"callback\":\"/auth/google/callback\",\"scope\":[\"email\"]},\"github\":{\"enabled\":false,\"icon\":\"github\",\"key\":\"\",\"secret\":\"\",\"callback\":\"/auth/github/callback\",\"scope\":[\"user\",\"user:email\"]},\"microsoft\":{\"enabled\":false,\"icon\":\"windows\",\"key\":\"\",\"secret\":\"\",\"callback\":\"/auth/microsoft/callback\",\"scope\":[\"user.read\"]},\"twitter\":{\"enabled\":false,\"icon\":\"twitter\",\"key\":\"\",\"secret\":\"\",\"callback\":\"/auth/twitter/callback\"},\"instagram\":{\"enabled\":false,\"icon\":\"instagram\",\"key\":\"\",\"secret\":\"\",\"callback\":\"/auth/instagram/callback\",\"scope\":[\"user_profile\"]},\"vk\":{\"enabled\":false,\"icon\":\"vk\",\"key\":\"\",\"secret\":\"\",\"callback\":\"/auth/vk/callback\",\"scope\":[\"email\"]},\"twitch\":{\"enabled\":false,\"icon\":\"twitch\",\"key\":\"\",\"secret\":\"\",\"callback\":\"/auth/twitch/callback\",\"scope\":[\"user:read:email\"]},\"linkedin\":{\"enabled\":false,\"icon\":\"linkedin\",\"key\":\"\",\"secret\":\"\",\"callback\":\"/auth/linkedin/callback\",\"scope\":[\"r_liteprofile\",\"r_emailaddress\"]},\"cognito\":{\"enabled\":false,\"icon\":\"aws\",\"key\":\"\",\"secret\":\"\",\"subdomain\":\"my.subdomain.com\",\"callback\":\"/auth/cognito/callback\",\"scope\":[\"email\",\"openid\",\"profile\"]},\"reddit\":{\"enabled\":false,\"icon\":\"reddit\",\"key\":\"\",\"secret\":\"\",\"state\":true,\"callback\":\"/auth/reddit/callback\",\"scope\":[\"identity\"]},\"auth0\":{\"enabled\":false,\"icon\":\"\",\"key\":\"\",\"secret\":\"\",\"subdomain\":\"my-tenant.eu\",\"callback\":\"/auth/auth0/callback\",\"scope\":[\"openid\",\"email\",\"profile\"]}}','object','',''),(13,'plugin_content_manager_configuration_content_types::strapi::role','{\"uid\":\"strapi::role\",\"settings\":{\"bulkable\":true,\"filterable\":true,\"searchable\":true,\"pageSize\":10,\"mainField\":\"name\",\"defaultSortBy\":\"name\",\"defaultSortOrder\":\"ASC\"},\"metadatas\":{\"id\":{\"edit\":{},\"list\":{\"label\":\"Id\",\"searchable\":true,\"sortable\":true}},\"name\":{\"edit\":{\"label\":\"Name\",\"description\":\"\",\"placeholder\":\"\",\"visible\":true,\"editable\":true},\"list\":{\"label\":\"Name\",\"searchable\":true,\"sortable\":true}},\"code\":{\"edit\":{\"label\":\"Code\",\"description\":\"\",\"placeholder\":\"\",\"visible\":true,\"editable\":true},\"list\":{\"label\":\"Code\",\"searchable\":true,\"sortable\":true}},\"description\":{\"edit\":{\"label\":\"Description\",\"description\":\"\",\"placeholder\":\"\",\"visible\":true,\"editable\":true},\"list\":{\"label\":\"Description\",\"searchable\":true,\"sortable\":true}},\"users\":{\"edit\":{\"label\":\"Users\",\"description\":\"\",\"placeholder\":\"\",\"visible\":true,\"editable\":true,\"mainField\":\"firstname\"},\"list\":{\"label\":\"Users\",\"searchable\":false,\"sortable\":false}},\"permissions\":{\"edit\":{\"label\":\"Permissions\",\"description\":\"\",\"placeholder\":\"\",\"visible\":true,\"editable\":true,\"mainField\":\"action\"},\"list\":{\"label\":\"Permissions\",\"searchable\":false,\"sortable\":false}},\"created_at\":{\"edit\":{\"label\":\"Created_at\",\"description\":\"\",\"placeholder\":\"\",\"visible\":false,\"editable\":true},\"list\":{\"label\":\"Created_at\",\"searchable\":true,\"sortable\":true}},\"updated_at\":{\"edit\":{\"label\":\"Updated_at\",\"description\":\"\",\"placeholder\":\"\",\"visible\":false,\"editable\":true},\"list\":{\"label\":\"Updated_at\",\"searchable\":true,\"sortable\":true}}},\"layouts\":{\"list\":[\"id\",\"name\",\"code\",\"description\"],\"editRelations\":[\"users\",\"permissions\"],\"edit\":[[{\"name\":\"name\",\"size\":6},{\"name\":\"code\",\"size\":6}],[{\"name\":\"description\",\"size\":6}]]}}','object','',''),(14,'plugin_content_manager_configuration_content_types::plugins::upload.file','{\"uid\":\"plugins::upload.file\",\"settings\":{\"bulkable\":true,\"filterable\":true,\"searchable\":true,\"pageSize\":10,\"mainField\":\"name\",\"defaultSortBy\":\"name\",\"defaultSortOrder\":\"ASC\"},\"metadatas\":{\"id\":{\"edit\":{},\"list\":{\"label\":\"Id\",\"searchable\":true,\"sortable\":true}},\"name\":{\"edit\":{\"label\":\"Name\",\"description\":\"\",\"placeholder\":\"\",\"visible\":true,\"editable\":true},\"list\":{\"label\":\"Name\",\"searchable\":true,\"sortable\":true}},\"alternativeText\":{\"edit\":{\"label\":\"AlternativeText\",\"description\":\"\",\"placeholder\":\"\",\"visible\":true,\"editable\":true},\"list\":{\"label\":\"AlternativeText\",\"searchable\":true,\"sortable\":true}},\"caption\":{\"edit\":{\"label\":\"Caption\",\"description\":\"\",\"placeholder\":\"\",\"visible\":true,\"editable\":true},\"list\":{\"label\":\"Caption\",\"searchable\":true,\"sortable\":true}},\"width\":{\"edit\":{\"label\":\"Width\",\"description\":\"\",\"placeholder\":\"\",\"visible\":true,\"editable\":true},\"list\":{\"label\":\"Width\",\"searchable\":true,\"sortable\":true}},\"height\":{\"edit\":{\"label\":\"Height\",\"description\":\"\",\"placeholder\":\"\",\"visible\":true,\"editable\":true},\"list\":{\"label\":\"Height\",\"searchable\":true,\"sortable\":true}},\"formats\":{\"edit\":{\"label\":\"Formats\",\"description\":\"\",\"placeholder\":\"\",\"visible\":true,\"editable\":true},\"list\":{\"label\":\"Formats\",\"searchable\":false,\"sortable\":false}},\"hash\":{\"edit\":{\"label\":\"Hash\",\"description\":\"\",\"placeholder\":\"\",\"visible\":true,\"editable\":true},\"list\":{\"label\":\"Hash\",\"searchable\":true,\"sortable\":true}},\"ext\":{\"edit\":{\"label\":\"Ext\",\"description\":\"\",\"placeholder\":\"\",\"visible\":true,\"editable\":true},\"list\":{\"label\":\"Ext\",\"searchable\":true,\"sortable\":true}},\"mime\":{\"edit\":{\"label\":\"Mime\",\"description\":\"\",\"placeholder\":\"\",\"visible\":true,\"editable\":true},\"list\":{\"label\":\"Mime\",\"searchable\":true,\"sortable\":true}},\"size\":{\"edit\":{\"label\":\"Size\",\"description\":\"\",\"placeholder\":\"\",\"visible\":true,\"editable\":true},\"list\":{\"label\":\"Size\",\"searchable\":true,\"sortable\":true}},\"url\":{\"edit\":{\"label\":\"Url\",\"description\":\"\",\"placeholder\":\"\",\"visible\":true,\"editable\":true},\"list\":{\"label\":\"Url\",\"searchable\":true,\"sortable\":true}},\"previewUrl\":{\"edit\":{\"label\":\"PreviewUrl\",\"description\":\"\",\"placeholder\":\"\",\"visible\":true,\"editable\":true},\"list\":{\"label\":\"PreviewUrl\",\"searchable\":true,\"sortable\":true}},\"provider\":{\"edit\":{\"label\":\"Provider\",\"description\":\"\",\"placeholder\":\"\",\"visible\":true,\"editable\":true},\"list\":{\"label\":\"Provider\",\"searchable\":true,\"sortable\":true}},\"provider_metadata\":{\"edit\":{\"label\":\"Provider_metadata\",\"description\":\"\",\"placeholder\":\"\",\"visible\":true,\"editable\":true},\"list\":{\"label\":\"Provider_metadata\",\"searchable\":false,\"sortable\":false}},\"related\":{\"edit\":{\"label\":\"Related\",\"description\":\"\",\"placeholder\":\"\",\"visible\":true,\"editable\":true},\"list\":{\"label\":\"Related\",\"searchable\":false,\"sortable\":false}},\"created_at\":{\"edit\":{\"label\":\"Created_at\",\"description\":\"\",\"placeholder\":\"\",\"visible\":false,\"editable\":true},\"list\":{\"label\":\"Created_at\",\"searchable\":true,\"sortable\":true}},\"updated_at\":{\"edit\":{\"label\":\"Updated_at\",\"description\":\"\",\"placeholder\":\"\",\"visible\":false,\"editable\":true},\"list\":{\"label\":\"Updated_at\",\"searchable\":true,\"sortable\":true}}},\"layouts\":{\"list\":[\"id\",\"name\",\"alternativeText\",\"caption\"],\"editRelations\":[\"related\"],\"edit\":[[{\"name\":\"name\",\"size\":6},{\"name\":\"alternativeText\",\"size\":6}],[{\"name\":\"caption\",\"size\":6},{\"name\":\"width\",\"size\":4}],[{\"name\":\"height\",\"size\":4}],[{\"name\":\"formats\",\"size\":12}],[{\"name\":\"hash\",\"size\":6},{\"name\":\"ext\",\"size\":6}],[{\"name\":\"mime\",\"size\":6},{\"name\":\"size\",\"size\":4}],[{\"name\":\"url\",\"size\":6},{\"name\":\"previewUrl\",\"size\":6}],[{\"name\":\"provider\",\"size\":6}],[{\"name\":\"provider_metadata\",\"size\":12}]]}}','object','',''),(15,'plugin_content_manager_configuration_content_types::strapi::user','{\"uid\":\"strapi::user\",\"settings\":{\"bulkable\":true,\"filterable\":true,\"searchable\":true,\"pageSize\":10,\"mainField\":\"firstname\",\"defaultSortBy\":\"firstname\",\"defaultSortOrder\":\"ASC\"},\"metadatas\":{\"id\":{\"edit\":{},\"list\":{\"label\":\"Id\",\"searchable\":true,\"sortable\":true}},\"firstname\":{\"edit\":{\"label\":\"Firstname\",\"description\":\"\",\"placeholder\":\"\",\"visible\":true,\"editable\":true},\"list\":{\"label\":\"Firstname\",\"searchable\":true,\"sortable\":true}},\"lastname\":{\"edit\":{\"label\":\"Lastname\",\"description\":\"\",\"placeholder\":\"\",\"visible\":true,\"editable\":true},\"list\":{\"label\":\"Lastname\",\"searchable\":true,\"sortable\":true}},\"username\":{\"edit\":{\"label\":\"Username\",\"description\":\"\",\"placeholder\":\"\",\"visible\":true,\"editable\":true},\"list\":{\"label\":\"Username\",\"searchable\":true,\"sortable\":true}},\"email\":{\"edit\":{\"label\":\"Email\",\"description\":\"\",\"placeholder\":\"\",\"visible\":true,\"editable\":true},\"list\":{\"label\":\"Email\",\"searchable\":true,\"sortable\":true}},\"password\":{\"edit\":{\"label\":\"Password\",\"description\":\"\",\"placeholder\":\"\",\"visible\":true,\"editable\":true},\"list\":{\"label\":\"Password\",\"searchable\":true,\"sortable\":true}},\"resetPasswordToken\":{\"edit\":{\"label\":\"ResetPasswordToken\",\"description\":\"\",\"placeholder\":\"\",\"visible\":true,\"editable\":true},\"list\":{\"label\":\"ResetPasswordToken\",\"searchable\":true,\"sortable\":true}},\"registrationToken\":{\"edit\":{\"label\":\"RegistrationToken\",\"description\":\"\",\"placeholder\":\"\",\"visible\":true,\"editable\":true},\"list\":{\"label\":\"RegistrationToken\",\"searchable\":true,\"sortable\":true}},\"isActive\":{\"edit\":{\"label\":\"IsActive\",\"description\":\"\",\"placeholder\":\"\",\"visible\":true,\"editable\":true},\"list\":{\"label\":\"IsActive\",\"searchable\":true,\"sortable\":true}},\"roles\":{\"edit\":{\"label\":\"Roles\",\"description\":\"\",\"placeholder\":\"\",\"visible\":true,\"editable\":true,\"mainField\":\"name\"},\"list\":{\"label\":\"Roles\",\"searchable\":false,\"sortable\":false}},\"blocked\":{\"edit\":{\"label\":\"Blocked\",\"description\":\"\",\"placeholder\":\"\",\"visible\":true,\"editable\":true},\"list\":{\"label\":\"Blocked\",\"searchable\":true,\"sortable\":true}},\"preferedLanguage\":{\"edit\":{\"label\":\"PreferedLanguage\",\"description\":\"\",\"placeholder\":\"\",\"visible\":true,\"editable\":true},\"list\":{\"label\":\"PreferedLanguage\",\"searchable\":true,\"sortable\":true}}},\"layouts\":{\"list\":[\"id\",\"firstname\",\"lastname\",\"username\"],\"editRelations\":[\"roles\"],\"edit\":[[{\"name\":\"firstname\",\"size\":6},{\"name\":\"lastname\",\"size\":6}],[{\"name\":\"username\",\"size\":6},{\"name\":\"email\",\"size\":6}],[{\"name\":\"password\",\"size\":6},{\"name\":\"resetPasswordToken\",\"size\":6}],[{\"name\":\"registrationToken\",\"size\":6},{\"name\":\"isActive\",\"size\":4}],[{\"name\":\"blocked\",\"size\":4},{\"name\":\"preferedLanguage\",\"size\":6}]]}}','object','',''),(16,'plugin_content_manager_configuration_content_types::plugins::users-permissions.role','{\"uid\":\"plugins::users-permissions.role\",\"settings\":{\"bulkable\":true,\"filterable\":true,\"searchable\":true,\"pageSize\":10,\"mainField\":\"name\",\"defaultSortBy\":\"name\",\"defaultSortOrder\":\"ASC\"},\"metadatas\":{\"id\":{\"edit\":{},\"list\":{\"label\":\"Id\",\"searchable\":true,\"sortable\":true}},\"name\":{\"edit\":{\"label\":\"Name\",\"description\":\"\",\"placeholder\":\"\",\"visible\":true,\"editable\":true},\"list\":{\"label\":\"Name\",\"searchable\":true,\"sortable\":true}},\"description\":{\"edit\":{\"label\":\"Description\",\"description\":\"\",\"placeholder\":\"\",\"visible\":true,\"editable\":true},\"list\":{\"label\":\"Description\",\"searchable\":true,\"sortable\":true}},\"type\":{\"edit\":{\"label\":\"Type\",\"description\":\"\",\"placeholder\":\"\",\"visible\":true,\"editable\":true},\"list\":{\"label\":\"Type\",\"searchable\":true,\"sortable\":true}},\"permissions\":{\"edit\":{\"label\":\"Permissions\",\"description\":\"\",\"placeholder\":\"\",\"visible\":true,\"editable\":true,\"mainField\":\"type\"},\"list\":{\"label\":\"Permissions\",\"searchable\":false,\"sortable\":false}},\"users\":{\"edit\":{\"label\":\"Users\",\"description\":\"\",\"placeholder\":\"\",\"visible\":true,\"editable\":true,\"mainField\":\"username\"},\"list\":{\"label\":\"Users\",\"searchable\":false,\"sortable\":false}}},\"layouts\":{\"list\":[\"id\",\"name\",\"description\",\"type\"],\"editRelations\":[\"permissions\",\"users\"],\"edit\":[[{\"name\":\"name\",\"size\":6},{\"name\":\"description\",\"size\":6}],[{\"name\":\"type\",\"size\":6}]]}}','object','',''),(17,'plugin_content_manager_configuration_content_types::plugins::users-permissions.permission','{\"uid\":\"plugins::users-permissions.permission\",\"settings\":{\"bulkable\":true,\"filterable\":true,\"searchable\":true,\"pageSize\":10,\"mainField\":\"type\",\"defaultSortBy\":\"type\",\"defaultSortOrder\":\"ASC\"},\"metadatas\":{\"id\":{\"edit\":{},\"list\":{\"label\":\"Id\",\"searchable\":true,\"sortable\":true}},\"type\":{\"edit\":{\"label\":\"Type\",\"description\":\"\",\"placeholder\":\"\",\"visible\":true,\"editable\":true},\"list\":{\"label\":\"Type\",\"searchable\":true,\"sortable\":true}},\"controller\":{\"edit\":{\"label\":\"Controller\",\"description\":\"\",\"placeholder\":\"\",\"visible\":true,\"editable\":true},\"list\":{\"label\":\"Controller\",\"searchable\":true,\"sortable\":true}},\"action\":{\"edit\":{\"label\":\"Action\",\"description\":\"\",\"placeholder\":\"\",\"visible\":true,\"editable\":true},\"list\":{\"label\":\"Action\",\"searchable\":true,\"sortable\":true}},\"enabled\":{\"edit\":{\"label\":\"Enabled\",\"description\":\"\",\"placeholder\":\"\",\"visible\":true,\"editable\":true},\"list\":{\"label\":\"Enabled\",\"searchable\":true,\"sortable\":true}},\"policy\":{\"edit\":{\"label\":\"Policy\",\"description\":\"\",\"placeholder\":\"\",\"visible\":true,\"editable\":true},\"list\":{\"label\":\"Policy\",\"searchable\":true,\"sortable\":true}},\"role\":{\"edit\":{\"label\":\"Role\",\"description\":\"\",\"placeholder\":\"\",\"visible\":true,\"editable\":true,\"mainField\":\"name\"},\"list\":{\"label\":\"Role\",\"searchable\":true,\"sortable\":true}}},\"layouts\":{\"list\":[\"id\",\"type\",\"controller\",\"action\"],\"editRelations\":[\"role\"],\"edit\":[[{\"name\":\"type\",\"size\":6},{\"name\":\"controller\",\"size\":6}],[{\"name\":\"action\",\"size\":6},{\"name\":\"enabled\",\"size\":4}],[{\"name\":\"policy\",\"size\":6}]]}}','object','',''),(18,'plugin_content_manager_configuration_content_types::strapi::permission','{\"uid\":\"strapi::permission\",\"settings\":{\"bulkable\":true,\"filterable\":true,\"searchable\":true,\"pageSize\":10,\"mainField\":\"action\",\"defaultSortBy\":\"action\",\"defaultSortOrder\":\"ASC\"},\"metadatas\":{\"id\":{\"edit\":{},\"list\":{\"label\":\"Id\",\"searchable\":true,\"sortable\":true}},\"action\":{\"edit\":{\"label\":\"Action\",\"description\":\"\",\"placeholder\":\"\",\"visible\":true,\"editable\":true},\"list\":{\"label\":\"Action\",\"searchable\":true,\"sortable\":true}},\"subject\":{\"edit\":{\"label\":\"Subject\",\"description\":\"\",\"placeholder\":\"\",\"visible\":true,\"editable\":true},\"list\":{\"label\":\"Subject\",\"searchable\":true,\"sortable\":true}},\"properties\":{\"edit\":{\"label\":\"Properties\",\"description\":\"\",\"placeholder\":\"\",\"visible\":true,\"editable\":true},\"list\":{\"label\":\"Properties\",\"searchable\":false,\"sortable\":false}},\"conditions\":{\"edit\":{\"label\":\"Conditions\",\"description\":\"\",\"placeholder\":\"\",\"visible\":true,\"editable\":true},\"list\":{\"label\":\"Conditions\",\"searchable\":false,\"sortable\":false}},\"role\":{\"edit\":{\"label\":\"Role\",\"description\":\"\",\"placeholder\":\"\",\"visible\":true,\"editable\":true,\"mainField\":\"name\"},\"list\":{\"label\":\"Role\",\"searchable\":true,\"sortable\":true}},\"created_at\":{\"edit\":{\"label\":\"Created_at\",\"description\":\"\",\"placeholder\":\"\",\"visible\":false,\"editable\":true},\"list\":{\"label\":\"Created_at\",\"searchable\":true,\"sortable\":true}},\"updated_at\":{\"edit\":{\"label\":\"Updated_at\",\"description\":\"\",\"placeholder\":\"\",\"visible\":false,\"editable\":true},\"list\":{\"label\":\"Updated_at\",\"searchable\":true,\"sortable\":true}}},\"layouts\":{\"list\":[\"id\",\"action\",\"subject\",\"role\"],\"editRelations\":[\"role\"],\"edit\":[[{\"name\":\"action\",\"size\":6},{\"name\":\"subject\",\"size\":6}],[{\"name\":\"properties\",\"size\":12}],[{\"name\":\"conditions\",\"size\":12}]]}}','object','',''),(19,'plugin_content_manager_configuration_content_types::plugins::users-permissions.user','{\"uid\":\"plugins::users-permissions.user\",\"settings\":{\"bulkable\":true,\"filterable\":true,\"searchable\":true,\"pageSize\":10,\"mainField\":\"username\",\"defaultSortBy\":\"username\",\"defaultSortOrder\":\"ASC\"},\"metadatas\":{\"id\":{\"edit\":{},\"list\":{\"label\":\"Id\",\"searchable\":true,\"sortable\":true}},\"username\":{\"edit\":{\"label\":\"Username\",\"description\":\"\",\"placeholder\":\"\",\"visible\":true,\"editable\":true},\"list\":{\"label\":\"Username\",\"searchable\":true,\"sortable\":true}},\"email\":{\"edit\":{\"label\":\"Email\",\"description\":\"\",\"placeholder\":\"\",\"visible\":true,\"editable\":true},\"list\":{\"label\":\"Email\",\"searchable\":true,\"sortable\":true}},\"provider\":{\"edit\":{\"label\":\"Provider\",\"description\":\"\",\"placeholder\":\"\",\"visible\":false,\"editable\":true},\"list\":{\"label\":\"Provider\",\"searchable\":true,\"sortable\":true}},\"password\":{\"edit\":{\"label\":\"Password\",\"description\":\"\",\"placeholder\":\"\",\"visible\":true,\"editable\":true},\"list\":{\"label\":\"Password\",\"searchable\":true,\"sortable\":true}},\"resetPasswordToken\":{\"edit\":{\"label\":\"ResetPasswordToken\",\"description\":\"\",\"placeholder\":\"\",\"visible\":false,\"editable\":true},\"list\":{\"label\":\"ResetPasswordToken\",\"searchable\":true,\"sortable\":true}},\"confirmationToken\":{\"edit\":{\"label\":\"ConfirmationToken\",\"description\":\"\",\"placeholder\":\"\",\"visible\":false,\"editable\":true},\"list\":{\"label\":\"ConfirmationToken\",\"searchable\":true,\"sortable\":true}},\"confirmed\":{\"edit\":{\"label\":\"Confirmed\",\"description\":\"\",\"placeholder\":\"\",\"visible\":true,\"editable\":true},\"list\":{\"label\":\"Confirmed\",\"searchable\":true,\"sortable\":true}},\"blocked\":{\"edit\":{\"label\":\"Blocked\",\"description\":\"\",\"placeholder\":\"\",\"visible\":true,\"editable\":true},\"list\":{\"label\":\"Blocked\",\"searchable\":true,\"sortable\":true}},\"role\":{\"edit\":{\"label\":\"Role\",\"description\":\"\",\"placeholder\":\"\",\"visible\":true,\"editable\":true,\"mainField\":\"name\"},\"list\":{\"label\":\"Role\",\"searchable\":true,\"sortable\":true}},\"created_at\":{\"edit\":{\"label\":\"Created_at\",\"description\":\"\",\"placeholder\":\"\",\"visible\":false,\"editable\":true},\"list\":{\"label\":\"Created_at\",\"searchable\":true,\"sortable\":true}},\"updated_at\":{\"edit\":{\"label\":\"Updated_at\",\"description\":\"\",\"placeholder\":\"\",\"visible\":false,\"editable\":true},\"list\":{\"label\":\"Updated_at\",\"searchable\":true,\"sortable\":true}}},\"layouts\":{\"list\":[\"id\",\"username\",\"email\",\"confirmed\"],\"edit\":[[{\"name\":\"username\",\"size\":6},{\"name\":\"email\",\"size\":6}],[{\"name\":\"password\",\"size\":6},{\"name\":\"confirmed\",\"size\":4}],[{\"name\":\"blocked\",\"size\":4}]],\"editRelations\":[\"role\"]}}','object','',''),(20,'plugin_content_manager_configuration_content_types::plugins::i18n.locale','{\"uid\":\"plugins::i18n.locale\",\"settings\":{\"bulkable\":true,\"filterable\":true,\"searchable\":true,\"pageSize\":10,\"mainField\":\"name\",\"defaultSortBy\":\"name\",\"defaultSortOrder\":\"ASC\"},\"metadatas\":{\"id\":{\"edit\":{},\"list\":{\"label\":\"Id\",\"searchable\":true,\"sortable\":true}},\"name\":{\"edit\":{\"label\":\"Name\",\"description\":\"\",\"placeholder\":\"\",\"visible\":true,\"editable\":true},\"list\":{\"label\":\"Name\",\"searchable\":true,\"sortable\":true}},\"code\":{\"edit\":{\"label\":\"Code\",\"description\":\"\",\"placeholder\":\"\",\"visible\":true,\"editable\":true},\"list\":{\"label\":\"Code\",\"searchable\":true,\"sortable\":true}},\"created_at\":{\"edit\":{\"label\":\"Created_at\",\"description\":\"\",\"placeholder\":\"\",\"visible\":false,\"editable\":true},\"list\":{\"label\":\"Created_at\",\"searchable\":true,\"sortable\":true}},\"updated_at\":{\"edit\":{\"label\":\"Updated_at\",\"description\":\"\",\"placeholder\":\"\",\"visible\":false,\"editable\":true},\"list\":{\"label\":\"Updated_at\",\"searchable\":true,\"sortable\":true}}},\"layouts\":{\"list\":[\"id\",\"name\",\"code\",\"created_at\"],\"editRelations\":[],\"edit\":[[{\"name\":\"name\",\"size\":6},{\"name\":\"code\",\"size\":6}]]}}','object','',''),(21,'plugin_i18n_default_locale','\"en\"','string','',''),(22,'plugin_users-permissions_email','{\"reset_password\":{\"display\":\"Email.template.reset_password\",\"icon\":\"sync\",\"options\":{\"from\":{\"name\":\"Administration Panel\",\"email\":\"no-reply@strapi.io\"},\"response_email\":\"\",\"object\":\"Reset password\",\"message\":\"<p>We heard that you lost your password. Sorry about that!</p>\\n\\n<p>But don’t worry! You can use the following link to reset your password:</p>\\n<p><%= URL %>?code=<%= TOKEN %></p>\\n\\n<p>Thanks.</p>\"}},\"email_confirmation\":{\"display\":\"Email.template.email_confirmation\",\"icon\":\"check-square\",\"options\":{\"from\":{\"name\":\"Administration Panel\",\"email\":\"no-reply@strapi.io\"},\"response_email\":\"\",\"object\":\"Account confirmation\",\"message\":\"<p>Thank you for registering!</p>\\n\\n<p>You have to confirm your email address. Please click on the link below.</p>\\n\\n<p><%= URL %>?confirmation=<%= CODE %></p>\\n\\n<p>Thanks.</p>\"}}}','object','',''),(23,'plugin_users-permissions_advanced','{\"unique_email\":true,\"allow_register\":true,\"email_confirmation\":false,\"email_reset_password\":null,\"email_confirmation_redirection\":null,\"default_role\":\"authenticated\"}','object','',''),(24,'core_admin_auth','{\"providers\":{\"autoRegister\":false,\"defaultRole\":null}}','object','',''),(25,'model_def_application::services.services','{\"uid\":\"application::services.services\",\"collectionName\":\"services\",\"kind\":\"collectionType\",\"info\":{\"name\":\"Services\",\"description\":\"\"},\"options\":{\"increments\":true,\"timestamps\":[\"created_at\",\"updated_at\"],\"draftAndPublish\":true},\"pluginOptions\":{},\"attributes\":{\"name\":{\"type\":\"string\"},\"longDescription\":{\"type\":\"component\",\"repeatable\":true,\"component\":\"text.paragraph\"},\"thumbnail\":{\"model\":\"file\",\"via\":\"related\",\"allowedTypes\":[\"images\",\"files\",\"videos\"],\"plugin\":\"upload\",\"required\":false,\"pluginOptions\":{}},\"largeImage\":{\"model\":\"file\",\"via\":\"related\",\"allowedTypes\":[\"images\",\"files\",\"videos\"],\"plugin\":\"upload\",\"required\":false,\"pluginOptions\":{}},\"shortDescription\":{\"type\":\"component\",\"repeatable\":false,\"component\":\"text.paragraph\"},\"published_at\":{\"type\":\"datetime\",\"configurable\":false,\"writable\":true,\"visible\":false},\"created_by\":{\"model\":\"user\",\"plugin\":\"admin\",\"configurable\":false,\"writable\":false,\"visible\":false,\"private\":true},\"updated_by\":{\"model\":\"user\",\"plugin\":\"admin\",\"configurable\":false,\"writable\":false,\"visible\":false,\"private\":true}}}','object',NULL,NULL),(26,'plugin_content_manager_configuration_content_types::application::services.services','{\"uid\":\"application::services.services\",\"settings\":{\"bulkable\":true,\"filterable\":true,\"searchable\":true,\"pageSize\":10,\"mainField\":\"name\",\"defaultSortBy\":\"name\",\"defaultSortOrder\":\"ASC\"},\"metadatas\":{\"id\":{\"edit\":{},\"list\":{\"label\":\"Id\",\"searchable\":true,\"sortable\":true}},\"name\":{\"edit\":{\"label\":\"Name\",\"description\":\"\",\"placeholder\":\"\",\"visible\":true,\"editable\":true},\"list\":{\"label\":\"Name\",\"searchable\":true,\"sortable\":true}},\"longDescription\":{\"edit\":{\"label\":\"LongDescription\",\"description\":\"\",\"placeholder\":\"\",\"visible\":true,\"editable\":true},\"list\":{\"label\":\"LongDescription\",\"searchable\":false,\"sortable\":false}},\"thumbnail\":{\"edit\":{\"label\":\"Thumbnail\",\"description\":\"\",\"placeholder\":\"\",\"visible\":true,\"editable\":true},\"list\":{\"label\":\"Thumbnail\",\"searchable\":false,\"sortable\":false}},\"largeImage\":{\"edit\":{\"label\":\"LargeImage\",\"description\":\"\",\"placeholder\":\"\",\"visible\":true,\"editable\":true},\"list\":{\"label\":\"LargeImage\",\"searchable\":false,\"sortable\":false}},\"shortDescription\":{\"edit\":{\"label\":\"ShortDescription\",\"description\":\"\",\"placeholder\":\"\",\"visible\":true,\"editable\":true},\"list\":{\"label\":\"ShortDescription\",\"searchable\":false,\"sortable\":false}},\"created_at\":{\"edit\":{\"label\":\"Created_at\",\"description\":\"\",\"placeholder\":\"\",\"visible\":false,\"editable\":true},\"list\":{\"label\":\"Created_at\",\"searchable\":true,\"sortable\":true}},\"updated_at\":{\"edit\":{\"label\":\"Updated_at\",\"description\":\"\",\"placeholder\":\"\",\"visible\":false,\"editable\":true},\"list\":{\"label\":\"Updated_at\",\"searchable\":true,\"sortable\":true}}},\"layouts\":{\"edit\":[[{\"name\":\"name\",\"size\":6}],[{\"name\":\"shortDescription\",\"size\":12}],[{\"name\":\"longDescription\",\"size\":12}],[{\"name\":\"thumbnail\",\"size\":6},{\"name\":\"largeImage\",\"size\":6}]],\"editRelations\":[],\"list\":[\"id\",\"name\",\"created_at\",\"updated_at\"]}}','object','',''),(27,'model_def_application::home-page.home-page','{\"uid\":\"application::home-page.home-page\",\"collectionName\":\"home_pages\",\"kind\":\"singleType\",\"info\":{\"name\":\"homePage\",\"description\":\"\"},\"options\":{\"increments\":true,\"timestamps\":[\"created_at\",\"updated_at\"],\"draftAndPublish\":true},\"pluginOptions\":{},\"attributes\":{\"serviceSectionTitle\":{\"type\":\"string\"},\"serviceSectionSubTitle\":{\"type\":\"string\"},\"testimonySectionTitle\":{\"type\":\"string\"},\"testimonySectionSubTitle\":{\"type\":\"string\"},\"fleetSectionTitle\":{\"type\":\"string\"},\"fleetSectionSubTitle\":{\"type\":\"string\"},\"articleSectionTitle\":{\"type\":\"string\"},\"articleSectionSubTitle\":{\"type\":\"string\"},\"hero\":{\"type\":\"component\",\"repeatable\":false,\"component\":\"section.hero\"},\"published_at\":{\"type\":\"datetime\",\"configurable\":false,\"writable\":true,\"visible\":false},\"created_by\":{\"model\":\"user\",\"plugin\":\"admin\",\"configurable\":false,\"writable\":false,\"visible\":false,\"private\":true},\"updated_by\":{\"model\":\"user\",\"plugin\":\"admin\",\"configurable\":false,\"writable\":false,\"visible\":false,\"private\":true}}}','object',NULL,NULL),(28,'plugin_content_manager_configuration_content_types::application::home-page.home-page','{\"uid\":\"application::home-page.home-page\",\"settings\":{\"bulkable\":true,\"filterable\":true,\"searchable\":true,\"pageSize\":10,\"mainField\":\"serviceSectionTitle\",\"defaultSortBy\":\"serviceSectionTitle\",\"defaultSortOrder\":\"ASC\"},\"metadatas\":{\"fleetSectionTitle\":{\"edit\":{\"label\":\"FleetSectionTitle\",\"description\":\"\",\"placeholder\":\"\",\"visible\":true,\"editable\":true},\"list\":{\"label\":\"FleetSectionTitle\",\"searchable\":true,\"sortable\":true}},\"articleSectionSubTitle\":{\"edit\":{\"label\":\"ArticleSectionSubTitle\",\"description\":\"\",\"placeholder\":\"\",\"visible\":true,\"editable\":true},\"list\":{\"label\":\"ArticleSectionSubTitle\",\"searchable\":true,\"sortable\":true}},\"serviceSectionTitle\":{\"edit\":{\"label\":\"ServiceSectionTitle\",\"description\":\"\",\"placeholder\":\"\",\"visible\":true,\"editable\":true},\"list\":{\"label\":\"ServiceSectionTitle\",\"searchable\":true,\"sortable\":true}},\"serviceSectionSubTitle\":{\"edit\":{\"label\":\"ServiceSectionSubTitle\",\"description\":\"\",\"placeholder\":\"\",\"visible\":true,\"editable\":true},\"list\":{\"label\":\"ServiceSectionSubTitle\",\"searchable\":true,\"sortable\":true}},\"articleSectionTitle\":{\"edit\":{\"label\":\"ArticleSectionTitle\",\"description\":\"\",\"placeholder\":\"\",\"visible\":true,\"editable\":true},\"list\":{\"label\":\"ArticleSectionTitle\",\"searchable\":true,\"sortable\":true}},\"created_at\":{\"edit\":{\"label\":\"Created_at\",\"description\":\"\",\"placeholder\":\"\",\"visible\":false,\"editable\":true},\"list\":{\"label\":\"Created_at\",\"searchable\":true,\"sortable\":true}},\"fleetSectionSubTitle\":{\"edit\":{\"label\":\"FleetSectionSubTitle\",\"description\":\"\",\"placeholder\":\"\",\"visible\":true,\"editable\":true},\"list\":{\"label\":\"FleetSectionSubTitle\",\"searchable\":true,\"sortable\":true}},\"testimonySectionTitle\":{\"edit\":{\"label\":\"TestimonySectionTitle\",\"description\":\"\",\"placeholder\":\"\",\"visible\":true,\"editable\":true},\"list\":{\"label\":\"TestimonySectionTitle\",\"searchable\":true,\"sortable\":true}},\"updated_at\":{\"edit\":{\"label\":\"Updated_at\",\"description\":\"\",\"placeholder\":\"\",\"visible\":false,\"editable\":true},\"list\":{\"label\":\"Updated_at\",\"searchable\":true,\"sortable\":true}},\"testimonySectionSubTitle\":{\"edit\":{\"label\":\"TestimonySectionSubTitle\",\"description\":\"\",\"placeholder\":\"\",\"visible\":true,\"editable\":true},\"list\":{\"label\":\"TestimonySectionSubTitle\",\"searchable\":true,\"sortable\":true}},\"hero\":{\"edit\":{\"label\":\"Hero\",\"description\":\"\",\"placeholder\":\"\",\"visible\":true,\"editable\":true},\"list\":{\"label\":\"Hero\",\"searchable\":false,\"sortable\":false}},\"id\":{\"edit\":{},\"list\":{\"label\":\"Id\",\"searchable\":true,\"sortable\":true}}},\"layouts\":{\"edit\":[[{\"name\":\"hero\",\"size\":12}],[{\"name\":\"serviceSectionTitle\",\"size\":6},{\"name\":\"serviceSectionSubTitle\",\"size\":6}],[{\"name\":\"testimonySectionTitle\",\"size\":6},{\"name\":\"testimonySectionSubTitle\",\"size\":6}],[{\"name\":\"fleetSectionTitle\",\"size\":6},{\"name\":\"fleetSectionSubTitle\",\"size\":6}],[{\"name\":\"articleSectionTitle\",\"size\":6},{\"name\":\"articleSectionSubTitle\",\"size\":6}]],\"editRelations\":[],\"list\":[\"id\",\"created_at\",\"serviceSectionTitle\"]}}','object','',''),(29,'model_def_text.paragraph','{\"uid\":\"text.paragraph\",\"collectionName\":\"components_text_paragraphs\",\"info\":{\"name\":\"paragraph\",\"icon\":\"align-justify\",\"description\":\"\"},\"options\":{\"timestamps\":false},\"attributes\":{\"content\":{\"type\":\"text\"}}}','object',NULL,NULL),(30,'plugin_content_manager_configuration_components::text.paragraph','{\"uid\":\"text.paragraph\",\"settings\":{\"bulkable\":true,\"filterable\":true,\"searchable\":true,\"pageSize\":10,\"mainField\":\"id\",\"defaultSortBy\":\"content\",\"defaultSortOrder\":\"ASC\"},\"metadatas\":{\"id\":{\"edit\":{},\"list\":{\"label\":\"Id\",\"searchable\":false,\"sortable\":false}},\"content\":{\"edit\":{\"label\":\"Content\",\"description\":\"\",\"placeholder\":\"\",\"visible\":true,\"editable\":true},\"list\":{\"label\":\"Content\",\"searchable\":true,\"sortable\":true}}},\"layouts\":{\"list\":[\"id\",\"content\"],\"edit\":[[{\"name\":\"content\",\"size\":6}]],\"editRelations\":[]},\"isComponent\":true}','object','',''),(31,'model_def_application::articles.articles','{\"uid\":\"application::articles.articles\",\"collectionName\":\"articles\",\"kind\":\"collectionType\",\"info\":{\"name\":\"Articles\",\"description\":\"\"},\"options\":{\"increments\":true,\"timestamps\":[\"created_at\",\"updated_at\"],\"draftAndPublish\":true},\"pluginOptions\":{},\"attributes\":{\"featured\":{\"type\":\"boolean\",\"default\":false},\"body\":{\"type\":\"dynamiczone\",\"components\":[\"text.media\",\"text.paragraph\",\"text.quote\"]},\"headerTitle\":{\"type\":\"string\"},\"headerSubTitle\":{\"type\":\"string\"},\"headerLongSubtitle\":{\"type\":\"text\"},\"thumbnail\":{\"model\":\"file\",\"via\":\"related\",\"allowedTypes\":[\"images\"],\"plugin\":\"upload\",\"required\":false,\"pluginOptions\":{}},\"mainMedia\":{\"model\":\"file\",\"via\":\"related\",\"allowedTypes\":[\"images\"],\"plugin\":\"upload\",\"required\":false,\"pluginOptions\":{}},\"user\":{\"plugin\":\"admin\",\"model\":\"user\"},\"published_at\":{\"type\":\"datetime\",\"configurable\":false,\"writable\":true,\"visible\":false},\"created_by\":{\"model\":\"user\",\"plugin\":\"admin\",\"configurable\":false,\"writable\":false,\"visible\":false,\"private\":true},\"updated_by\":{\"model\":\"user\",\"plugin\":\"admin\",\"configurable\":false,\"writable\":false,\"visible\":false,\"private\":true}}}','object',NULL,NULL),(32,'plugin_content_manager_configuration_content_types::application::articles.articles','{\"uid\":\"application::articles.articles\",\"settings\":{\"bulkable\":true,\"filterable\":true,\"searchable\":true,\"pageSize\":10,\"mainField\":\"id\",\"defaultSortBy\":\"id\",\"defaultSortOrder\":\"ASC\"},\"metadatas\":{\"id\":{\"edit\":{},\"list\":{\"label\":\"Id\",\"searchable\":true,\"sortable\":true}},\"featured\":{\"edit\":{\"label\":\"Featured\",\"description\":\"\",\"placeholder\":\"\",\"visible\":true,\"editable\":true},\"list\":{\"label\":\"Featured\",\"searchable\":true,\"sortable\":true}},\"body\":{\"edit\":{\"label\":\"Body\",\"description\":\"\",\"placeholder\":\"\",\"visible\":true,\"editable\":true},\"list\":{\"label\":\"Body\",\"searchable\":false,\"sortable\":false}},\"headerTitle\":{\"edit\":{\"label\":\"HeaderTitle\",\"description\":\"\",\"placeholder\":\"\",\"visible\":true,\"editable\":true},\"list\":{\"label\":\"HeaderTitle\",\"searchable\":true,\"sortable\":true}},\"headerSubTitle\":{\"edit\":{\"label\":\"HeaderSubTitle\",\"description\":\"\",\"placeholder\":\"\",\"visible\":true,\"editable\":true},\"list\":{\"label\":\"HeaderSubTitle\",\"searchable\":true,\"sortable\":true}},\"headerLongSubtitle\":{\"edit\":{\"label\":\"HeaderLongSubtitle\",\"description\":\"\",\"placeholder\":\"\",\"visible\":true,\"editable\":true},\"list\":{\"label\":\"HeaderLongSubtitle\",\"searchable\":true,\"sortable\":true}},\"thumbnail\":{\"edit\":{\"label\":\"Thumbnail\",\"description\":\"\",\"placeholder\":\"\",\"visible\":true,\"editable\":true},\"list\":{\"label\":\"Thumbnail\",\"searchable\":false,\"sortable\":false}},\"mainMedia\":{\"edit\":{\"label\":\"MainMedia\",\"description\":\"\",\"placeholder\":\"\",\"visible\":true,\"editable\":true},\"list\":{\"label\":\"MainMedia\",\"searchable\":false,\"sortable\":false}},\"user\":{\"edit\":{\"label\":\"User\",\"description\":\"\",\"placeholder\":\"\",\"visible\":true,\"editable\":true,\"mainField\":\"firstname\"},\"list\":{\"label\":\"User\",\"searchable\":true,\"sortable\":true}},\"created_at\":{\"edit\":{\"label\":\"Created_at\",\"description\":\"\",\"placeholder\":\"\",\"visible\":false,\"editable\":true},\"list\":{\"label\":\"Created_at\",\"searchable\":true,\"sortable\":true}},\"updated_at\":{\"edit\":{\"label\":\"Updated_at\",\"description\":\"\",\"placeholder\":\"\",\"visible\":false,\"editable\":true},\"list\":{\"label\":\"Updated_at\",\"searchable\":true,\"sortable\":true}}},\"layouts\":{\"list\":[\"id\",\"featured\",\"created_at\",\"updated_at\"],\"edit\":[[{\"name\":\"featured\",\"size\":4}],[{\"name\":\"headerTitle\",\"size\":6},{\"name\":\"headerSubTitle\",\"size\":6}],[{\"name\":\"headerLongSubtitle\",\"size\":6},{\"name\":\"thumbnail\",\"size\":6}],[{\"name\":\"mainMedia\",\"size\":6}],[{\"name\":\"body\",\"size\":12}]],\"editRelations\":[\"user\"]}}','object','',''),(33,'model_def_application::service-page.service-page','{\"uid\":\"application::service-page.service-page\",\"collectionName\":\"service_pages\",\"kind\":\"singleType\",\"info\":{\"name\":\"ServicePage\",\"description\":\"\"},\"options\":{\"increments\":true,\"timestamps\":[\"created_at\",\"updated_at\"],\"draftAndPublish\":true},\"pluginOptions\":{},\"attributes\":{\"hero\":{\"type\":\"component\",\"repeatable\":false,\"component\":\"section.hero\"},\"serviceSectionTitle\":{\"type\":\"string\"},\"serviceSectionSubTitle\":{\"type\":\"string\"},\"published_at\":{\"type\":\"datetime\",\"configurable\":false,\"writable\":true,\"visible\":false},\"created_by\":{\"model\":\"user\",\"plugin\":\"admin\",\"configurable\":false,\"writable\":false,\"visible\":false,\"private\":true},\"updated_by\":{\"model\":\"user\",\"plugin\":\"admin\",\"configurable\":false,\"writable\":false,\"visible\":false,\"private\":true}}}','object',NULL,NULL),(34,'plugin_content_manager_configuration_content_types::application::service-page.service-page','{\"uid\":\"application::service-page.service-page\",\"settings\":{\"bulkable\":true,\"filterable\":true,\"searchable\":true,\"pageSize\":10,\"mainField\":\"id\",\"defaultSortBy\":\"id\",\"defaultSortOrder\":\"ASC\"},\"metadatas\":{\"id\":{\"edit\":{},\"list\":{\"label\":\"Id\",\"searchable\":true,\"sortable\":true}},\"hero\":{\"edit\":{\"label\":\"Hero\",\"description\":\"\",\"placeholder\":\"\",\"visible\":true,\"editable\":true},\"list\":{\"label\":\"Hero\",\"searchable\":false,\"sortable\":false}},\"serviceSectionTitle\":{\"edit\":{\"label\":\"ServiceSectionTitle\",\"description\":\"\",\"placeholder\":\"\",\"visible\":true,\"editable\":true},\"list\":{\"label\":\"ServiceSectionTitle\",\"searchable\":true,\"sortable\":true}},\"serviceSectionSubTitle\":{\"edit\":{\"label\":\"ServiceSectionSubTitle\",\"description\":\"\",\"placeholder\":\"\",\"visible\":true,\"editable\":true},\"list\":{\"label\":\"ServiceSectionSubTitle\",\"searchable\":true,\"sortable\":true}},\"created_at\":{\"edit\":{\"label\":\"Created_at\",\"description\":\"\",\"placeholder\":\"\",\"visible\":false,\"editable\":true},\"list\":{\"label\":\"Created_at\",\"searchable\":true,\"sortable\":true}},\"updated_at\":{\"edit\":{\"label\":\"Updated_at\",\"description\":\"\",\"placeholder\":\"\",\"visible\":false,\"editable\":true},\"list\":{\"label\":\"Updated_at\",\"searchable\":true,\"sortable\":true}}},\"layouts\":{\"list\":[\"id\",\"created_at\",\"updated_at\",\"serviceSectionTitle\"],\"edit\":[[{\"name\":\"hero\",\"size\":12}],[{\"name\":\"serviceSectionTitle\",\"size\":6},{\"name\":\"serviceSectionSubTitle\",\"size\":6}]],\"editRelations\":[]}}','object','',''),(35,'model_def_section.hero','{\"uid\":\"section.hero\",\"collectionName\":\"components_section_heroes\",\"info\":{\"name\":\"hero\",\"icon\":\"ad\"},\"options\":{\"timestamps\":false},\"attributes\":{\"title\":{\"type\":\"string\"},\"subTitle\":{\"type\":\"string\"},\"background\":{\"model\":\"file\",\"via\":\"related\",\"allowedTypes\":[\"images\"],\"plugin\":\"upload\",\"required\":false,\"pluginOptions\":{}}}}','object',NULL,NULL),(36,'plugin_content_manager_configuration_components::section.hero','{\"uid\":\"section.hero\",\"settings\":{\"bulkable\":true,\"filterable\":true,\"searchable\":true,\"pageSize\":10,\"mainField\":\"title\",\"defaultSortBy\":\"title\",\"defaultSortOrder\":\"ASC\"},\"metadatas\":{\"id\":{\"edit\":{},\"list\":{\"label\":\"Id\",\"searchable\":false,\"sortable\":false}},\"title\":{\"edit\":{\"label\":\"Title\",\"description\":\"\",\"placeholder\":\"\",\"visible\":true,\"editable\":true},\"list\":{\"label\":\"Title\",\"searchable\":true,\"sortable\":true}},\"subTitle\":{\"edit\":{\"label\":\"SubTitle\",\"description\":\"\",\"placeholder\":\"\",\"visible\":true,\"editable\":true},\"list\":{\"label\":\"SubTitle\",\"searchable\":true,\"sortable\":true}},\"background\":{\"edit\":{\"label\":\"Background\",\"description\":\"\",\"placeholder\":\"\",\"visible\":true,\"editable\":true},\"list\":{\"label\":\"Background\",\"searchable\":false,\"sortable\":false}}},\"layouts\":{\"list\":[\"id\",\"title\",\"subTitle\",\"background\"],\"edit\":[[{\"name\":\"title\",\"size\":6},{\"name\":\"subTitle\",\"size\":6}],[{\"name\":\"background\",\"size\":6}]],\"editRelations\":[]},\"isComponent\":true}','object','',''),(37,'model_def_text.media','{\"uid\":\"text.media\",\"collectionName\":\"components_text_media\",\"info\":{\"name\":\"media\",\"icon\":\"atlas\"},\"options\":{\"timestamps\":false},\"attributes\":{\"media\":{\"model\":\"file\",\"via\":\"related\",\"allowedTypes\":[\"images\",\"files\",\"videos\"],\"plugin\":\"upload\",\"required\":false,\"pluginOptions\":{}},\"caption\":{\"type\":\"string\"},\"meta\":{\"type\":\"string\"}}}','object',NULL,NULL),(38,'plugin_content_manager_configuration_components::text.media','{\"uid\":\"text.media\",\"settings\":{\"bulkable\":true,\"filterable\":true,\"searchable\":true,\"pageSize\":10,\"mainField\":\"caption\",\"defaultSortBy\":\"caption\",\"defaultSortOrder\":\"ASC\"},\"metadatas\":{\"id\":{\"edit\":{},\"list\":{\"label\":\"Id\",\"searchable\":false,\"sortable\":false}},\"media\":{\"edit\":{\"label\":\"Media\",\"description\":\"\",\"placeholder\":\"\",\"visible\":true,\"editable\":true},\"list\":{\"label\":\"Media\",\"searchable\":false,\"sortable\":false}},\"caption\":{\"edit\":{\"label\":\"Caption\",\"description\":\"\",\"placeholder\":\"\",\"visible\":true,\"editable\":true},\"list\":{\"label\":\"Caption\",\"searchable\":true,\"sortable\":true}},\"meta\":{\"edit\":{\"label\":\"Meta\",\"description\":\"\",\"placeholder\":\"\",\"visible\":true,\"editable\":true},\"list\":{\"label\":\"Meta\",\"searchable\":true,\"sortable\":true}}},\"layouts\":{\"list\":[\"id\",\"media\",\"caption\",\"meta\"],\"edit\":[[{\"name\":\"media\",\"size\":6},{\"name\":\"caption\",\"size\":6}],[{\"name\":\"meta\",\"size\":6}]],\"editRelations\":[]},\"isComponent\":true}','object','',''),(39,'model_def_article.header','{\"uid\":\"article.header\",\"collectionName\":\"components_article_headers\",\"info\":{\"name\":\"header\",\"icon\":\"adjust\",\"description\":\"\"},\"options\":{\"timestamps\":false},\"attributes\":{\"title\":{\"type\":\"string\"},\"subTitle\":{\"type\":\"string\"},\"thumbnail\":{\"model\":\"file\",\"via\":\"related\",\"allowedTypes\":[\"images\"],\"plugin\":\"upload\",\"required\":true,\"pluginOptions\":{}},\"mainMedia\":{\"model\":\"file\",\"via\":\"related\",\"allowedTypes\":[\"images\"],\"plugin\":\"upload\",\"required\":false,\"pluginOptions\":{}},\"longSubTitle\":{\"type\":\"text\"}}}','object',NULL,NULL),(40,'plugin_content_manager_configuration_components::article.header','{\"uid\":\"article.header\",\"settings\":{\"bulkable\":true,\"filterable\":true,\"searchable\":true,\"pageSize\":10,\"mainField\":\"title\",\"defaultSortBy\":\"title\",\"defaultSortOrder\":\"ASC\"},\"metadatas\":{\"id\":{\"edit\":{},\"list\":{\"label\":\"Id\",\"searchable\":false,\"sortable\":false}},\"title\":{\"edit\":{\"label\":\"Title\",\"description\":\"\",\"placeholder\":\"\",\"visible\":true,\"editable\":true},\"list\":{\"label\":\"Title\",\"searchable\":true,\"sortable\":true}},\"subTitle\":{\"edit\":{\"label\":\"SubTitle\",\"description\":\"\",\"placeholder\":\"\",\"visible\":true,\"editable\":true},\"list\":{\"label\":\"SubTitle\",\"searchable\":true,\"sortable\":true}},\"thumbnail\":{\"edit\":{\"label\":\"Thumbnail\",\"description\":\"\",\"placeholder\":\"\",\"visible\":true,\"editable\":true},\"list\":{\"label\":\"Thumbnail\",\"searchable\":false,\"sortable\":false}},\"mainMedia\":{\"edit\":{\"label\":\"MainMedia\",\"description\":\"\",\"placeholder\":\"\",\"visible\":true,\"editable\":true},\"list\":{\"label\":\"MainMedia\",\"searchable\":false,\"sortable\":false}},\"longSubTitle\":{\"edit\":{\"label\":\"LongSubTitle\",\"description\":\"\",\"placeholder\":\"\",\"visible\":true,\"editable\":true},\"list\":{\"label\":\"LongSubTitle\",\"searchable\":true,\"sortable\":true}}},\"layouts\":{\"list\":[\"id\",\"title\",\"thumbnail\",\"subTitle\"],\"edit\":[[{\"name\":\"title\",\"size\":6}],[{\"name\":\"thumbnail\",\"size\":6},{\"name\":\"subTitle\",\"size\":6}],[{\"name\":\"mainMedia\",\"size\":6},{\"name\":\"longSubTitle\",\"size\":6}]],\"editRelations\":[]},\"isComponent\":true}','object','',''),(41,'model_def_application::testimonies.testimonies','{\"uid\":\"application::testimonies.testimonies\",\"collectionName\":\"testimonies\",\"kind\":\"collectionType\",\"info\":{\"name\":\"Testimonies\",\"description\":\"\"},\"options\":{\"increments\":true,\"timestamps\":[\"created_at\",\"updated_at\"],\"draftAndPublish\":true},\"pluginOptions\":{},\"attributes\":{\"fullName\":{\"type\":\"string\",\"required\":true},\"position\":{\"type\":\"string\",\"required\":true},\"testimony\":{\"type\":\"text\",\"required\":true},\"rating\":{\"type\":\"integer\",\"max\":5,\"min\":1,\"required\":true},\"profileImage\":{\"model\":\"file\",\"via\":\"related\",\"allowedTypes\":[\"images\"],\"plugin\":\"upload\",\"required\":false,\"pluginOptions\":{}},\"published_at\":{\"type\":\"datetime\",\"configurable\":false,\"writable\":true,\"visible\":false},\"created_by\":{\"model\":\"user\",\"plugin\":\"admin\",\"configurable\":false,\"writable\":false,\"visible\":false,\"private\":true},\"updated_by\":{\"model\":\"user\",\"plugin\":\"admin\",\"configurable\":false,\"writable\":false,\"visible\":false,\"private\":true}}}','object',NULL,NULL),(42,'plugin_content_manager_configuration_content_types::application::testimonies.testimonies','{\"uid\":\"application::testimonies.testimonies\",\"settings\":{\"bulkable\":true,\"filterable\":true,\"searchable\":true,\"pageSize\":10,\"mainField\":\"fullName\",\"defaultSortBy\":\"fullName\",\"defaultSortOrder\":\"ASC\"},\"metadatas\":{\"id\":{\"edit\":{},\"list\":{\"label\":\"Id\",\"searchable\":true,\"sortable\":true}},\"fullName\":{\"edit\":{\"label\":\"FullName\",\"description\":\"\",\"placeholder\":\"\",\"visible\":true,\"editable\":true},\"list\":{\"label\":\"FullName\",\"searchable\":true,\"sortable\":true}},\"position\":{\"edit\":{\"label\":\"Position\",\"description\":\"\",\"placeholder\":\"\",\"visible\":true,\"editable\":true},\"list\":{\"label\":\"Position\",\"searchable\":true,\"sortable\":true}},\"testimony\":{\"edit\":{\"label\":\"Testimony\",\"description\":\"\",\"placeholder\":\"\",\"visible\":true,\"editable\":true},\"list\":{\"label\":\"Testimony\",\"searchable\":true,\"sortable\":true}},\"rating\":{\"edit\":{\"label\":\"Rating\",\"description\":\"\",\"placeholder\":\"\",\"visible\":true,\"editable\":true},\"list\":{\"label\":\"Rating\",\"searchable\":true,\"sortable\":true}},\"profileImage\":{\"edit\":{\"label\":\"ProfileImage\",\"description\":\"\",\"placeholder\":\"\",\"visible\":true,\"editable\":true},\"list\":{\"label\":\"ProfileImage\",\"searchable\":false,\"sortable\":false}},\"created_at\":{\"edit\":{\"label\":\"Created_at\",\"description\":\"\",\"placeholder\":\"\",\"visible\":false,\"editable\":true},\"list\":{\"label\":\"Created_at\",\"searchable\":true,\"sortable\":true}},\"updated_at\":{\"edit\":{\"label\":\"Updated_at\",\"description\":\"\",\"placeholder\":\"\",\"visible\":false,\"editable\":true},\"list\":{\"label\":\"Updated_at\",\"searchable\":true,\"sortable\":true}}},\"layouts\":{\"edit\":[[{\"name\":\"fullName\",\"size\":6},{\"name\":\"profileImage\",\"size\":6}],[{\"name\":\"position\",\"size\":6}],[{\"name\":\"testimony\",\"size\":6},{\"name\":\"rating\",\"size\":4}]],\"editRelations\":[],\"list\":[\"id\",\"fullName\",\"position\",\"testimony\"]}}','object','',''),(43,'model_def_application::fleets.fleets','{\"uid\":\"application::fleets.fleets\",\"collectionName\":\"fleets\",\"kind\":\"collectionType\",\"info\":{\"name\":\"fleets\",\"description\":\"\"},\"options\":{\"increments\":true,\"timestamps\":[\"created_at\",\"updated_at\"],\"draftAndPublish\":true},\"pluginOptions\":{},\"attributes\":{\"name\":{\"type\":\"string\",\"required\":true},\"description\":{\"type\":\"text\",\"required\":true},\"speed\":{\"type\":\"string\",\"required\":true},\"image\":{\"model\":\"file\",\"via\":\"related\",\"allowedTypes\":[\"images\"],\"plugin\":\"upload\",\"required\":true,\"pluginOptions\":{}},\"published_at\":{\"type\":\"datetime\",\"configurable\":false,\"writable\":true,\"visible\":false},\"created_by\":{\"model\":\"user\",\"plugin\":\"admin\",\"configurable\":false,\"writable\":false,\"visible\":false,\"private\":true},\"updated_by\":{\"model\":\"user\",\"plugin\":\"admin\",\"configurable\":false,\"writable\":false,\"visible\":false,\"private\":true}}}','object',NULL,NULL),(44,'plugin_content_manager_configuration_content_types::application::fleets.fleets','{\"uid\":\"application::fleets.fleets\",\"settings\":{\"bulkable\":true,\"filterable\":true,\"searchable\":true,\"pageSize\":10,\"mainField\":\"name\",\"defaultSortBy\":\"name\",\"defaultSortOrder\":\"ASC\"},\"metadatas\":{\"id\":{\"edit\":{},\"list\":{\"label\":\"Id\",\"searchable\":true,\"sortable\":true}},\"name\":{\"edit\":{\"label\":\"Name\",\"description\":\"\",\"placeholder\":\"\",\"visible\":true,\"editable\":true},\"list\":{\"label\":\"Name\",\"searchable\":true,\"sortable\":true}},\"description\":{\"edit\":{\"label\":\"Description\",\"description\":\"\",\"placeholder\":\"\",\"visible\":true,\"editable\":true},\"list\":{\"label\":\"Description\",\"searchable\":true,\"sortable\":true}},\"speed\":{\"edit\":{\"label\":\"Speed\",\"description\":\"\",\"placeholder\":\"\",\"visible\":true,\"editable\":true},\"list\":{\"label\":\"Speed\",\"searchable\":true,\"sortable\":true}},\"image\":{\"edit\":{\"label\":\"Image\",\"description\":\"\",\"placeholder\":\"\",\"visible\":true,\"editable\":true},\"list\":{\"label\":\"Image\",\"searchable\":false,\"sortable\":false}},\"created_at\":{\"edit\":{\"label\":\"Created_at\",\"description\":\"\",\"placeholder\":\"\",\"visible\":false,\"editable\":true},\"list\":{\"label\":\"Created_at\",\"searchable\":true,\"sortable\":true}},\"updated_at\":{\"edit\":{\"label\":\"Updated_at\",\"description\":\"\",\"placeholder\":\"\",\"visible\":false,\"editable\":true},\"list\":{\"label\":\"Updated_at\",\"searchable\":true,\"sortable\":true}}},\"layouts\":{\"list\":[\"id\",\"name\",\"description\",\"speed\"],\"editRelations\":[],\"edit\":[[{\"name\":\"name\",\"size\":6},{\"name\":\"description\",\"size\":6}],[{\"name\":\"speed\",\"size\":6},{\"name\":\"image\",\"size\":6}]]}}','object','',''),(45,'model_def_application::corporate-page.corporate-page','{\"uid\":\"application::corporate-page.corporate-page\",\"collectionName\":\"corporate_pages\",\"kind\":\"singleType\",\"info\":{\"name\":\"CorporatePage\",\"description\":\"\"},\"options\":{\"increments\":true,\"timestamps\":[\"created_at\",\"updated_at\"],\"draftAndPublish\":true},\"pluginOptions\":{},\"attributes\":{\"hero\":{\"type\":\"component\",\"repeatable\":false,\"component\":\"section.hero\"},\"infoSectionTitle\":{\"type\":\"string\"},\"infoSectionSubTitle\":{\"type\":\"string\"},\"safetySectionTitle\":{\"type\":\"string\"},\"safetySectionSubTitle\":{\"type\":\"string\"},\"architectureSectionTitle\":{\"type\":\"string\"},\"architectureSectionSubTitle\":{\"type\":\"string\"},\"expenseTrackerSectionTitle\":{\"type\":\"string\"},\"expenseSectionSubTitle\":{\"type\":\"string\"},\"infoSectionImage\":{\"model\":\"file\",\"via\":\"related\",\"allowedTypes\":[\"images\"],\"plugin\":\"upload\",\"required\":false,\"pluginOptions\":{}},\"published_at\":{\"type\":\"datetime\",\"configurable\":false,\"writable\":true,\"visible\":false},\"created_by\":{\"model\":\"user\",\"plugin\":\"admin\",\"configurable\":false,\"writable\":false,\"visible\":false,\"private\":true},\"updated_by\":{\"model\":\"user\",\"plugin\":\"admin\",\"configurable\":false,\"writable\":false,\"visible\":false,\"private\":true}}}','object',NULL,NULL),(46,'plugin_content_manager_configuration_content_types::application::corporate-page.corporate-page','{\"uid\":\"application::corporate-page.corporate-page\",\"settings\":{\"bulkable\":true,\"filterable\":true,\"searchable\":true,\"pageSize\":10,\"mainField\":\"id\",\"defaultSortBy\":\"id\",\"defaultSortOrder\":\"ASC\"},\"metadatas\":{\"infoSectionTitle\":{\"edit\":{\"label\":\"InfoSectionTitle\",\"description\":\"\",\"placeholder\":\"\",\"visible\":true,\"editable\":true},\"list\":{\"label\":\"InfoSectionTitle\",\"searchable\":true,\"sortable\":true}},\"infoSectionImage\":{\"edit\":{\"label\":\"InfoSectionImage\",\"description\":\"\",\"placeholder\":\"\",\"visible\":true,\"editable\":true},\"list\":{\"label\":\"InfoSectionImage\",\"searchable\":false,\"sortable\":false}},\"safetySectionTitle\":{\"edit\":{\"label\":\"SafetySectionTitle\",\"description\":\"\",\"placeholder\":\"\",\"visible\":true,\"editable\":true},\"list\":{\"label\":\"SafetySectionTitle\",\"searchable\":true,\"sortable\":true}},\"expenseSectionSubTitle\":{\"edit\":{\"label\":\"ExpenseSectionSubTitle\",\"description\":\"\",\"placeholder\":\"\",\"visible\":true,\"editable\":true},\"list\":{\"label\":\"ExpenseSectionSubTitle\",\"searchable\":true,\"sortable\":true}},\"architectureSectionTitle\":{\"edit\":{\"label\":\"ArchitectureSectionTitle\",\"description\":\"\",\"placeholder\":\"\",\"visible\":true,\"editable\":true},\"list\":{\"label\":\"ArchitectureSectionTitle\",\"searchable\":true,\"sortable\":true}},\"architectureSectionSubTitle\":{\"edit\":{\"label\":\"ArchitectureSectionSubTitle\",\"description\":\"\",\"placeholder\":\"\",\"visible\":true,\"editable\":true},\"list\":{\"label\":\"ArchitectureSectionSubTitle\",\"searchable\":true,\"sortable\":true}},\"created_at\":{\"edit\":{\"label\":\"Created_at\",\"description\":\"\",\"placeholder\":\"\",\"visible\":false,\"editable\":true},\"list\":{\"label\":\"Created_at\",\"searchable\":true,\"sortable\":true}},\"safetySectionSubTitle\":{\"edit\":{\"label\":\"SafetySectionSubTitle\",\"description\":\"\",\"placeholder\":\"\",\"visible\":true,\"editable\":true},\"list\":{\"label\":\"SafetySectionSubTitle\",\"searchable\":true,\"sortable\":true}},\"infoSectionSubTitle\":{\"edit\":{\"label\":\"InfoSectionSubTitle\",\"description\":\"\",\"placeholder\":\"\",\"visible\":true,\"editable\":true},\"list\":{\"label\":\"InfoSectionSubTitle\",\"searchable\":true,\"sortable\":true}},\"expenseTrackerSectionTitle\":{\"edit\":{\"label\":\"ExpenseTrackerSectionTitle\",\"description\":\"\",\"placeholder\":\"\",\"visible\":true,\"editable\":true},\"list\":{\"label\":\"ExpenseTrackerSectionTitle\",\"searchable\":true,\"sortable\":true}},\"updated_at\":{\"edit\":{\"label\":\"Updated_at\",\"description\":\"\",\"placeholder\":\"\",\"visible\":false,\"editable\":true},\"list\":{\"label\":\"Updated_at\",\"searchable\":true,\"sortable\":true}},\"hero\":{\"edit\":{\"label\":\"Hero\",\"description\":\"\",\"placeholder\":\"\",\"visible\":true,\"editable\":true},\"list\":{\"label\":\"Hero\",\"searchable\":false,\"sortable\":false}},\"id\":{\"edit\":{},\"list\":{\"label\":\"Id\",\"searchable\":true,\"sortable\":true}}},\"layouts\":{\"edit\":[[{\"name\":\"hero\",\"size\":12}],[{\"name\":\"infoSectionImage\",\"size\":6},{\"name\":\"infoSectionTitle\",\"size\":6}],[{\"name\":\"infoSectionSubTitle\",\"size\":6}],[{\"name\":\"safetySectionTitle\",\"size\":6},{\"name\":\"safetySectionSubTitle\",\"size\":6}],[{\"name\":\"architectureSectionTitle\",\"size\":6},{\"name\":\"architectureSectionSubTitle\",\"size\":6}],[{\"name\":\"expenseTrackerSectionTitle\",\"size\":6},{\"name\":\"expenseSectionSubTitle\",\"size\":6}]],\"editRelations\":[],\"list\":[\"id\",\"created_at\",\"updated_at\",\"infoSectionTitle\"]}}','object','',''),(47,'model_def_application::articles-page.articles-page','{\"uid\":\"application::articles-page.articles-page\",\"collectionName\":\"articles_pages\",\"kind\":\"collectionType\",\"info\":{\"name\":\"ArticlesPage\",\"description\":\"\"},\"options\":{\"increments\":true,\"timestamps\":[\"created_at\",\"updated_at\"],\"draftAndPublish\":true},\"pluginOptions\":{},\"attributes\":{\"hero\":{\"type\":\"component\",\"repeatable\":false,\"component\":\"section.hero\"},\"published_at\":{\"type\":\"datetime\",\"configurable\":false,\"writable\":true,\"visible\":false},\"created_by\":{\"model\":\"user\",\"plugin\":\"admin\",\"configurable\":false,\"writable\":false,\"visible\":false,\"private\":true},\"updated_by\":{\"model\":\"user\",\"plugin\":\"admin\",\"configurable\":false,\"writable\":false,\"visible\":false,\"private\":true}}}','object',NULL,NULL),(49,'model_def_application::article-page.article-page','{\"uid\":\"application::article-page.article-page\",\"collectionName\":\"article_pages\",\"kind\":\"singleType\",\"info\":{\"name\":\"ArticlePage\"},\"options\":{\"increments\":true,\"timestamps\":[\"created_at\",\"updated_at\"],\"draftAndPublish\":true},\"pluginOptions\":{},\"attributes\":{\"hero\":{\"type\":\"component\",\"repeatable\":false,\"component\":\"section.hero\"},\"published_at\":{\"type\":\"datetime\",\"configurable\":false,\"writable\":true,\"visible\":false},\"created_by\":{\"model\":\"user\",\"plugin\":\"admin\",\"configurable\":false,\"writable\":false,\"visible\":false,\"private\":true},\"updated_by\":{\"model\":\"user\",\"plugin\":\"admin\",\"configurable\":false,\"writable\":false,\"visible\":false,\"private\":true}}}','object',NULL,NULL),(50,'plugin_content_manager_configuration_content_types::application::article-page.article-page','{\"uid\":\"application::article-page.article-page\",\"settings\":{\"bulkable\":true,\"filterable\":true,\"searchable\":true,\"pageSize\":10,\"mainField\":\"id\",\"defaultSortBy\":\"id\",\"defaultSortOrder\":\"ASC\"},\"metadatas\":{\"id\":{\"edit\":{},\"list\":{\"label\":\"Id\",\"searchable\":true,\"sortable\":true}},\"hero\":{\"edit\":{\"label\":\"Hero\",\"description\":\"\",\"placeholder\":\"\",\"visible\":true,\"editable\":true},\"list\":{\"label\":\"Hero\",\"searchable\":false,\"sortable\":false}},\"created_at\":{\"edit\":{\"label\":\"Created_at\",\"description\":\"\",\"placeholder\":\"\",\"visible\":false,\"editable\":true},\"list\":{\"label\":\"Created_at\",\"searchable\":true,\"sortable\":true}},\"updated_at\":{\"edit\":{\"label\":\"Updated_at\",\"description\":\"\",\"placeholder\":\"\",\"visible\":false,\"editable\":true},\"list\":{\"label\":\"Updated_at\",\"searchable\":true,\"sortable\":true}}},\"layouts\":{\"list\":[\"id\",\"created_at\",\"updated_at\"],\"editRelations\":[],\"edit\":[[{\"name\":\"hero\",\"size\":12}]]}}','object','',''),(51,'model_def_application::contact-us.contact-us','{\"uid\":\"application::contact-us.contact-us\",\"collectionName\":\"contactuses\",\"kind\":\"singleType\",\"info\":{\"name\":\"contactUsPage\",\"description\":\"\"},\"options\":{\"increments\":true,\"timestamps\":[\"created_at\",\"updated_at\"],\"draftAndPublish\":true},\"pluginOptions\":{},\"attributes\":{\"hero\":{\"type\":\"component\",\"repeatable\":false,\"component\":\"section.hero\"},\"published_at\":{\"type\":\"datetime\",\"configurable\":false,\"writable\":true,\"visible\":false},\"created_by\":{\"model\":\"user\",\"plugin\":\"admin\",\"configurable\":false,\"writable\":false,\"visible\":false,\"private\":true},\"updated_by\":{\"model\":\"user\",\"plugin\":\"admin\",\"configurable\":false,\"writable\":false,\"visible\":false,\"private\":true}}}','object',NULL,NULL),(53,'model_def_application::about-us-page.about-us-page','{\"uid\":\"application::about-us-page.about-us-page\",\"collectionName\":\"about_us_pages\",\"kind\":\"singleType\",\"info\":{\"name\":\"aboutUsPage\",\"description\":\"\"},\"options\":{\"increments\":true,\"timestamps\":[\"created_at\",\"updated_at\"],\"draftAndPublish\":true},\"pluginOptions\":{},\"attributes\":{\"hero\":{\"type\":\"component\",\"repeatable\":false,\"component\":\"section.hero\"},\"aboutUsSectionTitle\":{\"type\":\"string\"},\"aboutUsSectionPrimaryImage\":{\"model\":\"file\",\"via\":\"related\",\"allowedTypes\":[\"images\"],\"plugin\":\"upload\",\"required\":true,\"pluginOptions\":{}},\"aboutUsSectionDescription\":{\"type\":\"component\",\"repeatable\":true,\"component\":\"text.paragraph\"},\"aboutUsSectionSecondaryImage\":{\"model\":\"file\",\"via\":\"related\",\"allowedTypes\":[\"images\"],\"plugin\":\"upload\",\"required\":false,\"pluginOptions\":{}},\"whyUsSectionTitle\":{\"type\":\"string\"},\"whyUsSectionSubTitle\":{\"type\":\"string\"},\"whyAsMainImage\":{\"model\":\"file\",\"via\":\"related\",\"allowedTypes\":[\"images\"],\"plugin\":\"upload\",\"required\":false,\"pluginOptions\":{}},\"ourPartnersSectionTitle\":{\"type\":\"string\"},\"ourPartnersSectionSubTitle\":{\"type\":\"string\"},\"ourPartnersSectionDescription\":{\"type\":\"text\"},\"ourTeamSectionTitle\":{\"type\":\"string\"},\"ourTeamSectionSubTitle\":{\"type\":\"string\"},\"published_at\":{\"type\":\"datetime\",\"configurable\":false,\"writable\":true,\"visible\":false},\"created_by\":{\"model\":\"user\",\"plugin\":\"admin\",\"configurable\":false,\"writable\":false,\"visible\":false,\"private\":true},\"updated_by\":{\"model\":\"user\",\"plugin\":\"admin\",\"configurable\":false,\"writable\":false,\"visible\":false,\"private\":true}}}','object',NULL,NULL),(54,'plugin_content_manager_configuration_content_types::application::about-us-page.about-us-page','{\"uid\":\"application::about-us-page.about-us-page\",\"settings\":{\"bulkable\":true,\"filterable\":true,\"searchable\":true,\"pageSize\":10,\"mainField\":\"id\",\"defaultSortBy\":\"id\",\"defaultSortOrder\":\"ASC\"},\"metadatas\":{\"id\":{\"edit\":{},\"list\":{\"label\":\"Id\",\"searchable\":true,\"sortable\":true}},\"hero\":{\"edit\":{\"label\":\"Hero\",\"description\":\"\",\"placeholder\":\"\",\"visible\":true,\"editable\":true},\"list\":{\"label\":\"Hero\",\"searchable\":false,\"sortable\":false}},\"aboutUsSectionTitle\":{\"edit\":{\"label\":\"AboutUsSectionTitle\",\"description\":\"\",\"placeholder\":\"\",\"visible\":true,\"editable\":true},\"list\":{\"label\":\"AboutUsSectionTitle\",\"searchable\":true,\"sortable\":true}},\"aboutUsSectionPrimaryImage\":{\"edit\":{\"label\":\"AboutUsSectionPrimaryImage\",\"description\":\"\",\"placeholder\":\"\",\"visible\":true,\"editable\":true},\"list\":{\"label\":\"AboutUsSectionPrimaryImage\",\"searchable\":false,\"sortable\":false}},\"aboutUsSectionDescription\":{\"edit\":{\"label\":\"AboutUsSectionDescription\",\"description\":\"\",\"placeholder\":\"\",\"visible\":true,\"editable\":true},\"list\":{\"label\":\"AboutUsSectionDescription\",\"searchable\":false,\"sortable\":false}},\"aboutUsSectionSecondaryImage\":{\"edit\":{\"label\":\"AboutUsSectionSecondaryImage\",\"description\":\"\",\"placeholder\":\"\",\"visible\":true,\"editable\":true},\"list\":{\"label\":\"AboutUsSectionSecondaryImage\",\"searchable\":false,\"sortable\":false}},\"whyUsSectionTitle\":{\"edit\":{\"label\":\"WhyUsSectionTitle\",\"description\":\"\",\"placeholder\":\"\",\"visible\":true,\"editable\":true},\"list\":{\"label\":\"WhyUsSectionTitle\",\"searchable\":true,\"sortable\":true}},\"whyUsSectionSubTitle\":{\"edit\":{\"label\":\"WhyUsSectionSubTitle\",\"description\":\"\",\"placeholder\":\"\",\"visible\":true,\"editable\":true},\"list\":{\"label\":\"WhyUsSectionSubTitle\",\"searchable\":true,\"sortable\":true}},\"whyAsMainImage\":{\"edit\":{\"label\":\"WhyAsMainImage\",\"description\":\"\",\"placeholder\":\"\",\"visible\":true,\"editable\":true},\"list\":{\"label\":\"WhyAsMainImage\",\"searchable\":false,\"sortable\":false}},\"ourPartnersSectionTitle\":{\"edit\":{\"label\":\"OurPartnersSectionTitle\",\"description\":\"\",\"placeholder\":\"\",\"visible\":true,\"editable\":true},\"list\":{\"label\":\"OurPartnersSectionTitle\",\"searchable\":true,\"sortable\":true}},\"ourPartnersSectionSubTitle\":{\"edit\":{\"label\":\"OurPartnersSectionSubTitle\",\"description\":\"\",\"placeholder\":\"\",\"visible\":true,\"editable\":true},\"list\":{\"label\":\"OurPartnersSectionSubTitle\",\"searchable\":true,\"sortable\":true}},\"ourPartnersSectionDescription\":{\"edit\":{\"label\":\"OurPartnersSectionDescription\",\"description\":\"\",\"placeholder\":\"\",\"visible\":true,\"editable\":true},\"list\":{\"label\":\"OurPartnersSectionDescription\",\"searchable\":true,\"sortable\":true}},\"ourTeamSectionTitle\":{\"edit\":{\"label\":\"OurTeamSectionTitle\",\"description\":\"\",\"placeholder\":\"\",\"visible\":true,\"editable\":true},\"list\":{\"label\":\"OurTeamSectionTitle\",\"searchable\":true,\"sortable\":true}},\"ourTeamSectionSubTitle\":{\"edit\":{\"label\":\"OurTeamSectionSubTitle\",\"description\":\"\",\"placeholder\":\"\",\"visible\":true,\"editable\":true},\"list\":{\"label\":\"OurTeamSectionSubTitle\",\"searchable\":true,\"sortable\":true}},\"created_at\":{\"edit\":{\"label\":\"Created_at\",\"description\":\"\",\"placeholder\":\"\",\"visible\":false,\"editable\":true},\"list\":{\"label\":\"Created_at\",\"searchable\":true,\"sortable\":true}},\"updated_at\":{\"edit\":{\"label\":\"Updated_at\",\"description\":\"\",\"placeholder\":\"\",\"visible\":false,\"editable\":true},\"list\":{\"label\":\"Updated_at\",\"searchable\":true,\"sortable\":true}}},\"layouts\":{\"list\":[\"id\",\"created_at\",\"updated_at\",\"aboutUsSectionTitle\"],\"edit\":[[{\"name\":\"hero\",\"size\":12}],[{\"name\":\"aboutUsSectionTitle\",\"size\":6}],[{\"name\":\"aboutUsSectionDescription\",\"size\":12}],[{\"name\":\"aboutUsSectionPrimaryImage\",\"size\":6},{\"name\":\"aboutUsSectionSecondaryImage\",\"size\":6}],[{\"name\":\"whyUsSectionTitle\",\"size\":6}],[{\"name\":\"whyAsMainImage\",\"size\":6},{\"name\":\"whyUsSectionSubTitle\",\"size\":6}],[{\"name\":\"ourPartnersSectionTitle\",\"size\":6},{\"name\":\"ourPartnersSectionSubTitle\",\"size\":6}],[{\"name\":\"ourPartnersSectionDescription\",\"size\":6},{\"name\":\"ourTeamSectionTitle\",\"size\":6}],[{\"name\":\"ourTeamSectionSubTitle\",\"size\":6}]],\"editRelations\":[]}}','object','',''),(55,'model_def_application::contact-us-page.contact-us-page','{\"uid\":\"application::contact-us-page.contact-us-page\",\"collectionName\":\"contact_us_pages\",\"kind\":\"singleType\",\"info\":{\"name\":\"contactUsPage\",\"description\":\"\"},\"options\":{\"increments\":true,\"timestamps\":[\"created_at\",\"updated_at\"],\"draftAndPublish\":true},\"pluginOptions\":{},\"attributes\":{\"hero\":{\"type\":\"component\",\"repeatable\":false,\"component\":\"section.hero\"},\"contactUsSectionTitle\":{\"type\":\"string\"},\"contactUsSectionSubTitle\":{\"type\":\"string\"},\"officesSectionTitle\":{\"type\":\"string\"},\"officesSectionSubTitle\":{\"type\":\"string\"},\"published_at\":{\"type\":\"datetime\",\"configurable\":false,\"writable\":true,\"visible\":false},\"created_by\":{\"model\":\"user\",\"plugin\":\"admin\",\"configurable\":false,\"writable\":false,\"visible\":false,\"private\":true},\"updated_by\":{\"model\":\"user\",\"plugin\":\"admin\",\"configurable\":false,\"writable\":false,\"visible\":false,\"private\":true}}}','object',NULL,NULL),(56,'plugin_content_manager_configuration_content_types::application::contact-us-page.contact-us-page','{\"uid\":\"application::contact-us-page.contact-us-page\",\"settings\":{\"bulkable\":true,\"filterable\":true,\"searchable\":true,\"pageSize\":10,\"mainField\":\"id\",\"defaultSortBy\":\"id\",\"defaultSortOrder\":\"ASC\"},\"metadatas\":{\"id\":{\"edit\":{},\"list\":{\"label\":\"Id\",\"searchable\":true,\"sortable\":true}},\"hero\":{\"edit\":{\"label\":\"Hero\",\"description\":\"\",\"placeholder\":\"\",\"visible\":true,\"editable\":true},\"list\":{\"label\":\"Hero\",\"searchable\":false,\"sortable\":false}},\"contactUsSectionTitle\":{\"edit\":{\"label\":\"ContactUsSectionTitle\",\"description\":\"\",\"placeholder\":\"\",\"visible\":true,\"editable\":true},\"list\":{\"label\":\"ContactUsSectionTitle\",\"searchable\":true,\"sortable\":true}},\"contactUsSectionSubTitle\":{\"edit\":{\"label\":\"ContactUsSectionSubTitle\",\"description\":\"\",\"placeholder\":\"\",\"visible\":true,\"editable\":true},\"list\":{\"label\":\"ContactUsSectionSubTitle\",\"searchable\":true,\"sortable\":true}},\"officesSectionTitle\":{\"edit\":{\"label\":\"OfficesSectionTitle\",\"description\":\"\",\"placeholder\":\"\",\"visible\":true,\"editable\":true},\"list\":{\"label\":\"OfficesSectionTitle\",\"searchable\":true,\"sortable\":true}},\"officesSectionSubTitle\":{\"edit\":{\"label\":\"OfficesSectionSubTitle\",\"description\":\"\",\"placeholder\":\"\",\"visible\":true,\"editable\":true},\"list\":{\"label\":\"OfficesSectionSubTitle\",\"searchable\":true,\"sortable\":true}},\"created_at\":{\"edit\":{\"label\":\"Created_at\",\"description\":\"\",\"placeholder\":\"\",\"visible\":false,\"editable\":true},\"list\":{\"label\":\"Created_at\",\"searchable\":true,\"sortable\":true}},\"updated_at\":{\"edit\":{\"label\":\"Updated_at\",\"description\":\"\",\"placeholder\":\"\",\"visible\":false,\"editable\":true},\"list\":{\"label\":\"Updated_at\",\"searchable\":true,\"sortable\":true}}},\"layouts\":{\"list\":[\"id\",\"created_at\",\"updated_at\",\"contactUsSectionTitle\"],\"edit\":[[{\"name\":\"hero\",\"size\":12}],[{\"name\":\"contactUsSectionTitle\",\"size\":6},{\"name\":\"contactUsSectionSubTitle\",\"size\":6}],[{\"name\":\"officesSectionTitle\",\"size\":6},{\"name\":\"officesSectionSubTitle\",\"size\":6}]],\"editRelations\":[]}}','object','',''),(57,'model_def_application::become-a-driver-page.become-a-driver-page','{\"uid\":\"application::become-a-driver-page.become-a-driver-page\",\"collectionName\":\"become_a_driver_pages\",\"kind\":\"singleType\",\"info\":{\"name\":\"becomeADriverPage\",\"description\":\"\"},\"options\":{\"increments\":true,\"timestamps\":[\"created_at\",\"updated_at\"],\"draftAndPublish\":true},\"pluginOptions\":{},\"attributes\":{\"hero\":{\"type\":\"component\",\"repeatable\":false,\"component\":\"section.hero\"},\"workFreedomSectionTitle\":{\"type\":\"string\"},\"workFreedomSectionSubTitle\":{\"type\":\"text\"},\"requirmentSectionTitle\":{\"type\":\"string\"},\"requirmentSectionSubTitle\":{\"type\":\"text\"},\"safetySectionTitle\":{\"type\":\"string\"},\"safetySectionSubTitle\":{\"type\":\"text\"},\"getStartedSectionTitle\":{\"type\":\"string\"},\"requirmentsMainImage\":{\"model\":\"file\",\"via\":\"related\",\"allowedTypes\":[\"images\"],\"plugin\":\"upload\",\"required\":true,\"pluginOptions\":{}},\"published_at\":{\"type\":\"datetime\",\"configurable\":false,\"writable\":true,\"visible\":false},\"created_by\":{\"model\":\"user\",\"plugin\":\"admin\",\"configurable\":false,\"writable\":false,\"visible\":false,\"private\":true},\"updated_by\":{\"model\":\"user\",\"plugin\":\"admin\",\"configurable\":false,\"writable\":false,\"visible\":false,\"private\":true}}}','object',NULL,NULL),(58,'plugin_content_manager_configuration_content_types::application::become-a-driver-page.become-a-driver-page','{\"uid\":\"application::become-a-driver-page.become-a-driver-page\",\"settings\":{\"bulkable\":true,\"filterable\":true,\"searchable\":true,\"pageSize\":10,\"mainField\":\"id\",\"defaultSortBy\":\"id\",\"defaultSortOrder\":\"ASC\"},\"metadatas\":{\"safetySectionTitle\":{\"edit\":{\"label\":\"SafetySectionTitle\",\"description\":\"\",\"placeholder\":\"\",\"visible\":true,\"editable\":true},\"list\":{\"label\":\"SafetySectionTitle\",\"searchable\":true,\"sortable\":true}},\"created_at\":{\"edit\":{\"label\":\"Created_at\",\"description\":\"\",\"placeholder\":\"\",\"visible\":false,\"editable\":true},\"list\":{\"label\":\"Created_at\",\"searchable\":true,\"sortable\":true}},\"safetySectionSubTitle\":{\"edit\":{\"label\":\"SafetySectionSubTitle\",\"description\":\"\",\"placeholder\":\"\",\"visible\":true,\"editable\":true},\"list\":{\"label\":\"SafetySectionSubTitle\",\"searchable\":true,\"sortable\":true}},\"requirmentsMainImage\":{\"edit\":{\"label\":\"RequirmentsMainImage\",\"description\":\"\",\"placeholder\":\"\",\"visible\":true,\"editable\":true},\"list\":{\"label\":\"RequirmentsMainImage\",\"searchable\":false,\"sortable\":false}},\"requirmentSectionTitle\":{\"edit\":{\"label\":\"RequirmentSectionTitle\",\"description\":\"\",\"placeholder\":\"\",\"visible\":true,\"editable\":true},\"list\":{\"label\":\"RequirmentSectionTitle\",\"searchable\":true,\"sortable\":true}},\"updated_at\":{\"edit\":{\"label\":\"Updated_at\",\"description\":\"\",\"placeholder\":\"\",\"visible\":false,\"editable\":true},\"list\":{\"label\":\"Updated_at\",\"searchable\":true,\"sortable\":true}},\"workFreedomSectionSubTitle\":{\"edit\":{\"label\":\"WorkFreedomSectionSubTitle\",\"description\":\"\",\"placeholder\":\"\",\"visible\":true,\"editable\":true},\"list\":{\"label\":\"WorkFreedomSectionSubTitle\",\"searchable\":true,\"sortable\":true}},\"workFreedomSectionTitle\":{\"edit\":{\"label\":\"WorkFreedomSectionTitle\",\"description\":\"\",\"placeholder\":\"\",\"visible\":true,\"editable\":true},\"list\":{\"label\":\"WorkFreedomSectionTitle\",\"searchable\":true,\"sortable\":true}},\"hero\":{\"edit\":{\"label\":\"Hero\",\"description\":\"\",\"placeholder\":\"\",\"visible\":true,\"editable\":true},\"list\":{\"label\":\"Hero\",\"searchable\":false,\"sortable\":false}},\"id\":{\"edit\":{},\"list\":{\"label\":\"Id\",\"searchable\":true,\"sortable\":true}},\"getStartedSectionTitle\":{\"edit\":{\"label\":\"GetStartedSectionTitle\",\"description\":\"\",\"placeholder\":\"\",\"visible\":true,\"editable\":true},\"list\":{\"label\":\"GetStartedSectionTitle\",\"searchable\":true,\"sortable\":true}},\"requirmentSectionSubTitle\":{\"edit\":{\"label\":\"RequirmentSectionSubTitle\",\"description\":\"\",\"placeholder\":\"\",\"visible\":true,\"editable\":true},\"list\":{\"label\":\"RequirmentSectionSubTitle\",\"searchable\":true,\"sortable\":true}}},\"layouts\":{\"edit\":[[{\"name\":\"hero\",\"size\":12}],[{\"name\":\"workFreedomSectionTitle\",\"size\":6},{\"name\":\"workFreedomSectionSubTitle\",\"size\":6}],[{\"name\":\"requirmentSectionTitle\",\"size\":6}],[{\"name\":\"requirmentSectionSubTitle\",\"size\":6}],[{\"name\":\"safetySectionTitle\",\"size\":6},{\"name\":\"safetySectionSubTitle\",\"size\":6}],[{\"name\":\"getStartedSectionTitle\",\"size\":6},{\"name\":\"requirmentsMainImage\",\"size\":6}]],\"editRelations\":[],\"list\":[\"id\",\"created_at\",\"updated_at\",\"workFreedomSectionTitle\"]}}','object','',''),(59,'model_def_text.quote','{\"uid\":\"text.quote\",\"collectionName\":\"components_text_quotes\",\"info\":{\"name\":\"quote\",\"icon\":\"address-book\"},\"options\":{\"timestamps\":false},\"attributes\":{\"content\":{\"type\":\"string\"}}}','object',NULL,NULL),(60,'plugin_content_manager_configuration_components::text.quote','{\"uid\":\"text.quote\",\"settings\":{\"bulkable\":true,\"filterable\":true,\"searchable\":true,\"pageSize\":10,\"mainField\":\"content\",\"defaultSortBy\":\"content\",\"defaultSortOrder\":\"ASC\"},\"metadatas\":{\"id\":{\"edit\":{},\"list\":{\"label\":\"Id\",\"searchable\":false,\"sortable\":false}},\"content\":{\"edit\":{\"label\":\"Content\",\"description\":\"\",\"placeholder\":\"\",\"visible\":true,\"editable\":true},\"list\":{\"label\":\"Content\",\"searchable\":true,\"sortable\":true}}},\"layouts\":{\"list\":[\"id\",\"content\"],\"edit\":[[{\"name\":\"content\",\"size\":6}]],\"editRelations\":[]},\"isComponent\":true}','object','',''),(61,'model_def_application::address.address','{\"uid\":\"application::address.address\",\"collectionName\":\"addresses\",\"kind\":\"collectionType\",\"info\":{\"name\":\"address\",\"description\":\"\"},\"options\":{\"increments\":true,\"timestamps\":[\"created_at\",\"updated_at\"],\"draftAndPublish\":true},\"pluginOptions\":{},\"attributes\":{\"name\":{\"type\":\"string\"},\"openHours\":{\"type\":\"component\",\"repeatable\":false,\"component\":\"address.lists\"},\"contactCenter\":{\"type\":\"component\",\"repeatable\":false,\"component\":\"address.lists\"},\"lat\":{\"type\":\"float\"},\"lng\":{\"type\":\"float\"},\"published_at\":{\"type\":\"datetime\",\"configurable\":false,\"writable\":true,\"visible\":false},\"created_by\":{\"model\":\"user\",\"plugin\":\"admin\",\"configurable\":false,\"writable\":false,\"visible\":false,\"private\":true},\"updated_by\":{\"model\":\"user\",\"plugin\":\"admin\",\"configurable\":false,\"writable\":false,\"visible\":false,\"private\":true}}}','object',NULL,NULL),(62,'plugin_content_manager_configuration_content_types::application::address.address','{\"uid\":\"application::address.address\",\"settings\":{\"bulkable\":true,\"filterable\":true,\"searchable\":true,\"pageSize\":10,\"mainField\":\"name\",\"defaultSortBy\":\"name\",\"defaultSortOrder\":\"ASC\"},\"metadatas\":{\"id\":{\"edit\":{},\"list\":{\"label\":\"Id\",\"searchable\":true,\"sortable\":true}},\"name\":{\"edit\":{\"label\":\"Name\",\"description\":\"\",\"placeholder\":\"\",\"visible\":true,\"editable\":true},\"list\":{\"label\":\"Name\",\"searchable\":true,\"sortable\":true}},\"openHours\":{\"edit\":{\"label\":\"OpenHours\",\"description\":\"\",\"placeholder\":\"\",\"visible\":true,\"editable\":true},\"list\":{\"label\":\"OpenHours\",\"searchable\":false,\"sortable\":false}},\"contactCenter\":{\"edit\":{\"label\":\"ContactCenter\",\"description\":\"\",\"placeholder\":\"\",\"visible\":true,\"editable\":true},\"list\":{\"label\":\"ContactCenter\",\"searchable\":false,\"sortable\":false}},\"lat\":{\"edit\":{\"label\":\"Lat\",\"description\":\"\",\"placeholder\":\"\",\"visible\":true,\"editable\":true},\"list\":{\"label\":\"Lat\",\"searchable\":true,\"sortable\":true}},\"lng\":{\"edit\":{\"label\":\"Lng\",\"description\":\"\",\"placeholder\":\"\",\"visible\":true,\"editable\":true},\"list\":{\"label\":\"Lng\",\"searchable\":true,\"sortable\":true}},\"created_at\":{\"edit\":{\"label\":\"Created_at\",\"description\":\"\",\"placeholder\":\"\",\"visible\":false,\"editable\":true},\"list\":{\"label\":\"Created_at\",\"searchable\":true,\"sortable\":true}},\"updated_at\":{\"edit\":{\"label\":\"Updated_at\",\"description\":\"\",\"placeholder\":\"\",\"visible\":false,\"editable\":true},\"list\":{\"label\":\"Updated_at\",\"searchable\":true,\"sortable\":true}}},\"layouts\":{\"list\":[\"id\",\"created_at\",\"name\",\"lat\"],\"edit\":[[{\"name\":\"name\",\"size\":6}],[{\"name\":\"openHours\",\"size\":12}],[{\"name\":\"contactCenter\",\"size\":12}],[{\"name\":\"lat\",\"size\":4},{\"name\":\"lng\",\"size\":4}]],\"editRelations\":[]}}','object','',''),(63,'model_def_address.lists','{\"uid\":\"address.lists\",\"collectionName\":\"components_address_lists\",\"info\":{\"name\":\"lists\",\"icon\":\"align-center\",\"description\":\"\"},\"options\":{\"timestamps\":false},\"attributes\":{\"header\":{\"type\":\"string\"},\"content\":{\"type\":\"component\",\"repeatable\":true,\"component\":\"adress-content.content\"}}}','object',NULL,NULL),(64,'plugin_content_manager_configuration_components::address.lists','{\"uid\":\"address.lists\",\"settings\":{\"bulkable\":true,\"filterable\":true,\"searchable\":true,\"pageSize\":10,\"mainField\":\"header\",\"defaultSortBy\":\"header\",\"defaultSortOrder\":\"ASC\"},\"metadatas\":{\"id\":{\"edit\":{},\"list\":{\"label\":\"Id\",\"searchable\":false,\"sortable\":false}},\"header\":{\"edit\":{\"label\":\"Header\",\"description\":\"\",\"placeholder\":\"\",\"visible\":true,\"editable\":true},\"list\":{\"label\":\"Header\",\"searchable\":true,\"sortable\":true}},\"content\":{\"edit\":{\"label\":\"Content\",\"description\":\"\",\"placeholder\":\"\",\"visible\":true,\"editable\":true},\"list\":{\"label\":\"Content\",\"searchable\":false,\"sortable\":false}}},\"layouts\":{\"list\":[\"id\",\"header\"],\"edit\":[[{\"name\":\"header\",\"size\":6}],[{\"name\":\"content\",\"size\":12}]],\"editRelations\":[]},\"isComponent\":true}','object','',''),(65,'model_def_address-list.content','{\"uid\":\"address-list.content\",\"collectionName\":\"components_address_list_contents\",\"info\":{\"name\":\"content\",\"icon\":\"angle-double-down\"},\"options\":{\"timestamps\":false},\"attributes\":{\"title\":{\"type\":\"string\"},\"subTitle\":{\"type\":\"string\"}}}','object',NULL,NULL),(67,'model_def_open-hour-list.content','{\"uid\":\"open-hour-list.content\",\"collectionName\":\"components_open_hour_list_contents\",\"info\":{\"name\":\"content\",\"icon\":\"address-card\"},\"options\":{\"timestamps\":false},\"attributes\":{\"title\":{\"type\":\"string\"},\"subTitle\":{\"type\":\"string\"}}}','object',NULL,NULL),(69,'model_def_adress-content.content','{\"uid\":\"adress-content.content\",\"collectionName\":\"components_open_hour_list_contents\",\"info\":{\"name\":\"content\",\"icon\":\"address-card\",\"description\":\"\"},\"options\":{\"timestamps\":false},\"attributes\":{\"title\":{\"type\":\"string\"},\"description\":{\"type\":\"string\"}}}','object',NULL,NULL),(70,'plugin_content_manager_configuration_components::adress-content.content','{\"uid\":\"adress-content.content\",\"settings\":{\"bulkable\":true,\"filterable\":true,\"searchable\":true,\"pageSize\":10,\"mainField\":\"title\",\"defaultSortBy\":\"title\",\"defaultSortOrder\":\"ASC\"},\"metadatas\":{\"id\":{\"edit\":{},\"list\":{\"label\":\"Id\",\"searchable\":false,\"sortable\":false}},\"title\":{\"edit\":{\"label\":\"Title\",\"description\":\"\",\"placeholder\":\"\",\"visible\":true,\"editable\":true},\"list\":{\"label\":\"Title\",\"searchable\":true,\"sortable\":true}},\"description\":{\"edit\":{\"label\":\"Description\",\"description\":\"\",\"placeholder\":\"\",\"visible\":true,\"editable\":true},\"list\":{\"label\":\"Description\",\"searchable\":true,\"sortable\":true}}},\"layouts\":{\"list\":[\"id\",\"title\",\"description\"],\"edit\":[[{\"name\":\"title\",\"size\":6},{\"name\":\"description\",\"size\":6}]],\"editRelations\":[]},\"isComponent\":true}','object','',''),(71,'model_def_application::social-media.social-media','{\"uid\":\"application::social-media.social-media\",\"collectionName\":\"social_medias\",\"kind\":\"collectionType\",\"info\":{\"name\":\"socialMedia\"},\"options\":{\"increments\":true,\"timestamps\":[\"created_at\",\"updated_at\"],\"draftAndPublish\":true},\"pluginOptions\":{},\"attributes\":{\"logo\":{\"model\":\"file\",\"via\":\"related\",\"allowedTypes\":[\"images\"],\"plugin\":\"upload\",\"required\":false,\"pluginOptions\":{}},\"name\":{\"type\":\"string\"},\"link\":{\"type\":\"string\"},\"published_at\":{\"type\":\"datetime\",\"configurable\":false,\"writable\":true,\"visible\":false},\"created_by\":{\"model\":\"user\",\"plugin\":\"admin\",\"configurable\":false,\"writable\":false,\"visible\":false,\"private\":true},\"updated_by\":{\"model\":\"user\",\"plugin\":\"admin\",\"configurable\":false,\"writable\":false,\"visible\":false,\"private\":true}}}','object',NULL,NULL),(72,'plugin_content_manager_configuration_content_types::application::social-media.social-media','{\"uid\":\"application::social-media.social-media\",\"settings\":{\"bulkable\":true,\"filterable\":true,\"searchable\":true,\"pageSize\":10,\"mainField\":\"name\",\"defaultSortBy\":\"name\",\"defaultSortOrder\":\"ASC\"},\"metadatas\":{\"id\":{\"edit\":{},\"list\":{\"label\":\"Id\",\"searchable\":true,\"sortable\":true}},\"logo\":{\"edit\":{\"label\":\"Logo\",\"description\":\"\",\"placeholder\":\"\",\"visible\":true,\"editable\":true},\"list\":{\"label\":\"Logo\",\"searchable\":false,\"sortable\":false}},\"name\":{\"edit\":{\"label\":\"Name\",\"description\":\"\",\"placeholder\":\"\",\"visible\":true,\"editable\":true},\"list\":{\"label\":\"Name\",\"searchable\":true,\"sortable\":true}},\"link\":{\"edit\":{\"label\":\"Link\",\"description\":\"\",\"placeholder\":\"\",\"visible\":true,\"editable\":true},\"list\":{\"label\":\"Link\",\"searchable\":true,\"sortable\":true}},\"created_at\":{\"edit\":{\"label\":\"Created_at\",\"description\":\"\",\"placeholder\":\"\",\"visible\":false,\"editable\":true},\"list\":{\"label\":\"Created_at\",\"searchable\":true,\"sortable\":true}},\"updated_at\":{\"edit\":{\"label\":\"Updated_at\",\"description\":\"\",\"placeholder\":\"\",\"visible\":false,\"editable\":true},\"list\":{\"label\":\"Updated_at\",\"searchable\":true,\"sortable\":true}}},\"layouts\":{\"list\":[\"id\",\"logo\",\"name\",\"link\"],\"editRelations\":[],\"edit\":[[{\"name\":\"logo\",\"size\":6},{\"name\":\"name\",\"size\":6}],[{\"name\":\"link\",\"size\":6}]]}}','object','',''),(73,'model_def_application::login-page.login-page','{\"uid\":\"application::login-page.login-page\",\"collectionName\":\"login_pages\",\"kind\":\"singleType\",\"info\":{\"name\":\"loginPage\"},\"options\":{\"increments\":true,\"timestamps\":[\"created_at\",\"updated_at\"],\"draftAndPublish\":true},\"pluginOptions\":{},\"attributes\":{\"hero\":{\"type\":\"component\",\"repeatable\":false,\"component\":\"section.hero\"},\"published_at\":{\"type\":\"datetime\",\"configurable\":false,\"writable\":true,\"visible\":false},\"created_by\":{\"model\":\"user\",\"plugin\":\"admin\",\"configurable\":false,\"writable\":false,\"visible\":false,\"private\":true},\"updated_by\":{\"model\":\"user\",\"plugin\":\"admin\",\"configurable\":false,\"writable\":false,\"visible\":false,\"private\":true}}}','object',NULL,NULL),(74,'plugin_content_manager_configuration_content_types::application::login-page.login-page','{\"uid\":\"application::login-page.login-page\",\"settings\":{\"bulkable\":true,\"filterable\":true,\"searchable\":true,\"pageSize\":10,\"mainField\":\"id\",\"defaultSortBy\":\"id\",\"defaultSortOrder\":\"ASC\"},\"metadatas\":{\"id\":{\"edit\":{},\"list\":{\"label\":\"Id\",\"searchable\":true,\"sortable\":true}},\"hero\":{\"edit\":{\"label\":\"Hero\",\"description\":\"\",\"placeholder\":\"\",\"visible\":true,\"editable\":true},\"list\":{\"label\":\"Hero\",\"searchable\":false,\"sortable\":false}},\"created_at\":{\"edit\":{\"label\":\"Created_at\",\"description\":\"\",\"placeholder\":\"\",\"visible\":false,\"editable\":true},\"list\":{\"label\":\"Created_at\",\"searchable\":true,\"sortable\":true}},\"updated_at\":{\"edit\":{\"label\":\"Updated_at\",\"description\":\"\",\"placeholder\":\"\",\"visible\":false,\"editable\":true},\"list\":{\"label\":\"Updated_at\",\"searchable\":true,\"sortable\":true}}},\"layouts\":{\"list\":[\"id\",\"created_at\",\"updated_at\"],\"editRelations\":[],\"edit\":[[{\"name\":\"hero\",\"size\":12}]]}}','object','',''),(75,'model_def_application::driver-sign-up-page.driver-sign-up-page','{\"uid\":\"application::driver-sign-up-page.driver-sign-up-page\",\"collectionName\":\"driver_sign_up_pages\",\"kind\":\"singleType\",\"info\":{\"name\":\"driverSignUpPage\"},\"options\":{\"increments\":true,\"timestamps\":[\"created_at\",\"updated_at\"],\"draftAndPublish\":true},\"pluginOptions\":{},\"attributes\":{\"hero\":{\"type\":\"component\",\"repeatable\":false,\"component\":\"section.hero\"},\"published_at\":{\"type\":\"datetime\",\"configurable\":false,\"writable\":true,\"visible\":false},\"created_by\":{\"model\":\"user\",\"plugin\":\"admin\",\"configurable\":false,\"writable\":false,\"visible\":false,\"private\":true},\"updated_by\":{\"model\":\"user\",\"plugin\":\"admin\",\"configurable\":false,\"writable\":false,\"visible\":false,\"private\":true}}}','object',NULL,NULL),(76,'plugin_content_manager_configuration_content_types::application::driver-sign-up-page.driver-sign-up-page','{\"uid\":\"application::driver-sign-up-page.driver-sign-up-page\",\"settings\":{\"bulkable\":true,\"filterable\":true,\"searchable\":true,\"pageSize\":10,\"mainField\":\"id\",\"defaultSortBy\":\"id\",\"defaultSortOrder\":\"ASC\"},\"metadatas\":{\"id\":{\"edit\":{},\"list\":{\"label\":\"Id\",\"searchable\":true,\"sortable\":true}},\"hero\":{\"edit\":{\"label\":\"Hero\",\"description\":\"\",\"placeholder\":\"\",\"visible\":true,\"editable\":true},\"list\":{\"label\":\"Hero\",\"searchable\":false,\"sortable\":false}},\"created_at\":{\"edit\":{\"label\":\"Created_at\",\"description\":\"\",\"placeholder\":\"\",\"visible\":false,\"editable\":true},\"list\":{\"label\":\"Created_at\",\"searchable\":true,\"sortable\":true}},\"updated_at\":{\"edit\":{\"label\":\"Updated_at\",\"description\":\"\",\"placeholder\":\"\",\"visible\":false,\"editable\":true},\"list\":{\"label\":\"Updated_at\",\"searchable\":true,\"sortable\":true}}},\"layouts\":{\"list\":[\"id\",\"created_at\",\"updated_at\"],\"editRelations\":[],\"edit\":[[{\"name\":\"hero\",\"size\":12}]]}}','object','',''),(77,'model_def_application::corporate-sign-up.corporate-sign-up','{\"uid\":\"application::corporate-sign-up.corporate-sign-up\",\"collectionName\":\"corporate_sign_ups\",\"kind\":\"singleType\",\"info\":{\"name\":\"corporateSignUpPage\",\"description\":\"\"},\"options\":{\"increments\":true,\"timestamps\":[\"created_at\",\"updated_at\"],\"draftAndPublish\":true},\"pluginOptions\":{},\"attributes\":{\"hero\":{\"type\":\"component\",\"repeatable\":false,\"component\":\"section.hero\"},\"published_at\":{\"type\":\"datetime\",\"configurable\":false,\"writable\":true,\"visible\":false},\"created_by\":{\"model\":\"user\",\"plugin\":\"admin\",\"configurable\":false,\"writable\":false,\"visible\":false,\"private\":true},\"updated_by\":{\"model\":\"user\",\"plugin\":\"admin\",\"configurable\":false,\"writable\":false,\"visible\":false,\"private\":true}}}','object',NULL,NULL),(79,'model_def_application::corporate-sign-up-page.corporate-sign-up-page','{\"uid\":\"application::corporate-sign-up-page.corporate-sign-up-page\",\"collectionName\":\"corporate_sign_up_pages\",\"kind\":\"singleType\",\"info\":{\"name\":\"CorporateSignUpPage\"},\"options\":{\"increments\":true,\"timestamps\":[\"created_at\",\"updated_at\"],\"draftAndPublish\":true},\"pluginOptions\":{},\"attributes\":{\"hero\":{\"type\":\"component\",\"repeatable\":false,\"component\":\"section.hero\"},\"published_at\":{\"type\":\"datetime\",\"configurable\":false,\"writable\":true,\"visible\":false},\"created_by\":{\"model\":\"user\",\"plugin\":\"admin\",\"configurable\":false,\"writable\":false,\"visible\":false,\"private\":true},\"updated_by\":{\"model\":\"user\",\"plugin\":\"admin\",\"configurable\":false,\"writable\":false,\"visible\":false,\"private\":true}}}','object',NULL,NULL),(80,'plugin_content_manager_configuration_content_types::application::corporate-sign-up-page.corporate-sign-up-page','{\"uid\":\"application::corporate-sign-up-page.corporate-sign-up-page\",\"settings\":{\"bulkable\":true,\"filterable\":true,\"searchable\":true,\"pageSize\":10,\"mainField\":\"id\",\"defaultSortBy\":\"id\",\"defaultSortOrder\":\"ASC\"},\"metadatas\":{\"id\":{\"edit\":{},\"list\":{\"label\":\"Id\",\"searchable\":true,\"sortable\":true}},\"hero\":{\"edit\":{\"label\":\"Hero\",\"description\":\"\",\"placeholder\":\"\",\"visible\":true,\"editable\":true},\"list\":{\"label\":\"Hero\",\"searchable\":false,\"sortable\":false}},\"created_at\":{\"edit\":{\"label\":\"Created_at\",\"description\":\"\",\"placeholder\":\"\",\"visible\":false,\"editable\":true},\"list\":{\"label\":\"Created_at\",\"searchable\":true,\"sortable\":true}},\"updated_at\":{\"edit\":{\"label\":\"Updated_at\",\"description\":\"\",\"placeholder\":\"\",\"visible\":false,\"editable\":true},\"list\":{\"label\":\"Updated_at\",\"searchable\":true,\"sortable\":true}}},\"layouts\":{\"list\":[\"id\",\"created_at\",\"updated_at\"],\"editRelations\":[],\"edit\":[[{\"name\":\"hero\",\"size\":12}]]}}','object','',''),(81,'model_def_application::corporate-info.corporate-info','{\"uid\":\"application::corporate-info.corporate-info\",\"collectionName\":\"corporate_infos\",\"kind\":\"collectionType\",\"info\":{\"name\":\"corporateInfo\"},\"options\":{\"increments\":true,\"timestamps\":[\"created_at\",\"updated_at\"],\"draftAndPublish\":true},\"pluginOptions\":{},\"attributes\":{\"title\":{\"type\":\"string\"},\"subTitle\":{\"type\":\"text\"},\"published_at\":{\"type\":\"datetime\",\"configurable\":false,\"writable\":true,\"visible\":false},\"created_by\":{\"model\":\"user\",\"plugin\":\"admin\",\"configurable\":false,\"writable\":false,\"visible\":false,\"private\":true},\"updated_by\":{\"model\":\"user\",\"plugin\":\"admin\",\"configurable\":false,\"writable\":false,\"visible\":false,\"private\":true}}}','object',NULL,NULL),(82,'plugin_content_manager_configuration_content_types::application::corporate-info.corporate-info','{\"uid\":\"application::corporate-info.corporate-info\",\"settings\":{\"bulkable\":true,\"filterable\":true,\"searchable\":true,\"pageSize\":10,\"mainField\":\"title\",\"defaultSortBy\":\"title\",\"defaultSortOrder\":\"ASC\"},\"metadatas\":{\"id\":{\"edit\":{},\"list\":{\"label\":\"Id\",\"searchable\":true,\"sortable\":true}},\"title\":{\"edit\":{\"label\":\"Title\",\"description\":\"\",\"placeholder\":\"\",\"visible\":true,\"editable\":true},\"list\":{\"label\":\"Title\",\"searchable\":true,\"sortable\":true}},\"subTitle\":{\"edit\":{\"label\":\"SubTitle\",\"description\":\"\",\"placeholder\":\"\",\"visible\":true,\"editable\":true},\"list\":{\"label\":\"SubTitle\",\"searchable\":true,\"sortable\":true}},\"created_at\":{\"edit\":{\"label\":\"Created_at\",\"description\":\"\",\"placeholder\":\"\",\"visible\":false,\"editable\":true},\"list\":{\"label\":\"Created_at\",\"searchable\":true,\"sortable\":true}},\"updated_at\":{\"edit\":{\"label\":\"Updated_at\",\"description\":\"\",\"placeholder\":\"\",\"visible\":false,\"editable\":true},\"list\":{\"label\":\"Updated_at\",\"searchable\":true,\"sortable\":true}}},\"layouts\":{\"list\":[\"id\",\"title\",\"subTitle\",\"created_at\"],\"editRelations\":[],\"edit\":[[{\"name\":\"title\",\"size\":6},{\"name\":\"subTitle\",\"size\":6}]]}}','object','',''),(83,'model_def_application::corporate-safety.corporate-safety','{\"uid\":\"application::corporate-safety.corporate-safety\",\"collectionName\":\"corporate_safeties\",\"kind\":\"collectionType\",\"info\":{\"name\":\"corporateSafety\"},\"options\":{\"increments\":true,\"timestamps\":[\"created_at\",\"updated_at\"],\"draftAndPublish\":true},\"pluginOptions\":{},\"attributes\":{\"title\":{\"type\":\"string\"},\"subTitle\":{\"type\":\"text\"},\"thumbnail\":{\"model\":\"file\",\"via\":\"related\",\"allowedTypes\":[\"images\"],\"plugin\":\"upload\",\"required\":false,\"pluginOptions\":{}},\"published_at\":{\"type\":\"datetime\",\"configurable\":false,\"writable\":true,\"visible\":false},\"created_by\":{\"model\":\"user\",\"plugin\":\"admin\",\"configurable\":false,\"writable\":false,\"visible\":false,\"private\":true},\"updated_by\":{\"model\":\"user\",\"plugin\":\"admin\",\"configurable\":false,\"writable\":false,\"visible\":false,\"private\":true}}}','object',NULL,NULL),(84,'plugin_content_manager_configuration_content_types::application::corporate-safety.corporate-safety','{\"uid\":\"application::corporate-safety.corporate-safety\",\"settings\":{\"bulkable\":true,\"filterable\":true,\"searchable\":true,\"pageSize\":10,\"mainField\":\"title\",\"defaultSortBy\":\"title\",\"defaultSortOrder\":\"ASC\"},\"metadatas\":{\"id\":{\"edit\":{},\"list\":{\"label\":\"Id\",\"searchable\":true,\"sortable\":true}},\"title\":{\"edit\":{\"label\":\"Title\",\"description\":\"\",\"placeholder\":\"\",\"visible\":true,\"editable\":true},\"list\":{\"label\":\"Title\",\"searchable\":true,\"sortable\":true}},\"subTitle\":{\"edit\":{\"label\":\"SubTitle\",\"description\":\"\",\"placeholder\":\"\",\"visible\":true,\"editable\":true},\"list\":{\"label\":\"SubTitle\",\"searchable\":true,\"sortable\":true}},\"thumbnail\":{\"edit\":{\"label\":\"Thumbnail\",\"description\":\"\",\"placeholder\":\"\",\"visible\":true,\"editable\":true},\"list\":{\"label\":\"Thumbnail\",\"searchable\":false,\"sortable\":false}},\"created_at\":{\"edit\":{\"label\":\"Created_at\",\"description\":\"\",\"placeholder\":\"\",\"visible\":false,\"editable\":true},\"list\":{\"label\":\"Created_at\",\"searchable\":true,\"sortable\":true}},\"updated_at\":{\"edit\":{\"label\":\"Updated_at\",\"description\":\"\",\"placeholder\":\"\",\"visible\":false,\"editable\":true},\"list\":{\"label\":\"Updated_at\",\"searchable\":true,\"sortable\":true}}},\"layouts\":{\"list\":[\"id\",\"title\",\"subTitle\",\"thumbnail\"],\"editRelations\":[],\"edit\":[[{\"name\":\"title\",\"size\":6},{\"name\":\"subTitle\",\"size\":6}],[{\"name\":\"thumbnail\",\"size\":6}]]}}','object','',''),(85,'model_def_application::corporate-architecture.corporate-architecture','{\"uid\":\"application::corporate-architecture.corporate-architecture\",\"collectionName\":\"corporate_architectures\",\"kind\":\"collectionType\",\"info\":{\"name\":\"corporateArchitecture\"},\"options\":{\"increments\":true,\"timestamps\":[\"created_at\",\"updated_at\"],\"draftAndPublish\":true},\"pluginOptions\":{},\"attributes\":{\"title\":{\"type\":\"string\"},\"subTitle\":{\"type\":\"text\"},\"thumbnail\":{\"model\":\"file\",\"via\":\"related\",\"allowedTypes\":[\"images\"],\"plugin\":\"upload\",\"required\":false,\"pluginOptions\":{}},\"published_at\":{\"type\":\"datetime\",\"configurable\":false,\"writable\":true,\"visible\":false},\"created_by\":{\"model\":\"user\",\"plugin\":\"admin\",\"configurable\":false,\"writable\":false,\"visible\":false,\"private\":true},\"updated_by\":{\"model\":\"user\",\"plugin\":\"admin\",\"configurable\":false,\"writable\":false,\"visible\":false,\"private\":true}}}','object',NULL,NULL),(86,'plugin_content_manager_configuration_content_types::application::corporate-architecture.corporate-architecture','{\"uid\":\"application::corporate-architecture.corporate-architecture\",\"settings\":{\"bulkable\":true,\"filterable\":true,\"searchable\":true,\"pageSize\":10,\"mainField\":\"title\",\"defaultSortBy\":\"title\",\"defaultSortOrder\":\"ASC\"},\"metadatas\":{\"id\":{\"edit\":{},\"list\":{\"label\":\"Id\",\"searchable\":true,\"sortable\":true}},\"title\":{\"edit\":{\"label\":\"Title\",\"description\":\"\",\"placeholder\":\"\",\"visible\":true,\"editable\":true},\"list\":{\"label\":\"Title\",\"searchable\":true,\"sortable\":true}},\"subTitle\":{\"edit\":{\"label\":\"SubTitle\",\"description\":\"\",\"placeholder\":\"\",\"visible\":true,\"editable\":true},\"list\":{\"label\":\"SubTitle\",\"searchable\":true,\"sortable\":true}},\"thumbnail\":{\"edit\":{\"label\":\"Thumbnail\",\"description\":\"\",\"placeholder\":\"\",\"visible\":true,\"editable\":true},\"list\":{\"label\":\"Thumbnail\",\"searchable\":false,\"sortable\":false}},\"created_at\":{\"edit\":{\"label\":\"Created_at\",\"description\":\"\",\"placeholder\":\"\",\"visible\":false,\"editable\":true},\"list\":{\"label\":\"Created_at\",\"searchable\":true,\"sortable\":true}},\"updated_at\":{\"edit\":{\"label\":\"Updated_at\",\"description\":\"\",\"placeholder\":\"\",\"visible\":false,\"editable\":true},\"list\":{\"label\":\"Updated_at\",\"searchable\":true,\"sortable\":true}}},\"layouts\":{\"list\":[\"id\",\"title\",\"subTitle\",\"thumbnail\"],\"editRelations\":[],\"edit\":[[{\"name\":\"title\",\"size\":6},{\"name\":\"subTitle\",\"size\":6}],[{\"name\":\"thumbnail\",\"size\":6}]]}}','object','',''),(87,'model_def_application::corporate-exprense.corporate-exprense','{\"uid\":\"application::corporate-exprense.corporate-exprense\",\"collectionName\":\"corporate_exprenses\",\"kind\":\"collectionType\",\"info\":{\"name\":\"corporateExprense\"},\"options\":{\"increments\":true,\"timestamps\":[\"created_at\",\"updated_at\"],\"draftAndPublish\":true},\"pluginOptions\":{},\"attributes\":{\"title\":{\"type\":\"string\",\"required\":true},\"subTitle\":{\"type\":\"text\",\"required\":true},\"thumbnail\":{\"model\":\"file\",\"via\":\"related\",\"allowedTypes\":[\"images\"],\"plugin\":\"upload\",\"required\":true,\"pluginOptions\":{}},\"published_at\":{\"type\":\"datetime\",\"configurable\":false,\"writable\":true,\"visible\":false},\"created_by\":{\"model\":\"user\",\"plugin\":\"admin\",\"configurable\":false,\"writable\":false,\"visible\":false,\"private\":true},\"updated_by\":{\"model\":\"user\",\"plugin\":\"admin\",\"configurable\":false,\"writable\":false,\"visible\":false,\"private\":true}}}','object',NULL,NULL),(88,'plugin_content_manager_configuration_content_types::application::corporate-exprense.corporate-exprense','{\"uid\":\"application::corporate-exprense.corporate-exprense\",\"settings\":{\"bulkable\":true,\"filterable\":true,\"searchable\":true,\"pageSize\":10,\"mainField\":\"title\",\"defaultSortBy\":\"title\",\"defaultSortOrder\":\"ASC\"},\"metadatas\":{\"id\":{\"edit\":{},\"list\":{\"label\":\"Id\",\"searchable\":true,\"sortable\":true}},\"title\":{\"edit\":{\"label\":\"Title\",\"description\":\"\",\"placeholder\":\"\",\"visible\":true,\"editable\":true},\"list\":{\"label\":\"Title\",\"searchable\":true,\"sortable\":true}},\"subTitle\":{\"edit\":{\"label\":\"SubTitle\",\"description\":\"\",\"placeholder\":\"\",\"visible\":true,\"editable\":true},\"list\":{\"label\":\"SubTitle\",\"searchable\":true,\"sortable\":true}},\"thumbnail\":{\"edit\":{\"label\":\"Thumbnail\",\"description\":\"\",\"placeholder\":\"\",\"visible\":true,\"editable\":true},\"list\":{\"label\":\"Thumbnail\",\"searchable\":false,\"sortable\":false}},\"created_at\":{\"edit\":{\"label\":\"Created_at\",\"description\":\"\",\"placeholder\":\"\",\"visible\":false,\"editable\":true},\"list\":{\"label\":\"Created_at\",\"searchable\":true,\"sortable\":true}},\"updated_at\":{\"edit\":{\"label\":\"Updated_at\",\"description\":\"\",\"placeholder\":\"\",\"visible\":false,\"editable\":true},\"list\":{\"label\":\"Updated_at\",\"searchable\":true,\"sortable\":true}}},\"layouts\":{\"list\":[\"id\",\"title\",\"subTitle\",\"thumbnail\"],\"editRelations\":[],\"edit\":[[{\"name\":\"title\",\"size\":6},{\"name\":\"subTitle\",\"size\":6}],[{\"name\":\"thumbnail\",\"size\":6}]]}}','object','',''),(89,'model_def_application::driver-safety.driver-safety','{\"uid\":\"application::driver-safety.driver-safety\",\"collectionName\":\"driver_safeties\",\"kind\":\"collectionType\",\"info\":{\"name\":\"driverSafety\"},\"options\":{\"increments\":true,\"timestamps\":[\"created_at\",\"updated_at\"],\"draftAndPublish\":true},\"pluginOptions\":{},\"attributes\":{\"title\":{\"type\":\"string\"},\"subTitle\":{\"type\":\"text\"},\"thumbnail\":{\"model\":\"file\",\"via\":\"related\",\"allowedTypes\":[\"images\"],\"plugin\":\"upload\",\"required\":false,\"pluginOptions\":{}},\"published_at\":{\"type\":\"datetime\",\"configurable\":false,\"writable\":true,\"visible\":false},\"created_by\":{\"model\":\"user\",\"plugin\":\"admin\",\"configurable\":false,\"writable\":false,\"visible\":false,\"private\":true},\"updated_by\":{\"model\":\"user\",\"plugin\":\"admin\",\"configurable\":false,\"writable\":false,\"visible\":false,\"private\":true}}}','object',NULL,NULL),(90,'plugin_content_manager_configuration_content_types::application::driver-safety.driver-safety','{\"uid\":\"application::driver-safety.driver-safety\",\"settings\":{\"bulkable\":true,\"filterable\":true,\"searchable\":true,\"pageSize\":10,\"mainField\":\"title\",\"defaultSortBy\":\"title\",\"defaultSortOrder\":\"ASC\"},\"metadatas\":{\"id\":{\"edit\":{},\"list\":{\"label\":\"Id\",\"searchable\":true,\"sortable\":true}},\"title\":{\"edit\":{\"label\":\"Title\",\"description\":\"\",\"placeholder\":\"\",\"visible\":true,\"editable\":true},\"list\":{\"label\":\"Title\",\"searchable\":true,\"sortable\":true}},\"subTitle\":{\"edit\":{\"label\":\"SubTitle\",\"description\":\"\",\"placeholder\":\"\",\"visible\":true,\"editable\":true},\"list\":{\"label\":\"SubTitle\",\"searchable\":true,\"sortable\":true}},\"thumbnail\":{\"edit\":{\"label\":\"Thumbnail\",\"description\":\"\",\"placeholder\":\"\",\"visible\":true,\"editable\":true},\"list\":{\"label\":\"Thumbnail\",\"searchable\":false,\"sortable\":false}},\"created_at\":{\"edit\":{\"label\":\"Created_at\",\"description\":\"\",\"placeholder\":\"\",\"visible\":false,\"editable\":true},\"list\":{\"label\":\"Created_at\",\"searchable\":true,\"sortable\":true}},\"updated_at\":{\"edit\":{\"label\":\"Updated_at\",\"description\":\"\",\"placeholder\":\"\",\"visible\":false,\"editable\":true},\"list\":{\"label\":\"Updated_at\",\"searchable\":true,\"sortable\":true}}},\"layouts\":{\"list\":[\"id\",\"title\",\"subTitle\",\"thumbnail\"],\"editRelations\":[],\"edit\":[[{\"name\":\"title\",\"size\":6},{\"name\":\"subTitle\",\"size\":6}],[{\"name\":\"thumbnail\",\"size\":6}]]}}','object','',''),(91,'model_def_application::driver-page-team.driver-page-team','{\"uid\":\"application::driver-page-team.driver-page-team\",\"collectionName\":\"driver_page_teams\",\"kind\":\"singleType\",\"info\":{\"name\":\"driverPageTeam\"},\"options\":{\"increments\":true,\"timestamps\":[\"created_at\",\"updated_at\"],\"draftAndPublish\":true},\"pluginOptions\":{},\"attributes\":{\"title\":{\"type\":\"string\"},\"subTitle\":{\"type\":\"text\"},\"thumbnail\":{\"model\":\"file\",\"via\":\"related\",\"allowedTypes\":[\"images\"],\"plugin\":\"upload\",\"required\":true,\"pluginOptions\":{}},\"published_at\":{\"type\":\"datetime\",\"configurable\":false,\"writable\":true,\"visible\":false},\"created_by\":{\"model\":\"user\",\"plugin\":\"admin\",\"configurable\":false,\"writable\":false,\"visible\":false,\"private\":true},\"updated_by\":{\"model\":\"user\",\"plugin\":\"admin\",\"configurable\":false,\"writable\":false,\"visible\":false,\"private\":true}}}','object',NULL,NULL),(93,'model_def_application::driver-requirment.driver-requirment','{\"uid\":\"application::driver-requirment.driver-requirment\",\"collectionName\":\"driver_requirments\",\"kind\":\"collectionType\",\"info\":{\"name\":\"driverRequirement\",\"description\":\"\"},\"options\":{\"increments\":true,\"timestamps\":[\"created_at\",\"updated_at\"],\"draftAndPublish\":true},\"pluginOptions\":{},\"attributes\":{\"title\":{\"type\":\"string\"},\"description\":{\"type\":\"text\"},\"thumbnail\":{\"model\":\"file\",\"via\":\"related\",\"allowedTypes\":[\"images\"],\"plugin\":\"upload\",\"required\":true,\"pluginOptions\":{}},\"published_at\":{\"type\":\"datetime\",\"configurable\":false,\"writable\":true,\"visible\":false},\"created_by\":{\"model\":\"user\",\"plugin\":\"admin\",\"configurable\":false,\"writable\":false,\"visible\":false,\"private\":true},\"updated_by\":{\"model\":\"user\",\"plugin\":\"admin\",\"configurable\":false,\"writable\":false,\"visible\":false,\"private\":true}}}','object',NULL,NULL),(94,'plugin_content_manager_configuration_content_types::application::driver-requirment.driver-requirment','{\"uid\":\"application::driver-requirment.driver-requirment\",\"settings\":{\"bulkable\":true,\"filterable\":true,\"searchable\":true,\"pageSize\":10,\"mainField\":\"title\",\"defaultSortBy\":\"title\",\"defaultSortOrder\":\"ASC\"},\"metadatas\":{\"id\":{\"edit\":{},\"list\":{\"label\":\"Id\",\"searchable\":true,\"sortable\":true}},\"title\":{\"edit\":{\"label\":\"Title\",\"description\":\"\",\"placeholder\":\"\",\"visible\":true,\"editable\":true},\"list\":{\"label\":\"Title\",\"searchable\":true,\"sortable\":true}},\"description\":{\"edit\":{\"label\":\"Description\",\"description\":\"\",\"placeholder\":\"\",\"visible\":true,\"editable\":true},\"list\":{\"label\":\"Description\",\"searchable\":true,\"sortable\":true}},\"thumbnail\":{\"edit\":{\"label\":\"Thumbnail\",\"description\":\"\",\"placeholder\":\"\",\"visible\":true,\"editable\":true},\"list\":{\"label\":\"Thumbnail\",\"searchable\":false,\"sortable\":false}},\"created_at\":{\"edit\":{\"label\":\"Created_at\",\"description\":\"\",\"placeholder\":\"\",\"visible\":false,\"editable\":true},\"list\":{\"label\":\"Created_at\",\"searchable\":true,\"sortable\":true}},\"updated_at\":{\"edit\":{\"label\":\"Updated_at\",\"description\":\"\",\"placeholder\":\"\",\"visible\":false,\"editable\":true},\"list\":{\"label\":\"Updated_at\",\"searchable\":true,\"sortable\":true}}},\"layouts\":{\"list\":[\"id\",\"title\",\"description\",\"thumbnail\"],\"editRelations\":[],\"edit\":[[{\"name\":\"title\",\"size\":6},{\"name\":\"description\",\"size\":6}],[{\"name\":\"thumbnail\",\"size\":6}]]}}','object','',''),(95,'model_def_application::work-freedom.work-freedom','{\"uid\":\"application::work-freedom.work-freedom\",\"collectionName\":\"work_freedoms\",\"kind\":\"collectionType\",\"info\":{\"name\":\"driverWorkFreedom\",\"description\":\"\"},\"options\":{\"increments\":true,\"timestamps\":[\"created_at\",\"updated_at\"],\"draftAndPublish\":true},\"pluginOptions\":{},\"attributes\":{\"title\":{\"type\":\"string\"},\"description\":{\"type\":\"text\"},\"thumbnail\":{\"model\":\"file\",\"via\":\"related\",\"allowedTypes\":[\"images\"],\"plugin\":\"upload\",\"required\":false,\"pluginOptions\":{}},\"published_at\":{\"type\":\"datetime\",\"configurable\":false,\"writable\":true,\"visible\":false},\"created_by\":{\"model\":\"user\",\"plugin\":\"admin\",\"configurable\":false,\"writable\":false,\"visible\":false,\"private\":true},\"updated_by\":{\"model\":\"user\",\"plugin\":\"admin\",\"configurable\":false,\"writable\":false,\"visible\":false,\"private\":true}}}','object',NULL,NULL),(97,'model_def_application::driver-work-freedom.driver-work-freedom','{\"uid\":\"application::driver-work-freedom.driver-work-freedom\",\"collectionName\":\"driver_work_freedoms\",\"kind\":\"collectionType\",\"info\":{\"name\":\"driverWorkFreedom\"},\"options\":{\"increments\":true,\"timestamps\":[\"created_at\",\"updated_at\"],\"draftAndPublish\":true},\"pluginOptions\":{},\"attributes\":{\"title\":{\"type\":\"string\"},\"description\":{\"type\":\"text\"},\"thumbnail\":{\"model\":\"file\",\"via\":\"related\",\"allowedTypes\":[\"images\"],\"plugin\":\"upload\",\"required\":false,\"pluginOptions\":{}},\"published_at\":{\"type\":\"datetime\",\"configurable\":false,\"writable\":true,\"visible\":false},\"created_by\":{\"model\":\"user\",\"plugin\":\"admin\",\"configurable\":false,\"writable\":false,\"visible\":false,\"private\":true},\"updated_by\":{\"model\":\"user\",\"plugin\":\"admin\",\"configurable\":false,\"writable\":false,\"visible\":false,\"private\":true}}}','object',NULL,NULL),(98,'plugin_content_manager_configuration_content_types::application::driver-work-freedom.driver-work-freedom','{\"uid\":\"application::driver-work-freedom.driver-work-freedom\",\"settings\":{\"bulkable\":true,\"filterable\":true,\"searchable\":true,\"pageSize\":10,\"mainField\":\"title\",\"defaultSortBy\":\"title\",\"defaultSortOrder\":\"ASC\"},\"metadatas\":{\"id\":{\"edit\":{},\"list\":{\"label\":\"Id\",\"searchable\":true,\"sortable\":true}},\"title\":{\"edit\":{\"label\":\"Title\",\"description\":\"\",\"placeholder\":\"\",\"visible\":true,\"editable\":true},\"list\":{\"label\":\"Title\",\"searchable\":true,\"sortable\":true}},\"description\":{\"edit\":{\"label\":\"Description\",\"description\":\"\",\"placeholder\":\"\",\"visible\":true,\"editable\":true},\"list\":{\"label\":\"Description\",\"searchable\":true,\"sortable\":true}},\"thumbnail\":{\"edit\":{\"label\":\"Thumbnail\",\"description\":\"\",\"placeholder\":\"\",\"visible\":true,\"editable\":true},\"list\":{\"label\":\"Thumbnail\",\"searchable\":false,\"sortable\":false}},\"created_at\":{\"edit\":{\"label\":\"Created_at\",\"description\":\"\",\"placeholder\":\"\",\"visible\":false,\"editable\":true},\"list\":{\"label\":\"Created_at\",\"searchable\":true,\"sortable\":true}},\"updated_at\":{\"edit\":{\"label\":\"Updated_at\",\"description\":\"\",\"placeholder\":\"\",\"visible\":false,\"editable\":true},\"list\":{\"label\":\"Updated_at\",\"searchable\":true,\"sortable\":true}}},\"layouts\":{\"list\":[\"id\",\"title\",\"description\",\"thumbnail\"],\"editRelations\":[],\"edit\":[[{\"name\":\"title\",\"size\":6},{\"name\":\"description\",\"size\":6}],[{\"name\":\"thumbnail\",\"size\":6}]]}}','object','',''),(99,'model_def_application::our-value-statement.our-value-statement','{\"uid\":\"application::our-value-statement.our-value-statement\",\"collectionName\":\"our_value_statements\",\"kind\":\"collectionType\",\"info\":{\"name\":\"ourValueStatement\",\"description\":\"\"},\"options\":{\"increments\":true,\"timestamps\":[\"created_at\",\"updated_at\"],\"draftAndPublish\":true},\"pluginOptions\":{},\"attributes\":{\"title\":{\"type\":\"string\"},\"description\":{\"type\":\"text\"},\"thumbnail\":{\"model\":\"file\",\"via\":\"related\",\"allowedTypes\":[\"images\"],\"plugin\":\"upload\",\"required\":false,\"pluginOptions\":{}},\"published_at\":{\"type\":\"datetime\",\"configurable\":false,\"writable\":true,\"visible\":false},\"created_by\":{\"model\":\"user\",\"plugin\":\"admin\",\"configurable\":false,\"writable\":false,\"visible\":false,\"private\":true},\"updated_by\":{\"model\":\"user\",\"plugin\":\"admin\",\"configurable\":false,\"writable\":false,\"visible\":false,\"private\":true}}}','object',NULL,NULL),(100,'plugin_content_manager_configuration_content_types::application::our-value-statement.our-value-statement','{\"uid\":\"application::our-value-statement.our-value-statement\",\"settings\":{\"bulkable\":true,\"filterable\":true,\"searchable\":true,\"pageSize\":10,\"mainField\":\"title\",\"defaultSortBy\":\"title\",\"defaultSortOrder\":\"ASC\"},\"metadatas\":{\"id\":{\"edit\":{},\"list\":{\"label\":\"Id\",\"searchable\":true,\"sortable\":true}},\"title\":{\"edit\":{\"label\":\"Title\",\"description\":\"\",\"placeholder\":\"\",\"visible\":true,\"editable\":true},\"list\":{\"label\":\"Title\",\"searchable\":true,\"sortable\":true}},\"description\":{\"edit\":{\"label\":\"Description\",\"description\":\"\",\"placeholder\":\"\",\"visible\":true,\"editable\":true},\"list\":{\"label\":\"Description\",\"searchable\":true,\"sortable\":true}},\"thumbnail\":{\"edit\":{\"label\":\"Thumbnail\",\"description\":\"\",\"placeholder\":\"\",\"visible\":true,\"editable\":true},\"list\":{\"label\":\"Thumbnail\",\"searchable\":false,\"sortable\":false}},\"created_at\":{\"edit\":{\"label\":\"Created_at\",\"description\":\"\",\"placeholder\":\"\",\"visible\":false,\"editable\":true},\"list\":{\"label\":\"Created_at\",\"searchable\":true,\"sortable\":true}},\"updated_at\":{\"edit\":{\"label\":\"Updated_at\",\"description\":\"\",\"placeholder\":\"\",\"visible\":false,\"editable\":true},\"list\":{\"label\":\"Updated_at\",\"searchable\":true,\"sortable\":true}}},\"layouts\":{\"list\":[\"id\",\"title\",\"description\",\"thumbnail\"],\"editRelations\":[],\"edit\":[[{\"name\":\"title\",\"size\":6},{\"name\":\"description\",\"size\":6}],[{\"name\":\"thumbnail\",\"size\":6}]]}}','object','',''),(101,'model_def_application::why-taxiye.why-taxiye','{\"uid\":\"application::why-taxiye.why-taxiye\",\"collectionName\":\"why_taxiyes\",\"kind\":\"collectionType\",\"info\":{\"name\":\"whyTaxiye\"},\"options\":{\"increments\":true,\"timestamps\":[\"created_at\",\"updated_at\"],\"draftAndPublish\":true},\"pluginOptions\":{},\"attributes\":{\"title\":{\"type\":\"string\"},\"description\":{\"type\":\"text\"},\"published_at\":{\"type\":\"datetime\",\"configurable\":false,\"writable\":true,\"visible\":false},\"created_by\":{\"model\":\"user\",\"plugin\":\"admin\",\"configurable\":false,\"writable\":false,\"visible\":false,\"private\":true},\"updated_by\":{\"model\":\"user\",\"plugin\":\"admin\",\"configurable\":false,\"writable\":false,\"visible\":false,\"private\":true}}}','object',NULL,NULL),(102,'plugin_content_manager_configuration_content_types::application::why-taxiye.why-taxiye','{\"uid\":\"application::why-taxiye.why-taxiye\",\"settings\":{\"bulkable\":true,\"filterable\":true,\"searchable\":true,\"pageSize\":10,\"mainField\":\"title\",\"defaultSortBy\":\"title\",\"defaultSortOrder\":\"ASC\"},\"metadatas\":{\"id\":{\"edit\":{},\"list\":{\"label\":\"Id\",\"searchable\":true,\"sortable\":true}},\"title\":{\"edit\":{\"label\":\"Title\",\"description\":\"\",\"placeholder\":\"\",\"visible\":true,\"editable\":true},\"list\":{\"label\":\"Title\",\"searchable\":true,\"sortable\":true}},\"description\":{\"edit\":{\"label\":\"Description\",\"description\":\"\",\"placeholder\":\"\",\"visible\":true,\"editable\":true},\"list\":{\"label\":\"Description\",\"searchable\":true,\"sortable\":true}},\"created_at\":{\"edit\":{\"label\":\"Created_at\",\"description\":\"\",\"placeholder\":\"\",\"visible\":false,\"editable\":true},\"list\":{\"label\":\"Created_at\",\"searchable\":true,\"sortable\":true}},\"updated_at\":{\"edit\":{\"label\":\"Updated_at\",\"description\":\"\",\"placeholder\":\"\",\"visible\":false,\"editable\":true},\"list\":{\"label\":\"Updated_at\",\"searchable\":true,\"sortable\":true}}},\"layouts\":{\"list\":[\"id\",\"title\",\"description\",\"created_at\"],\"editRelations\":[],\"edit\":[[{\"name\":\"title\",\"size\":6},{\"name\":\"description\",\"size\":6}]]}}','object','',''),(103,'model_def_application::our-partners.our-partners','{\"uid\":\"application::our-partners.our-partners\",\"collectionName\":\"our_partners\",\"kind\":\"collectionType\",\"info\":{\"name\":\"ourPartners\"},\"options\":{\"increments\":true,\"timestamps\":[\"created_at\",\"updated_at\"],\"draftAndPublish\":true},\"pluginOptions\":{},\"attributes\":{\"description\":{\"type\":\"text\"},\"thumbnail\":{\"model\":\"file\",\"via\":\"related\",\"allowedTypes\":[\"images\"],\"plugin\":\"upload\",\"required\":false,\"pluginOptions\":{}},\"published_at\":{\"type\":\"datetime\",\"configurable\":false,\"writable\":true,\"visible\":false},\"created_by\":{\"model\":\"user\",\"plugin\":\"admin\",\"configurable\":false,\"writable\":false,\"visible\":false,\"private\":true},\"updated_by\":{\"model\":\"user\",\"plugin\":\"admin\",\"configurable\":false,\"writable\":false,\"visible\":false,\"private\":true}}}','object',NULL,NULL),(104,'plugin_content_manager_configuration_content_types::application::our-partners.our-partners','{\"uid\":\"application::our-partners.our-partners\",\"settings\":{\"bulkable\":true,\"filterable\":true,\"searchable\":true,\"pageSize\":10,\"mainField\":\"id\",\"defaultSortBy\":\"id\",\"defaultSortOrder\":\"ASC\"},\"metadatas\":{\"id\":{\"edit\":{},\"list\":{\"label\":\"Id\",\"searchable\":true,\"sortable\":true}},\"description\":{\"edit\":{\"label\":\"Description\",\"description\":\"\",\"placeholder\":\"\",\"visible\":true,\"editable\":true},\"list\":{\"label\":\"Description\",\"searchable\":true,\"sortable\":true}},\"thumbnail\":{\"edit\":{\"label\":\"Thumbnail\",\"description\":\"\",\"placeholder\":\"\",\"visible\":true,\"editable\":true},\"list\":{\"label\":\"Thumbnail\",\"searchable\":false,\"sortable\":false}},\"created_at\":{\"edit\":{\"label\":\"Created_at\",\"description\":\"\",\"placeholder\":\"\",\"visible\":false,\"editable\":true},\"list\":{\"label\":\"Created_at\",\"searchable\":true,\"sortable\":true}},\"updated_at\":{\"edit\":{\"label\":\"Updated_at\",\"description\":\"\",\"placeholder\":\"\",\"visible\":false,\"editable\":true},\"list\":{\"label\":\"Updated_at\",\"searchable\":true,\"sortable\":true}}},\"layouts\":{\"list\":[\"id\",\"description\",\"thumbnail\",\"created_at\"],\"editRelations\":[],\"edit\":[[{\"name\":\"description\",\"size\":6},{\"name\":\"thumbnail\",\"size\":6}]]}}','object','',''),(105,'model_def_application::our-team.our-team','{\"uid\":\"application::our-team.our-team\",\"collectionName\":\"our_teams\",\"kind\":\"collectionType\",\"info\":{\"name\":\"ourTeam\"},\"options\":{\"increments\":true,\"timestamps\":[\"created_at\",\"updated_at\"],\"draftAndPublish\":true},\"pluginOptions\":{},\"attributes\":{\"name\":{\"type\":\"string\"},\"title\":{\"type\":\"string\"},\"profile\":{\"model\":\"file\",\"via\":\"related\",\"allowedTypes\":[\"images\"],\"plugin\":\"upload\",\"required\":false,\"pluginOptions\":{}},\"published_at\":{\"type\":\"datetime\",\"configurable\":false,\"writable\":true,\"visible\":false},\"created_by\":{\"model\":\"user\",\"plugin\":\"admin\",\"configurable\":false,\"writable\":false,\"visible\":false,\"private\":true},\"updated_by\":{\"model\":\"user\",\"plugin\":\"admin\",\"configurable\":false,\"writable\":false,\"visible\":false,\"private\":true}}}','object',NULL,NULL),(106,'plugin_content_manager_configuration_content_types::application::our-team.our-team','{\"uid\":\"application::our-team.our-team\",\"settings\":{\"bulkable\":true,\"filterable\":true,\"searchable\":true,\"pageSize\":10,\"mainField\":\"name\",\"defaultSortBy\":\"name\",\"defaultSortOrder\":\"ASC\"},\"metadatas\":{\"id\":{\"edit\":{},\"list\":{\"label\":\"Id\",\"searchable\":true,\"sortable\":true}},\"name\":{\"edit\":{\"label\":\"Name\",\"description\":\"\",\"placeholder\":\"\",\"visible\":true,\"editable\":true},\"list\":{\"label\":\"Name\",\"searchable\":true,\"sortable\":true}},\"title\":{\"edit\":{\"label\":\"Title\",\"description\":\"\",\"placeholder\":\"\",\"visible\":true,\"editable\":true},\"list\":{\"label\":\"Title\",\"searchable\":true,\"sortable\":true}},\"profile\":{\"edit\":{\"label\":\"Profile\",\"description\":\"\",\"placeholder\":\"\",\"visible\":true,\"editable\":true},\"list\":{\"label\":\"Profile\",\"searchable\":false,\"sortable\":false}},\"created_at\":{\"edit\":{\"label\":\"Created_at\",\"description\":\"\",\"placeholder\":\"\",\"visible\":false,\"editable\":true},\"list\":{\"label\":\"Created_at\",\"searchable\":true,\"sortable\":true}},\"updated_at\":{\"edit\":{\"label\":\"Updated_at\",\"description\":\"\",\"placeholder\":\"\",\"visible\":false,\"editable\":true},\"list\":{\"label\":\"Updated_at\",\"searchable\":true,\"sortable\":true}}},\"layouts\":{\"list\":[\"id\",\"name\",\"title\",\"profile\"],\"editRelations\":[],\"edit\":[[{\"name\":\"name\",\"size\":6},{\"name\":\"title\",\"size\":6}],[{\"name\":\"profile\",\"size\":6}]]}}','object','',''),(107,'model_def_application::our-team-group.our-team-group','{\"uid\":\"application::our-team-group.our-team-group\",\"collectionName\":\"our_team_groups\",\"kind\":\"collectionType\",\"info\":{\"name\":\"ourTeamGroup\"},\"options\":{\"increments\":true,\"timestamps\":[\"created_at\",\"updated_at\"],\"draftAndPublish\":true},\"pluginOptions\":{},\"attributes\":{\"team\":{\"type\":\"string\"},\"description\":{\"type\":\"text\"},\"image\":{\"model\":\"file\",\"via\":\"related\",\"allowedTypes\":[\"images\"],\"plugin\":\"upload\",\"required\":false,\"pluginOptions\":{}},\"published_at\":{\"type\":\"datetime\",\"configurable\":false,\"writable\":true,\"visible\":false},\"created_by\":{\"model\":\"user\",\"plugin\":\"admin\",\"configurable\":false,\"writable\":false,\"visible\":false,\"private\":true},\"updated_by\":{\"model\":\"user\",\"plugin\":\"admin\",\"configurable\":false,\"writable\":false,\"visible\":false,\"private\":true}}}','object',NULL,NULL),(108,'plugin_content_manager_configuration_content_types::application::our-team-group.our-team-group','{\"uid\":\"application::our-team-group.our-team-group\",\"settings\":{\"bulkable\":true,\"filterable\":true,\"searchable\":true,\"pageSize\":10,\"mainField\":\"team\",\"defaultSortBy\":\"team\",\"defaultSortOrder\":\"ASC\"},\"metadatas\":{\"id\":{\"edit\":{},\"list\":{\"label\":\"Id\",\"searchable\":true,\"sortable\":true}},\"team\":{\"edit\":{\"label\":\"Team\",\"description\":\"\",\"placeholder\":\"\",\"visible\":true,\"editable\":true},\"list\":{\"label\":\"Team\",\"searchable\":true,\"sortable\":true}},\"description\":{\"edit\":{\"label\":\"Description\",\"description\":\"\",\"placeholder\":\"\",\"visible\":true,\"editable\":true},\"list\":{\"label\":\"Description\",\"searchable\":true,\"sortable\":true}},\"image\":{\"edit\":{\"label\":\"Image\",\"description\":\"\",\"placeholder\":\"\",\"visible\":true,\"editable\":true},\"list\":{\"label\":\"Image\",\"searchable\":false,\"sortable\":false}},\"created_at\":{\"edit\":{\"label\":\"Created_at\",\"description\":\"\",\"placeholder\":\"\",\"visible\":false,\"editable\":true},\"list\":{\"label\":\"Created_at\",\"searchable\":true,\"sortable\":true}},\"updated_at\":{\"edit\":{\"label\":\"Updated_at\",\"description\":\"\",\"placeholder\":\"\",\"visible\":false,\"editable\":true},\"list\":{\"label\":\"Updated_at\",\"searchable\":true,\"sortable\":true}}},\"layouts\":{\"list\":[\"id\",\"team\",\"description\",\"image\"],\"editRelations\":[],\"edit\":[[{\"name\":\"team\",\"size\":6},{\"name\":\"description\",\"size\":6}],[{\"name\":\"image\",\"size\":6}]]}}','object','','');
/*!40000 ALTER TABLE `core_store` ENABLE KEYS */;
UNLOCK TABLES;
DROP TABLE IF EXISTS `corporate_architectures`;
/*!40101 SET @saved_cs_client     = @@character_set_client */;
/*!50503 SET character_set_client = utf8mb4 */;
CREATE TABLE `corporate_architectures` (
  `id` int unsigned NOT NULL AUTO_INCREMENT,
  `title` varchar(255) DEFAULT NULL,
  `subTitle` longtext,
  `published_at` datetime DEFAULT NULL,
  `created_by` int DEFAULT NULL,
  `updated_by` int DEFAULT NULL,
  `created_at` timestamp NULL DEFAULT CURRENT_TIMESTAMP,
  `updated_at` timestamp NULL DEFAULT CURRENT_TIMESTAMP,
  PRIMARY KEY (`id`)
) ENGINE=InnoDB AUTO_INCREMENT=5 DEFAULT CHARSET=utf8mb4 COLLATE=utf8mb4_0900_ai_ci;
/*!40101 SET character_set_client = @saved_cs_client */;

LOCK TABLES `corporate_architectures` WRITE;
/*!40000 ALTER TABLE `corporate_architectures` DISABLE KEYS */;
INSERT INTO `corporate_architectures` VALUES (1,'Manage employees via dashboard','Sign up to access your Taxiye Corporate Dashboard and Invite your employees.','2021-05-21 08:26:49',1,1,'2021-05-21 08:26:32','2021-05-21 08:26:49'),(2,'Employees book their own rides','Your employees book their rides with the toggle of a button through their Taxiye app.','2021-05-21 08:27:13',1,1,'2021-05-21 08:27:11','2021-05-21 08:28:40'),(3,'You pay for the trip as you want','You can pay for the trip after or gets automatically paid through your Taxiye Corporate balance.','2021-05-21 08:27:36',1,1,'2021-05-21 08:27:35','2021-05-21 08:27:36'),(4,'Track employee expenses and invoices','Track trip expense details and download invoices anytime from the dashboard.','2021-05-21 08:28:01',1,1,'2021-05-21 08:27:57','2021-05-21 08:28:01');
/*!40000 ALTER TABLE `corporate_architectures` ENABLE KEYS */;
UNLOCK TABLES;
DROP TABLE IF EXISTS `corporate_exprenses`;
/*!40101 SET @saved_cs_client     = @@character_set_client */;
/*!50503 SET character_set_client = utf8mb4 */;
CREATE TABLE `corporate_exprenses` (
  `id` int unsigned NOT NULL AUTO_INCREMENT,
  `title` varchar(255) DEFAULT NULL,
  `subTitle` longtext,
  `published_at` datetime DEFAULT NULL,
  `created_by` int DEFAULT NULL,
  `updated_by` int DEFAULT NULL,
  `created_at` timestamp NULL DEFAULT CURRENT_TIMESTAMP,
  `updated_at` timestamp NULL DEFAULT CURRENT_TIMESTAMP,
  PRIMARY KEY (`id`)
) ENGINE=InnoDB AUTO_INCREMENT=4 DEFAULT CHARSET=utf8mb4 COLLATE=utf8mb4_0900_ai_ci;
/*!40101 SET character_set_client = @saved_cs_client */;

LOCK TABLES `corporate_exprenses` WRITE;
/*!40000 ALTER TABLE `corporate_exprenses` DISABLE KEYS */;
INSERT INTO `corporate_exprenses` VALUES (1,'Greater Control ','Set your own trip terms, create cost centers, and control budget allocation.','2021-05-21 08:29:28',1,1,'2021-05-21 08:29:27','2021-05-21 08:29:28'),(2,'Hassle free accounting','Get rid of the hassle of collecting travel receipts and managing reimbursements.','2021-05-21 08:29:51',1,1,'2021-05-21 08:29:50','2021-05-21 08:29:51'),(3,'Effortless booking','Empower your employees to book their own trips with the tap of a button.','2021-05-21 08:30:14',1,1,'2021-05-21 08:30:13','2021-05-21 08:30:14');
/*!40000 ALTER TABLE `corporate_exprenses` ENABLE KEYS */;
UNLOCK TABLES;
DROP TABLE IF EXISTS `corporate_infos`;
/*!40101 SET @saved_cs_client     = @@character_set_client */;
/*!50503 SET character_set_client = utf8mb4 */;
CREATE TABLE `corporate_infos` (
  `id` int unsigned NOT NULL AUTO_INCREMENT,
  `title` varchar(255) DEFAULT NULL,
  `subTitle` longtext,
  `published_at` datetime DEFAULT NULL,
  `created_by` int DEFAULT NULL,
  `updated_by` int DEFAULT NULL,
  `created_at` timestamp NULL DEFAULT CURRENT_TIMESTAMP,
  `updated_at` timestamp NULL DEFAULT CURRENT_TIMESTAMP,
  PRIMARY KEY (`id`)
) ENGINE=InnoDB AUTO_INCREMENT=5 DEFAULT CHARSET=utf8mb4 COLLATE=utf8mb4_0900_ai_ci;
/*!40101 SET character_set_client = @saved_cs_client */;

LOCK TABLES `corporate_infos` WRITE;
/*!40000 ALTER TABLE `corporate_infos` DISABLE KEYS */;
INSERT INTO `corporate_infos` VALUES (1,'Executive travel','Book comfortable rides with Taxiye for executives right from our corporate dashboard.','2021-05-21 08:37:07',1,1,'2021-05-21 08:36:49','2021-05-21 08:37:07'),(2,'Point to point travel','Safe, fast and easy city travel option for employees.','2021-05-21 08:37:04',1,1,'2021-05-21 08:37:03','2021-05-21 08:37:04'),(3,'Employee pick up and drop','Hassle-free daily commute for employees with Taxiye.','2021-05-21 08:37:22',1,1,'2021-05-21 08:37:21','2021-05-21 08:37:22'),(4,'Employee perks','Night drops, weekend work travels, easy travel allowance options and more.\n We cover it all.','2021-05-21 08:37:38',1,1,'2021-05-21 08:37:36','2021-05-21 08:37:38');
/*!40000 ALTER TABLE `corporate_infos` ENABLE KEYS */;
UNLOCK TABLES;
DROP TABLE IF EXISTS `corporate_pages`;
/*!40101 SET @saved_cs_client     = @@character_set_client */;
/*!50503 SET character_set_client = utf8mb4 */;
CREATE TABLE `corporate_pages` (
  `id` int unsigned NOT NULL AUTO_INCREMENT,
  `published_at` datetime DEFAULT NULL,
  `created_by` int DEFAULT NULL,
  `updated_by` int DEFAULT NULL,
  `created_at` timestamp NULL DEFAULT CURRENT_TIMESTAMP,
  `updated_at` timestamp NULL DEFAULT CURRENT_TIMESTAMP,
  `infoSectionTitle` varchar(255) DEFAULT NULL,
  `infoSectionSubTitle` varchar(255) DEFAULT NULL,
  `safetySectionTitle` varchar(255) DEFAULT NULL,
  `safetySectionSubTitle` varchar(255) DEFAULT NULL,
  `architectureSectionTitle` varchar(255) DEFAULT NULL,
  `architectureSectionSubTitle` varchar(255) DEFAULT NULL,
  `expenseTrackerSectionTitle` varchar(255) DEFAULT NULL,
  `expenseSectionSubTitle` varchar(255) DEFAULT NULL,
  PRIMARY KEY (`id`)
) ENGINE=InnoDB AUTO_INCREMENT=2 DEFAULT CHARSET=utf8mb4 COLLATE=utf8mb4_0900_ai_ci;
/*!40101 SET character_set_client = @saved_cs_client */;

LOCK TABLES `corporate_pages` WRITE;
/*!40000 ALTER TABLE `corporate_pages` DISABLE KEYS */;
INSERT INTO `corporate_pages` VALUES (1,'2021-05-20 08:32:30',1,1,'2021-05-20 08:32:29','2021-05-21 07:54:03','Use Taxiye Corporate for','Lorem ipsum dolor sit amet consectetur adipiscing elit sodales primis, mollis viverra conubia.','Taxiye Safety Center','Our safety standards make sure that your employees are comfortable and secure throughout the trip!','How it works','Lorem ipsum dolor sit amet consectetur adipiscing elit sodales primis, mollis viverra conubia ligula inceptos laoreet.','Cut down your employee travel expenses','Taxiye can help your company save a few bucks in managing employee travel.');
/*!40000 ALTER TABLE `corporate_pages` ENABLE KEYS */;
UNLOCK TABLES;
DROP TABLE IF EXISTS `corporate_pages_components`;
/*!40101 SET @saved_cs_client     = @@character_set_client */;
/*!50503 SET character_set_client = utf8mb4 */;
CREATE TABLE `corporate_pages_components` (
  `id` int unsigned NOT NULL AUTO_INCREMENT,
  `field` varchar(255) NOT NULL,
  `order` int unsigned NOT NULL,
  `component_type` varchar(255) NOT NULL,
  `component_id` int NOT NULL,
  `corporate_page_id` int unsigned NOT NULL,
  PRIMARY KEY (`id`),
  KEY `corporate_page_id_fk` (`corporate_page_id`),
  CONSTRAINT `corporate_page_id_fk` FOREIGN KEY (`corporate_page_id`) REFERENCES `corporate_pages` (`id`) ON DELETE CASCADE
) ENGINE=InnoDB AUTO_INCREMENT=2 DEFAULT CHARSET=utf8mb4 COLLATE=utf8mb4_0900_ai_ci;
/*!40101 SET character_set_client = @saved_cs_client */;

LOCK TABLES `corporate_pages_components` WRITE;
/*!40000 ALTER TABLE `corporate_pages_components` DISABLE KEYS */;
INSERT INTO `corporate_pages_components` VALUES (1,'hero',1,'components_section_heroes',4,1);
/*!40000 ALTER TABLE `corporate_pages_components` ENABLE KEYS */;
UNLOCK TABLES;
DROP TABLE IF EXISTS `corporate_safeties`;
/*!40101 SET @saved_cs_client     = @@character_set_client */;
/*!50503 SET character_set_client = utf8mb4 */;
CREATE TABLE `corporate_safeties` (
  `id` int unsigned NOT NULL AUTO_INCREMENT,
  `title` varchar(255) DEFAULT NULL,
  `subTitle` longtext,
  `published_at` datetime DEFAULT NULL,
  `created_by` int DEFAULT NULL,
  `updated_by` int DEFAULT NULL,
  `created_at` timestamp NULL DEFAULT CURRENT_TIMESTAMP,
  `updated_at` timestamp NULL DEFAULT CURRENT_TIMESTAMP,
  PRIMARY KEY (`id`)
) ENGINE=InnoDB AUTO_INCREMENT=5 DEFAULT CHARSET=utf8mb4 COLLATE=utf8mb4_0900_ai_ci;
/*!40101 SET character_set_client = @saved_cs_client */;

LOCK TABLES `corporate_safeties` WRITE;
/*!40000 ALTER TABLE `corporate_safeties` DISABLE KEYS */;
INSERT INTO `corporate_safeties` VALUES (1,'Track your trip','Real time trip details can be shared with family and friends.','2021-05-21 08:31:04',1,1,'2021-05-21 08:30:45','2021-05-21 08:36:01'),(2,'Verified Professional Drivers','Thorough background checks are conducted on Taxiye drivers.','2021-05-21 08:31:00',1,1,'2021-05-21 08:30:59','2021-05-21 08:36:12'),(3,'Phone Number Privacy','Customer’s mobile number is masked at the driver’s end to ensure privacy.','2021-05-21 08:31:18',1,1,'2021-05-21 08:31:17','2021-05-21 08:35:36'),(4,'Emergency alert button','Button can be used to alert the emergency contacts or nearest PCR.','2021-05-21 13:42:29',1,1,'2021-05-21 08:35:26','2021-05-21 13:42:29');
/*!40000 ALTER TABLE `corporate_safeties` ENABLE KEYS */;
UNLOCK TABLES;
DROP TABLE IF EXISTS `corporate_sign_up_pages`;
/*!40101 SET @saved_cs_client     = @@character_set_client */;
/*!50503 SET character_set_client = utf8mb4 */;
CREATE TABLE `corporate_sign_up_pages` (
  `id` int unsigned NOT NULL AUTO_INCREMENT,
  `published_at` datetime DEFAULT NULL,
  `created_by` int DEFAULT NULL,
  `updated_by` int DEFAULT NULL,
  `created_at` timestamp NULL DEFAULT CURRENT_TIMESTAMP,
  `updated_at` timestamp NULL DEFAULT CURRENT_TIMESTAMP,
  PRIMARY KEY (`id`)
) ENGINE=InnoDB AUTO_INCREMENT=2 DEFAULT CHARSET=utf8mb4 COLLATE=utf8mb4_0900_ai_ci;
/*!40101 SET character_set_client = @saved_cs_client */;

LOCK TABLES `corporate_sign_up_pages` WRITE;
/*!40000 ALTER TABLE `corporate_sign_up_pages` DISABLE KEYS */;
INSERT INTO `corporate_sign_up_pages` VALUES (1,'2021-05-21 07:02:29',1,1,'2021-05-21 07:02:26','2021-05-21 07:06:50');
/*!40000 ALTER TABLE `corporate_sign_up_pages` ENABLE KEYS */;
UNLOCK TABLES;
DROP TABLE IF EXISTS `corporate_sign_up_pages_components`;
/*!40101 SET @saved_cs_client     = @@character_set_client */;
/*!50503 SET character_set_client = utf8mb4 */;
CREATE TABLE `corporate_sign_up_pages_components` (
  `id` int unsigned NOT NULL AUTO_INCREMENT,
  `field` varchar(255) NOT NULL,
  `order` int unsigned NOT NULL,
  `component_type` varchar(255) NOT NULL,
  `component_id` int NOT NULL,
  `corporate_sign_up_page_id` int unsigned NOT NULL,
  PRIMARY KEY (`id`),
  KEY `corporate_sign_up_page_id_fk` (`corporate_sign_up_page_id`),
  CONSTRAINT `corporate_sign_up_page_id_fk` FOREIGN KEY (`corporate_sign_up_page_id`) REFERENCES `corporate_sign_up_pages` (`id`) ON DELETE CASCADE
) ENGINE=InnoDB AUTO_INCREMENT=2 DEFAULT CHARSET=utf8mb4 COLLATE=utf8mb4_0900_ai_ci;
/*!40101 SET character_set_client = @saved_cs_client */;

LOCK TABLES `corporate_sign_up_pages_components` WRITE;
/*!40000 ALTER TABLE `corporate_sign_up_pages_components` DISABLE KEYS */;
INSERT INTO `corporate_sign_up_pages_components` VALUES (1,'hero',1,'components_section_heroes',11,1);
/*!40000 ALTER TABLE `corporate_sign_up_pages_components` ENABLE KEYS */;
UNLOCK TABLES;
DROP TABLE IF EXISTS `corporate_sign_ups`;
/*!40101 SET @saved_cs_client     = @@character_set_client */;
/*!50503 SET character_set_client = utf8mb4 */;
CREATE TABLE `corporate_sign_ups` (
  `id` int unsigned NOT NULL AUTO_INCREMENT,
  `published_at` datetime DEFAULT NULL,
  `created_by` int DEFAULT NULL,
  `updated_by` int DEFAULT NULL,
  `created_at` timestamp NULL DEFAULT CURRENT_TIMESTAMP,
  `updated_at` timestamp NULL DEFAULT CURRENT_TIMESTAMP,
  PRIMARY KEY (`id`)
) ENGINE=InnoDB AUTO_INCREMENT=2 DEFAULT CHARSET=utf8mb4 COLLATE=utf8mb4_0900_ai_ci;
/*!40101 SET character_set_client = @saved_cs_client */;

LOCK TABLES `corporate_sign_ups` WRITE;
/*!40000 ALTER TABLE `corporate_sign_ups` DISABLE KEYS */;
/*!40000 ALTER TABLE `corporate_sign_ups` ENABLE KEYS */;
UNLOCK TABLES;
DROP TABLE IF EXISTS `corporate_sign_ups_components`;
/*!40101 SET @saved_cs_client     = @@character_set_client */;
/*!50503 SET character_set_client = utf8mb4 */;
CREATE TABLE `corporate_sign_ups_components` (
  `id` int unsigned NOT NULL AUTO_INCREMENT,
  `field` varchar(255) NOT NULL,
  `order` int unsigned NOT NULL,
  `component_type` varchar(255) NOT NULL,
  `component_id` int NOT NULL,
  `corporate_sign_up_id` int unsigned NOT NULL,
  PRIMARY KEY (`id`),
  KEY `corporate_sign_up_id_fk` (`corporate_sign_up_id`),
  CONSTRAINT `corporate_sign_up_id_fk` FOREIGN KEY (`corporate_sign_up_id`) REFERENCES `corporate_sign_ups` (`id`) ON DELETE CASCADE
) ENGINE=InnoDB AUTO_INCREMENT=2 DEFAULT CHARSET=utf8mb4 COLLATE=utf8mb4_0900_ai_ci;
/*!40101 SET character_set_client = @saved_cs_client */;

LOCK TABLES `corporate_sign_ups_components` WRITE;
/*!40000 ALTER TABLE `corporate_sign_ups_components` DISABLE KEYS */;
/*!40000 ALTER TABLE `corporate_sign_ups_components` ENABLE KEYS */;
UNLOCK TABLES;
DROP TABLE IF EXISTS `driver_page_teams`;
/*!40101 SET @saved_cs_client     = @@character_set_client */;
/*!50503 SET character_set_client = utf8mb4 */;
CREATE TABLE `driver_page_teams` (
  `id` int unsigned NOT NULL AUTO_INCREMENT,
  `title` varchar(255) DEFAULT NULL,
  `subTitle` longtext,
  `published_at` datetime DEFAULT NULL,
  `created_by` int DEFAULT NULL,
  `updated_by` int DEFAULT NULL,
  `created_at` timestamp NULL DEFAULT CURRENT_TIMESTAMP,
  `updated_at` timestamp NULL DEFAULT CURRENT_TIMESTAMP,
  PRIMARY KEY (`id`)
) ENGINE=InnoDB DEFAULT CHARSET=utf8mb4 COLLATE=utf8mb4_0900_ai_ci;
/*!40101 SET character_set_client = @saved_cs_client */;

LOCK TABLES `driver_page_teams` WRITE;
/*!40000 ALTER TABLE `driver_page_teams` DISABLE KEYS */;
/*!40000 ALTER TABLE `driver_page_teams` ENABLE KEYS */;
UNLOCK TABLES;
DROP TABLE IF EXISTS `driver_requirments`;
/*!40101 SET @saved_cs_client     = @@character_set_client */;
/*!50503 SET character_set_client = utf8mb4 */;
CREATE TABLE `driver_requirments` (
  `id` int unsigned NOT NULL AUTO_INCREMENT,
  `title` varchar(255) DEFAULT NULL,
  `description` longtext,
  `published_at` datetime DEFAULT NULL,
  `created_by` int DEFAULT NULL,
  `updated_by` int DEFAULT NULL,
  `created_at` timestamp NULL DEFAULT CURRENT_TIMESTAMP,
  `updated_at` timestamp NULL DEFAULT CURRENT_TIMESTAMP,
  PRIMARY KEY (`id`)
) ENGINE=InnoDB AUTO_INCREMENT=5 DEFAULT CHARSET=utf8mb4 COLLATE=utf8mb4_0900_ai_ci;
/*!40101 SET character_set_client = @saved_cs_client */;

LOCK TABLES `driver_requirments` WRITE;
/*!40000 ALTER TABLE `driver_requirments` DISABLE KEYS */;
INSERT INTO `driver_requirments` VALUES (1,'Requirement 1','Lorem ipsum dolor sit amet consectetur adipiscing elit sodales primis, mollis viverra conubia ligula inceptos laoreet libero tortor, nascetur non habitasse iaculis tempor nec egestas fames augue, platea porta integer nostra curae sed arcu.','2021-05-24 06:31:17',1,1,'2021-05-24 06:30:06','2021-05-24 06:31:17'),(2,'Requirement 2','Lorem ipsum dolor sit amet consectetur adipiscing elit sodales primis, mollis viverra conubia ligula inceptos laoreet libero tortor, nascetur non habitasse iaculis tempor nec egestas fames augue, platea porta integer nostra curae sed arcu.','2021-05-24 06:31:44',1,1,'2021-05-24 06:31:39','2021-05-24 06:31:44'),(3,'Requirement 3','Lorem ipsum dolor sit amet consectetur adipiscing elit sodales primis, mollis viverra conubia ligula inceptos laoreet libero tortor, nascetur non habitasse iaculis tempor nec egestas fames augue, platea porta integer nostra curae sed arcu.','2021-05-24 06:32:02',1,1,'2021-05-24 06:31:58','2021-05-24 06:32:02'),(4,'Pay US','you have to pay us to work with us. lol',NULL,1,1,'2021-05-25 08:08:40','2021-06-29 07:48:34');
/*!40000 ALTER TABLE `driver_requirments` ENABLE KEYS */;
UNLOCK TABLES;
DROP TABLE IF EXISTS `driver_safeties`;
/*!40101 SET @saved_cs_client     = @@character_set_client */;
/*!50503 SET character_set_client = utf8mb4 */;
CREATE TABLE `driver_safeties` (
  `id` int unsigned NOT NULL AUTO_INCREMENT,
  `title` varchar(255) DEFAULT NULL,
  `subTitle` longtext,
  `published_at` datetime DEFAULT NULL,
  `created_by` int DEFAULT NULL,
  `updated_by` int DEFAULT NULL,
  `created_at` timestamp NULL DEFAULT CURRENT_TIMESTAMP,
  `updated_at` timestamp NULL DEFAULT CURRENT_TIMESTAMP,
  PRIMARY KEY (`id`)
) ENGINE=InnoDB AUTO_INCREMENT=5 DEFAULT CHARSET=utf8mb4 COLLATE=utf8mb4_0900_ai_ci;
/*!40101 SET character_set_client = @saved_cs_client */;

LOCK TABLES `driver_safeties` WRITE;
/*!40000 ALTER TABLE `driver_safeties` DISABLE KEYS */;
INSERT INTO `driver_safeties` VALUES (1,'Share your location','Real time trip details can be shared with family and friends.','2021-05-24 06:09:06',1,1,'2021-05-24 06:09:02','2021-05-24 06:11:13'),(2,'Giving us feedback','After each trip, you have the option to rate your rider and share your thoughts.','2021-05-24 06:09:32',1,1,'2021-05-24 06:09:29','2021-05-24 06:16:10'),(3,'24/7 support','Our Support Team is always standing by, ready to help by phone or email.','2021-05-24 06:09:55',1,1,'2021-05-24 06:09:53','2021-05-24 06:15:52'),(4,'Emergency alert button','Button can be used to alert the emergency contacts or nearest PCR.','2021-05-24 06:10:14',1,1,'2021-05-24 06:10:12','2021-05-24 06:11:33');
/*!40000 ALTER TABLE `driver_safeties` ENABLE KEYS */;
UNLOCK TABLES;
DROP TABLE IF EXISTS `driver_sign_up_pages`;
/*!40101 SET @saved_cs_client     = @@character_set_client */;
/*!50503 SET character_set_client = utf8mb4 */;
CREATE TABLE `driver_sign_up_pages` (
  `id` int unsigned NOT NULL AUTO_INCREMENT,
  `published_at` datetime DEFAULT NULL,
  `created_by` int DEFAULT NULL,
  `updated_by` int DEFAULT NULL,
  `created_at` timestamp NULL DEFAULT CURRENT_TIMESTAMP,
  `updated_at` timestamp NULL DEFAULT CURRENT_TIMESTAMP,
  PRIMARY KEY (`id`)
) ENGINE=InnoDB AUTO_INCREMENT=2 DEFAULT CHARSET=utf8mb4 COLLATE=utf8mb4_0900_ai_ci;
/*!40101 SET character_set_client = @saved_cs_client */;

LOCK TABLES `driver_sign_up_pages` WRITE;
/*!40000 ALTER TABLE `driver_sign_up_pages` DISABLE KEYS */;
INSERT INTO `driver_sign_up_pages` VALUES (1,'2021-05-21 06:58:06',1,1,'2021-05-21 06:58:05','2021-05-21 07:06:56');
/*!40000 ALTER TABLE `driver_sign_up_pages` ENABLE KEYS */;
UNLOCK TABLES;
DROP TABLE IF EXISTS `driver_sign_up_pages_components`;
/*!40101 SET @saved_cs_client     = @@character_set_client */;
/*!50503 SET character_set_client = utf8mb4 */;
CREATE TABLE `driver_sign_up_pages_components` (
  `id` int unsigned NOT NULL AUTO_INCREMENT,
  `field` varchar(255) NOT NULL,
  `order` int unsigned NOT NULL,
  `component_type` varchar(255) NOT NULL,
  `component_id` int NOT NULL,
  `driver_sign_up_page_id` int unsigned NOT NULL,
  PRIMARY KEY (`id`),
  KEY `driver_sign_up_page_id_fk` (`driver_sign_up_page_id`),
  CONSTRAINT `driver_sign_up_page_id_fk` FOREIGN KEY (`driver_sign_up_page_id`) REFERENCES `driver_sign_up_pages` (`id`) ON DELETE CASCADE
) ENGINE=InnoDB AUTO_INCREMENT=2 DEFAULT CHARSET=utf8mb4 COLLATE=utf8mb4_0900_ai_ci;
/*!40101 SET character_set_client = @saved_cs_client */;

LOCK TABLES `driver_sign_up_pages_components` WRITE;
/*!40000 ALTER TABLE `driver_sign_up_pages_components` DISABLE KEYS */;
INSERT INTO `driver_sign_up_pages_components` VALUES (1,'hero',1,'components_section_heroes',9,1);
/*!40000 ALTER TABLE `driver_sign_up_pages_components` ENABLE KEYS */;
UNLOCK TABLES;
DROP TABLE IF EXISTS `driver_work_freedoms`;
/*!40101 SET @saved_cs_client     = @@character_set_client */;
/*!50503 SET character_set_client = utf8mb4 */;
CREATE TABLE `driver_work_freedoms` (
  `id` int unsigned NOT NULL AUTO_INCREMENT,
  `title` varchar(255) DEFAULT NULL,
  `description` longtext,
  `published_at` datetime DEFAULT NULL,
  `created_by` int DEFAULT NULL,
  `updated_by` int DEFAULT NULL,
  `created_at` timestamp NULL DEFAULT CURRENT_TIMESTAMP,
  `updated_at` timestamp NULL DEFAULT CURRENT_TIMESTAMP,
  PRIMARY KEY (`id`)
) ENGINE=InnoDB AUTO_INCREMENT=4 DEFAULT CHARSET=utf8mb4 COLLATE=utf8mb4_0900_ai_ci;
/*!40101 SET character_set_client = @saved_cs_client */;

LOCK TABLES `driver_work_freedoms` WRITE;
/*!40000 ALTER TABLE `driver_work_freedoms` DISABLE KEYS */;
INSERT INTO `driver_work_freedoms` VALUES (1,'Greater Control','Set your own trip terms, create cost centers, and control budget allocation.','2021-05-24 06:54:27',1,1,'2021-05-24 06:54:23','2021-05-24 07:01:10'),(2,'Greater Control ','Set your own trip terms, create cost centers, and control budget allocation.','2021-05-24 06:54:42',1,1,'2021-05-24 06:54:37','2021-05-24 07:01:18'),(3,'Greater Control','Set your own trip terms, create cost centers, and control budget allocation.','2021-05-24 06:54:58',1,1,'2021-05-24 06:54:53','2021-05-24 07:01:14');
/*!40000 ALTER TABLE `driver_work_freedoms` ENABLE KEYS */;
UNLOCK TABLES;
DROP TABLE IF EXISTS `fleets`;
/*!40101 SET @saved_cs_client     = @@character_set_client */;
/*!50503 SET character_set_client = utf8mb4 */;
CREATE TABLE `fleets` (
  `id` int unsigned NOT NULL AUTO_INCREMENT,
  `name` varchar(255) DEFAULT NULL,
  `description` longtext,
  `speed` varchar(255) DEFAULT NULL,
  `published_at` datetime DEFAULT NULL,
  `created_by` int DEFAULT NULL,
  `updated_by` int DEFAULT NULL,
  `created_at` timestamp NULL DEFAULT CURRENT_TIMESTAMP,
  `updated_at` timestamp NULL DEFAULT CURRENT_TIMESTAMP,
  PRIMARY KEY (`id`)
) ENGINE=InnoDB AUTO_INCREMENT=4 DEFAULT CHARSET=utf8mb4 COLLATE=utf8mb4_0900_ai_ci;
/*!40101 SET character_set_client = @saved_cs_client */;

LOCK TABLES `fleets` WRITE;
/*!40000 ALTER TABLE `fleets` DISABLE KEYS */;
INSERT INTO `fleets` VALUES (1,'Mini','A regular, economical and comfortable AC hatchback that becomes your everyday ride. ','10 Birr / km','2021-05-20 07:13:38',1,1,'2021-05-20 07:11:24','2021-05-20 07:13:38'),(2,'Sedan','  Top rated drivers, and a hand-picked fleet of the best cars with extra legroom and boot space.','10 Birr / km','2021-05-20 07:14:08',1,1,'2021-05-20 07:14:06','2021-05-20 07:14:08'),(3,'7 Seater','A perfect choice for your weekend getaways, with plenty of room for everyone including that extra bag.','13 Birr / km','2021-05-20 07:14:46',1,1,'2021-05-20 07:14:36','2021-05-20 07:14:46');
/*!40000 ALTER TABLE `fleets` ENABLE KEYS */;
UNLOCK TABLES;
DROP TABLE IF EXISTS `home_pages`;
/*!40101 SET @saved_cs_client     = @@character_set_client */;
/*!50503 SET character_set_client = utf8mb4 */;
CREATE TABLE `home_pages` (
  `id` int unsigned NOT NULL AUTO_INCREMENT,
  `headerTitle` varchar(255) DEFAULT NULL,
  `servicesSectionTitle` varchar(255) DEFAULT NULL,
  `published_at` datetime DEFAULT NULL,
  `created_by` int DEFAULT NULL,
  `updated_by` int DEFAULT NULL,
  `created_at` timestamp NULL DEFAULT CURRENT_TIMESTAMP,
  `updated_at` timestamp NULL DEFAULT CURRENT_TIMESTAMP,
  `headerSubTitle` varchar(255) DEFAULT NULL,
  `serviceSectionSubTitle` varchar(255) DEFAULT NULL,
  `testimonySectionTitle` varchar(255) DEFAULT NULL,
  `testimonySectionSubTitle` varchar(255) DEFAULT NULL,
  `fleetsSectionTitle` varchar(255) DEFAULT NULL,
  `fleetsSectionSubTitle` varchar(255) DEFAULT NULL,
  `fleetSectionTitle` varchar(255) DEFAULT NULL,
  `fleetSectionSubTitle` varchar(255) DEFAULT NULL,
  `articleSectionTitle` varchar(255) DEFAULT NULL,
  `articleSectionSubTitle` varchar(255) DEFAULT NULL,
  `serviceSectionTitle` varchar(255) DEFAULT NULL,
  PRIMARY KEY (`id`)
) ENGINE=InnoDB AUTO_INCREMENT=2 DEFAULT CHARSET=utf8mb4 COLLATE=utf8mb4_0900_ai_ci;
/*!40101 SET character_set_client = @saved_cs_client */;

LOCK TABLES `home_pages` WRITE;
/*!40000 ALTER TABLE `home_pages` DISABLE KEYS */;
INSERT INTO `home_pages` VALUES (1,'Life is a journey. Enjoy it with Taxiye.','Choose the trip that suits you.','2021-05-19 13:01:38',1,1,'2021-05-19 12:03:53','2021-05-25 08:02:57',NULL,'Lorem ipsum dolor sit amet consectetur adipiscing elit sodales primis, mollis viverra conubia ligula inceptos laoreet.','Loved for all kinds of reasons.','Lorem ipsum dolor sit amet consectetur adipiscing elit sodales primis, mollis viverra conubia ligula inceptos laoreet.','Meet our awesome fleet.','Lorem ipsum dolor sit amet consectetur adipiscing elit sodales primis, mollis viverra conubia ligula inceptos laoreet.','Meet our awesome fleet.','Lorem ipsum dolor sit amet consectetur adipiscing elit sodales primis, mollis viverra conubia ligula inceptos laoreet.','Some of the latest news from us.','Lorem ipsum dolor sit amet consectetur adipiscing elit sodales primis, mollis viverra conubia ligula inceptos laoreet.','Life is a journey. Enjoy it with Taxiye.');
/*!40000 ALTER TABLE `home_pages` ENABLE KEYS */;
UNLOCK TABLES;
DROP TABLE IF EXISTS `home_pages_components`;
/*!40101 SET @saved_cs_client     = @@character_set_client */;
/*!50503 SET character_set_client = utf8mb4 */;
CREATE TABLE `home_pages_components` (
  `id` int unsigned NOT NULL AUTO_INCREMENT,
  `field` varchar(255) NOT NULL,
  `order` int unsigned NOT NULL,
  `component_type` varchar(255) NOT NULL,
  `component_id` int NOT NULL,
  `home_page_id` int unsigned NOT NULL,
  PRIMARY KEY (`id`),
  KEY `home_page_id_fk` (`home_page_id`),
  CONSTRAINT `home_page_id_fk` FOREIGN KEY (`home_page_id`) REFERENCES `home_pages` (`id`) ON DELETE CASCADE
) ENGINE=InnoDB AUTO_INCREMENT=2 DEFAULT CHARSET=utf8mb4 COLLATE=utf8mb4_0900_ai_ci;
/*!40101 SET character_set_client = @saved_cs_client */;

LOCK TABLES `home_pages_components` WRITE;
/*!40000 ALTER TABLE `home_pages_components` DISABLE KEYS */;
INSERT INTO `home_pages_components` VALUES (1,'hero',1,'components_section_heroes',1,1);
/*!40000 ALTER TABLE `home_pages_components` ENABLE KEYS */;
UNLOCK TABLES;
DROP TABLE IF EXISTS `i18n_locales`;
/*!40101 SET @saved_cs_client     = @@character_set_client */;
/*!50503 SET character_set_client = utf8mb4 */;
CREATE TABLE `i18n_locales` (
  `id` int unsigned NOT NULL AUTO_INCREMENT,
  `name` varchar(255) DEFAULT NULL,
  `code` varchar(255) DEFAULT NULL,
  `created_by` int DEFAULT NULL,
  `updated_by` int DEFAULT NULL,
  `created_at` timestamp NULL DEFAULT CURRENT_TIMESTAMP,
  `updated_at` timestamp NULL DEFAULT CURRENT_TIMESTAMP,
  PRIMARY KEY (`id`),
  UNIQUE KEY `i18n_locales_code_unique` (`code`)
) ENGINE=InnoDB AUTO_INCREMENT=2 DEFAULT CHARSET=utf8mb4 COLLATE=utf8mb4_0900_ai_ci;
/*!40101 SET character_set_client = @saved_cs_client */;

LOCK TABLES `i18n_locales` WRITE;
/*!40000 ALTER TABLE `i18n_locales` DISABLE KEYS */;
INSERT INTO `i18n_locales` VALUES (1,'English (en)','en',NULL,NULL,'2021-05-19 11:49:29','2021-05-19 11:49:29');
/*!40000 ALTER TABLE `i18n_locales` ENABLE KEYS */;
UNLOCK TABLES;
DROP TABLE IF EXISTS `login_pages`;
/*!40101 SET @saved_cs_client     = @@character_set_client */;
/*!50503 SET character_set_client = utf8mb4 */;
CREATE TABLE `login_pages` (
  `id` int unsigned NOT NULL AUTO_INCREMENT,
  `published_at` datetime DEFAULT NULL,
  `created_by` int DEFAULT NULL,
  `updated_by` int DEFAULT NULL,
  `created_at` timestamp NULL DEFAULT CURRENT_TIMESTAMP,
  `updated_at` timestamp NULL DEFAULT CURRENT_TIMESTAMP,
  PRIMARY KEY (`id`)
) ENGINE=InnoDB AUTO_INCREMENT=2 DEFAULT CHARSET=utf8mb4 COLLATE=utf8mb4_0900_ai_ci;
/*!40101 SET character_set_client = @saved_cs_client */;

LOCK TABLES `login_pages` WRITE;
/*!40000 ALTER TABLE `login_pages` DISABLE KEYS */;
INSERT INTO `login_pages` VALUES (1,'2021-05-21 06:57:31',1,1,'2021-05-21 06:57:28','2021-05-21 06:57:31');
/*!40000 ALTER TABLE `login_pages` ENABLE KEYS */;
UNLOCK TABLES;
DROP TABLE IF EXISTS `login_pages_components`;
/*!40101 SET @saved_cs_client     = @@character_set_client */;
/*!50503 SET character_set_client = utf8mb4 */;
CREATE TABLE `login_pages_components` (
  `id` int unsigned NOT NULL AUTO_INCREMENT,
  `field` varchar(255) NOT NULL,
  `order` int unsigned NOT NULL,
  `component_type` varchar(255) NOT NULL,
  `component_id` int NOT NULL,
  `login_page_id` int unsigned NOT NULL,
  PRIMARY KEY (`id`),
  KEY `login_page_id_fk` (`login_page_id`),
  CONSTRAINT `login_page_id_fk` FOREIGN KEY (`login_page_id`) REFERENCES `login_pages` (`id`) ON DELETE CASCADE
) ENGINE=InnoDB AUTO_INCREMENT=2 DEFAULT CHARSET=utf8mb4 COLLATE=utf8mb4_0900_ai_ci;
/*!40101 SET character_set_client = @saved_cs_client */;

LOCK TABLES `login_pages_components` WRITE;
/*!40000 ALTER TABLE `login_pages_components` DISABLE KEYS */;
INSERT INTO `login_pages_components` VALUES (1,'hero',1,'components_section_heroes',8,1);
/*!40000 ALTER TABLE `login_pages_components` ENABLE KEYS */;
UNLOCK TABLES;
DROP TABLE IF EXISTS `our_partners`;
/*!40101 SET @saved_cs_client     = @@character_set_client */;
/*!50503 SET character_set_client = utf8mb4 */;
CREATE TABLE `our_partners` (
  `id` int unsigned NOT NULL AUTO_INCREMENT,
  `description` longtext,
  `published_at` datetime DEFAULT NULL,
  `created_by` int DEFAULT NULL,
  `updated_by` int DEFAULT NULL,
  `created_at` timestamp NULL DEFAULT CURRENT_TIMESTAMP,
  `updated_at` timestamp NULL DEFAULT CURRENT_TIMESTAMP,
  PRIMARY KEY (`id`)
) ENGINE=InnoDB AUTO_INCREMENT=3 DEFAULT CHARSET=utf8mb4 COLLATE=utf8mb4_0900_ai_ci;
/*!40101 SET character_set_client = @saved_cs_client */;

LOCK TABLES `our_partners` WRITE;
/*!40000 ALTER TABLE `our_partners` DISABLE KEYS */;
INSERT INTO `our_partners` VALUES (1,'Our marketing team provides the necessary research to identify our target customers and other audiences. and provides necessary information to the customers.','2021-05-24 11:00:41',1,1,'2021-05-24 11:00:23','2021-05-24 11:21:28'),(2,'Our marketing team provides the necessary research to identify our target customers and other audiences. and provides necessary information to the customers.','2021-05-24 11:00:38',1,1,'2021-05-24 11:00:36','2021-05-24 11:21:36');
/*!40000 ALTER TABLE `our_partners` ENABLE KEYS */;
UNLOCK TABLES;
DROP TABLE IF EXISTS `our_team_groups`;
/*!40101 SET @saved_cs_client     = @@character_set_client */;
/*!50503 SET character_set_client = utf8mb4 */;
CREATE TABLE `our_team_groups` (
  `id` int unsigned NOT NULL AUTO_INCREMENT,
  `team` varchar(255) DEFAULT NULL,
  `description` longtext,
  `published_at` datetime DEFAULT NULL,
  `created_by` int DEFAULT NULL,
  `updated_by` int DEFAULT NULL,
  `created_at` timestamp NULL DEFAULT CURRENT_TIMESTAMP,
  `updated_at` timestamp NULL DEFAULT CURRENT_TIMESTAMP,
  PRIMARY KEY (`id`)
) ENGINE=InnoDB AUTO_INCREMENT=4 DEFAULT CHARSET=utf8mb4 COLLATE=utf8mb4_0900_ai_ci;
/*!40101 SET character_set_client = @saved_cs_client */;

LOCK TABLES `our_team_groups` WRITE;
/*!40000 ALTER TABLE `our_team_groups` DISABLE KEYS */;
INSERT INTO `our_team_groups` VALUES (1,'Marketing Team','Our marketing team provides the necessary research to identify our target customers and other audiences. and provides necessary information to the customers.','2021-05-24 11:17:04',1,1,'2021-05-24 11:17:02','2021-05-24 11:20:04'),(2,'Customer Services Team','Our customer service is all about bringing customers back and about sending them away happy! Hearing you and tending to your needs are our primary duties.','2021-05-24 11:17:25',1,1,'2021-05-24 11:17:23','2021-05-24 11:19:55'),(3,'Call Center Team','Every minute, many calls from multiple channels take place between your customers and our organization. These interactions are possessed by our call center team.','2021-05-24 11:17:51',1,1,'2021-05-24 11:17:41','2021-05-24 11:19:40');
/*!40000 ALTER TABLE `our_team_groups` ENABLE KEYS */;
UNLOCK TABLES;
DROP TABLE IF EXISTS `our_teams`;
/*!40101 SET @saved_cs_client     = @@character_set_client */;
/*!50503 SET character_set_client = utf8mb4 */;
CREATE TABLE `our_teams` (
  `id` int unsigned NOT NULL AUTO_INCREMENT,
  `name` varchar(255) DEFAULT NULL,
  `title` varchar(255) DEFAULT NULL,
  `published_at` datetime DEFAULT NULL,
  `created_by` int DEFAULT NULL,
  `updated_by` int DEFAULT NULL,
  `created_at` timestamp NULL DEFAULT CURRENT_TIMESTAMP,
  `updated_at` timestamp NULL DEFAULT CURRENT_TIMESTAMP,
  PRIMARY KEY (`id`)
) ENGINE=InnoDB AUTO_INCREMENT=5 DEFAULT CHARSET=utf8mb4 COLLATE=utf8mb4_0900_ai_ci;
/*!40101 SET character_set_client = @saved_cs_client */;

LOCK TABLES `our_teams` WRITE;
/*!40000 ALTER TABLE `our_teams` DISABLE KEYS */;
INSERT INTO `our_teams` VALUES (1,'Tsedey Asfaw','Managing Director','2021-05-24 11:01:23',1,1,'2021-05-24 11:01:20','2021-05-24 11:19:18'),(2,'Daniel Mulugeta','Operations Manager','2021-05-24 11:01:41',1,1,'2021-05-24 11:01:39','2021-05-24 11:18:40'),(3,'Mesay Derar','Human Resource Manager','2021-05-24 11:02:12',1,1,'2021-05-24 11:02:01','2021-05-24 11:19:09'),(4,'Deborah Mammo','Marketing Manager','2021-05-24 11:02:27',1,1,'2021-05-24 11:02:23','2021-05-24 11:18:51');
/*!40000 ALTER TABLE `our_teams` ENABLE KEYS */;
UNLOCK TABLES;
DROP TABLE IF EXISTS `our_value_statements`;
/*!40101 SET @saved_cs_client     = @@character_set_client */;
/*!50503 SET character_set_client = utf8mb4 */;
CREATE TABLE `our_value_statements` (
  `id` int unsigned NOT NULL AUTO_INCREMENT,
  `title` varchar(255) DEFAULT NULL,
  `description` longtext,
  `published_at` datetime DEFAULT NULL,
  `created_by` int DEFAULT NULL,
  `updated_by` int DEFAULT NULL,
  `created_at` timestamp NULL DEFAULT CURRENT_TIMESTAMP,
  `updated_at` timestamp NULL DEFAULT CURRENT_TIMESTAMP,
  PRIMARY KEY (`id`)
) ENGINE=InnoDB AUTO_INCREMENT=4 DEFAULT CHARSET=utf8mb4 COLLATE=utf8mb4_0900_ai_ci;
/*!40101 SET character_set_client = @saved_cs_client */;

LOCK TABLES `our_value_statements` WRITE;
/*!40000 ALTER TABLE `our_value_statements` DISABLE KEYS */;
INSERT INTO `our_value_statements` VALUES (1,'Vision','To be the best ride hailing service provider in Africa which is uniquely owned by taxi drivers, major shareholders and the public.','2021-05-24 11:25:31',1,1,'2021-05-24 11:25:25','2021-05-24 11:31:34'),(2,'Mission','Lorem ipsum dolor sit amet consectetur adipiscing elit sodales primis, mollis viverra adipiscing conubia ligula.','2021-05-24 11:25:45',1,1,'2021-05-24 11:25:38','2021-05-24 11:31:11'),(3,'Value','To help passengers get better means of transportation at a reasonable price and to modernize the transportation system.','2021-05-24 11:26:00',1,1,'2021-05-24 11:25:55','2021-05-24 11:31:23');
/*!40000 ALTER TABLE `our_value_statements` ENABLE KEYS */;
UNLOCK TABLES;
DROP TABLE IF EXISTS `service_pages`;
/*!40101 SET @saved_cs_client     = @@character_set_client */;
/*!50503 SET character_set_client = utf8mb4 */;
CREATE TABLE `service_pages` (
  `id` int unsigned NOT NULL AUTO_INCREMENT,
  `headerTitle` varchar(255) DEFAULT NULL,
  `published_at` datetime DEFAULT NULL,
  `created_by` int DEFAULT NULL,
  `updated_by` int DEFAULT NULL,
  `created_at` timestamp NULL DEFAULT CURRENT_TIMESTAMP,
  `updated_at` timestamp NULL DEFAULT CURRENT_TIMESTAMP,
  `heroTitle` varchar(255) DEFAULT NULL,
  `heroSubTitle` varchar(255) DEFAULT NULL,
  `serviceSectionTitle` varchar(255) DEFAULT NULL,
  `serviceSectionSubTitle` varchar(255) DEFAULT NULL,
  PRIMARY KEY (`id`)
) ENGINE=InnoDB AUTO_INCREMENT=2 DEFAULT CHARSET=utf8mb4 COLLATE=utf8mb4_0900_ai_ci;
/*!40101 SET character_set_client = @saved_cs_client */;

LOCK TABLES `service_pages` WRITE;
/*!40000 ALTER TABLE `service_pages` DISABLE KEYS */;
INSERT INTO `service_pages` VALUES (1,NULL,'2021-05-20 07:29:30',1,1,'2021-05-19 14:17:03','2021-05-20 07:35:58',NULL,NULL,'Our Services','Lorem ipsum dolor sit amet consectetur adipiscing elit sodales primis, mollis viverra conubia ligula inceptos laoreet.');
/*!40000 ALTER TABLE `service_pages` ENABLE KEYS */;
UNLOCK TABLES;
DROP TABLE IF EXISTS `service_pages_components`;
/*!40101 SET @saved_cs_client     = @@character_set_client */;
/*!50503 SET character_set_client = utf8mb4 */;
CREATE TABLE `service_pages_components` (
  `id` int unsigned NOT NULL AUTO_INCREMENT,
  `field` varchar(255) NOT NULL,
  `order` int unsigned NOT NULL,
  `component_type` varchar(255) NOT NULL,
  `component_id` int NOT NULL,
  `service_page_id` int unsigned NOT NULL,
  PRIMARY KEY (`id`),
  KEY `service_page_id_fk` (`service_page_id`),
  CONSTRAINT `service_page_id_fk` FOREIGN KEY (`service_page_id`) REFERENCES `service_pages` (`id`) ON DELETE CASCADE
) ENGINE=InnoDB AUTO_INCREMENT=2 DEFAULT CHARSET=utf8mb4 COLLATE=utf8mb4_0900_ai_ci;
/*!40101 SET character_set_client = @saved_cs_client */;

LOCK TABLES `service_pages_components` WRITE;
/*!40000 ALTER TABLE `service_pages_components` DISABLE KEYS */;
INSERT INTO `service_pages_components` VALUES (1,'hero',1,'components_section_heroes',2,1);
/*!40000 ALTER TABLE `service_pages_components` ENABLE KEYS */;
UNLOCK TABLES;
DROP TABLE IF EXISTS `services`;
/*!40101 SET @saved_cs_client     = @@character_set_client */;
/*!50503 SET character_set_client = utf8mb4 */;
CREATE TABLE `services` (
  `id` int unsigned NOT NULL AUTO_INCREMENT,
  `name` varchar(255) DEFAULT NULL,
  `published_at` datetime DEFAULT NULL,
  `created_by` int DEFAULT NULL,
  `updated_by` int DEFAULT NULL,
  `created_at` timestamp NULL DEFAULT CURRENT_TIMESTAMP,
  `updated_at` timestamp NULL DEFAULT CURRENT_TIMESTAMP,
  PRIMARY KEY (`id`)
) ENGINE=InnoDB AUTO_INCREMENT=5 DEFAULT CHARSET=utf8mb4 COLLATE=utf8mb4_0900_ai_ci;
/*!40101 SET character_set_client = @saved_cs_client */;

LOCK TABLES `services` WRITE;
/*!40000 ALTER TABLE `services` DISABLE KEYS */;
INSERT INTO `services` VALUES (1,'City Travel','2021-05-19 12:03:07',1,1,'2021-05-19 12:03:02','2021-05-20 08:10:35'),(2,'On Demand','2021-05-19 12:21:59',1,1,'2021-05-19 12:03:17','2021-05-20 08:10:55'),(3,'Hourly Rental','2021-05-19 13:09:52',1,1,'2021-05-19 13:09:46','2021-05-20 08:10:22'),(4,'Messenger Delivery','2021-05-19 13:10:05',1,1,'2021-05-19 13:10:03','2021-05-20 08:10:45');
/*!40000 ALTER TABLE `services` ENABLE KEYS */;
UNLOCK TABLES;
DROP TABLE IF EXISTS `services_components`;
/*!40101 SET @saved_cs_client     = @@character_set_client */;
/*!50503 SET character_set_client = utf8mb4 */;
CREATE TABLE `services_components` (
  `id` int unsigned NOT NULL AUTO_INCREMENT,
  `field` varchar(255) NOT NULL,
  `order` int unsigned NOT NULL,
  `component_type` varchar(255) NOT NULL,
  `component_id` int NOT NULL,
  `service_id` int unsigned NOT NULL,
  PRIMARY KEY (`id`),
  KEY `service_id_fk` (`service_id`),
  CONSTRAINT `service_id_fk` FOREIGN KEY (`service_id`) REFERENCES `services` (`id`) ON DELETE CASCADE
) ENGINE=InnoDB AUTO_INCREMENT=10 DEFAULT CHARSET=utf8mb4 COLLATE=utf8mb4_0900_ai_ci;
/*!40101 SET character_set_client = @saved_cs_client */;

LOCK TABLES `services_components` WRITE;
/*!40000 ALTER TABLE `services_components` DISABLE KEYS */;
INSERT INTO `services_components` VALUES (1,'longDescription',1,'components_text_paragraphs',1,2),(2,'longDescription',2,'components_text_paragraphs',2,2),(3,'longDescription',1,'components_text_paragraphs',3,1),(4,'shortDescription',1,'components_text_paragraphs',5,2),(5,'shortDescription',1,'components_text_paragraphs',6,4),(6,'shortDescription',1,'components_text_paragraphs',7,3),(7,'shortDescription',1,'components_text_paragraphs',8,1),(8,'longDescription',1,'components_text_paragraphs',9,3),(9,'longDescription',1,'components_text_paragraphs',10,4);
/*!40000 ALTER TABLE `services_components` ENABLE KEYS */;
UNLOCK TABLES;
DROP TABLE IF EXISTS `social_medias`;
/*!40101 SET @saved_cs_client     = @@character_set_client */;
/*!50503 SET character_set_client = utf8mb4 */;
CREATE TABLE `social_medias` (
  `id` int unsigned NOT NULL AUTO_INCREMENT,
  `name` varchar(255) DEFAULT NULL,
  `link` varchar(255) DEFAULT NULL,
  `published_at` datetime DEFAULT NULL,
  `created_by` int DEFAULT NULL,
  `updated_by` int DEFAULT NULL,
  `created_at` timestamp NULL DEFAULT CURRENT_TIMESTAMP,
  `updated_at` timestamp NULL DEFAULT CURRENT_TIMESTAMP,
  PRIMARY KEY (`id`)
) ENGINE=InnoDB AUTO_INCREMENT=4 DEFAULT CHARSET=utf8mb4 COLLATE=utf8mb4_0900_ai_ci;
/*!40101 SET character_set_client = @saved_cs_client */;

LOCK TABLES `social_medias` WRITE;
/*!40000 ALTER TABLE `social_medias` DISABLE KEYS */;
INSERT INTO `social_medias` VALUES (1,'Facebook','https://facebook.com/taxiye','2021-05-21 06:23:45',1,1,'2021-05-21 06:23:42','2021-05-21 06:23:45'),(2,'Twitter','https://twitter.com/taxiye','2021-05-21 06:24:11',1,1,'2021-05-21 06:24:09','2021-05-21 06:24:11'),(3,'Instagram','https://instagram.com/taxiye','2021-05-21 06:24:36',1,1,'2021-05-21 06:24:34','2021-05-21 06:24:36');
/*!40000 ALTER TABLE `social_medias` ENABLE KEYS */;
UNLOCK TABLES;
DROP TABLE IF EXISTS `strapi_administrator`;
/*!40101 SET @saved_cs_client     = @@character_set_client */;
/*!50503 SET character_set_client = utf8mb4 */;
CREATE TABLE `strapi_administrator` (
  `id` int unsigned NOT NULL AUTO_INCREMENT,
  `firstname` varchar(255) DEFAULT NULL,
  `lastname` varchar(255) DEFAULT NULL,
  `username` varchar(255) DEFAULT NULL,
  `email` varchar(255) NOT NULL,
  `password` varchar(255) DEFAULT NULL,
  `resetPasswordToken` varchar(255) DEFAULT NULL,
  `registrationToken` varchar(255) DEFAULT NULL,
  `isActive` tinyint(1) DEFAULT NULL,
  `blocked` tinyint(1) DEFAULT NULL,
  `preferedLanguage` varchar(255) DEFAULT NULL,
  PRIMARY KEY (`id`),
  UNIQUE KEY `strapi_administrator_email_unique` (`email`)
) ENGINE=InnoDB AUTO_INCREMENT=3 DEFAULT CHARSET=utf8mb4 COLLATE=utf8mb4_0900_ai_ci;
/*!40101 SET character_set_client = @saved_cs_client */;

LOCK TABLES `strapi_administrator` WRITE;
/*!40000 ALTER TABLE `strapi_administrator` DISABLE KEYS */;
INSERT INTO `strapi_administrator` VALUES (1,'Taxiye','Web',NULL,'admin@taxiye.com','$2a$10$aKiWj.GapLqvVrqmaT/fa.mGGBHyhjuKSMdCYnXG/CProcQpJNwEm',NULL,NULL,1,NULL,NULL),(2,'Ayele','Bereket',NULL,'ayele@taxiye.com','$2a$10$hAW6mpng6lnQQsk9i3Y9b.ZQ0/Ytu0BEWOHByuQLebaqbGE4k3IDS',NULL,NULL,1,NULL,NULL);
/*!40000 ALTER TABLE `strapi_administrator` ENABLE KEYS */;
UNLOCK TABLES;
DROP TABLE IF EXISTS `strapi_permission`;
/*!40101 SET @saved_cs_client     = @@character_set_client */;
/*!50503 SET character_set_client = utf8mb4 */;
CREATE TABLE `strapi_permission` (
  `id` int unsigned NOT NULL AUTO_INCREMENT,
  `action` varchar(255) NOT NULL,
  `subject` varchar(255) DEFAULT NULL,
  `properties` longtext,
  `conditions` longtext,
  `role` int DEFAULT NULL,
  `created_at` timestamp NULL DEFAULT CURRENT_TIMESTAMP,
  `updated_at` timestamp NULL DEFAULT CURRENT_TIMESTAMP,
  PRIMARY KEY (`id`)
) ENGINE=InnoDB AUTO_INCREMENT=10623 DEFAULT CHARSET=utf8mb4 COLLATE=utf8mb4_0900_ai_ci;
/*!40101 SET character_set_client = @saved_cs_client */;

LOCK TABLES `strapi_permission` WRITE;
/*!40000 ALTER TABLE `strapi_permission` DISABLE KEYS */;
INSERT INTO `strapi_permission` VALUES (1,'plugins::upload.read',NULL,'{}','[]',2,'2021-05-19 11:49:32','2021-05-19 11:49:32'),(2,'plugins::upload.assets.create',NULL,'{}','[]',2,'2021-05-19 11:49:32','2021-05-19 11:49:32'),(3,'plugins::upload.assets.update',NULL,'{}','[]',2,'2021-05-19 11:49:32','2021-05-19 11:49:32'),(4,'plugins::upload.assets.download',NULL,'{}','[]',2,'2021-05-19 11:49:32','2021-05-19 11:49:32'),(5,'plugins::upload.assets.copy-link',NULL,'{}','[]',2,'2021-05-19 11:49:32','2021-05-19 11:49:32'),(6,'plugins::upload.assets.download',NULL,'{}','[]',3,'2021-05-19 11:49:32','2021-05-19 11:49:32'),(7,'plugins::upload.assets.update',NULL,'{}','[\"admin::is-creator\"]',3,'2021-05-19 11:49:32','2021-05-19 11:49:32'),(8,'plugins::upload.assets.create',NULL,'{}','[]',3,'2021-05-19 11:49:32','2021-05-19 11:49:32'),(9,'plugins::upload.read',NULL,'{}','[\"admin::is-creator\"]',3,'2021-05-19 11:49:32','2021-05-19 11:49:32'),(10,'plugins::upload.assets.copy-link',NULL,'{}','[]',3,'2021-05-19 11:49:32','2021-05-19 11:49:32'),(15,'plugins::content-type-builder.read',NULL,'{}','[]',1,'2021-05-19 11:49:32','2021-05-19 11:49:33'),(16,'plugins::email.settings.read',NULL,'{}','[]',1,'2021-05-19 11:49:32','2021-05-19 11:49:33'),(17,'plugins::upload.read',NULL,'{}','[]',1,'2021-05-19 11:49:32','2021-05-19 11:49:33'),(18,'plugins::upload.assets.create',NULL,'{}','[]',1,'2021-05-19 11:49:32','2021-05-19 11:49:33'),(19,'plugins::upload.assets.update',NULL,'{}','[]',1,'2021-05-19 11:49:32','2021-05-19 11:49:33'),(20,'plugins::upload.assets.download',NULL,'{}','[]',1,'2021-05-19 11:49:32','2021-05-19 11:49:33'),(21,'plugins::upload.assets.copy-link',NULL,'{}','[]',1,'2021-05-19 11:49:33','2021-05-19 11:49:33'),(22,'plugins::upload.settings.read',NULL,'{}','[]',1,'2021-05-19 11:49:33','2021-05-19 11:49:33'),(23,'plugins::content-manager.single-types.configure-view',NULL,'{}','[]',1,'2021-05-19 11:49:33','2021-05-19 11:49:33'),(24,'plugins::content-manager.collection-types.configure-view',NULL,'{}','[]',1,'2021-05-19 11:49:33','2021-05-19 11:49:33'),(25,'plugins::content-manager.components.configure-layout',NULL,'{}','[]',1,'2021-05-19 11:49:33','2021-05-19 11:49:33'),(26,'plugins::i18n.locale.read',NULL,'{}','[]',1,'2021-05-19 11:49:33','2021-05-19 11:49:33'),(27,'plugins::i18n.locale.create',NULL,'{}','[]',1,'2021-05-19 11:49:33','2021-05-19 11:49:33'),(28,'plugins::i18n.locale.update',NULL,'{}','[]',1,'2021-05-19 11:49:33','2021-05-19 11:49:33'),(29,'plugins::i18n.locale.delete',NULL,'{}','[]',1,'2021-05-19 11:49:33','2021-05-19 11:49:33'),(30,'plugins::users-permissions.roles.create',NULL,'{}','[]',1,'2021-05-19 11:49:33','2021-05-19 11:49:33'),(31,'plugins::users-permissions.roles.read',NULL,'{}','[]',1,'2021-05-19 11:49:33','2021-05-19 11:49:33'),(32,'plugins::users-permissions.roles.update',NULL,'{}','[]',1,'2021-05-19 11:49:33','2021-05-19 11:49:33'),(33,'plugins::users-permissions.roles.delete',NULL,'{}','[]',1,'2021-05-19 11:49:33','2021-05-19 11:49:33'),(34,'plugins::users-permissions.providers.read',NULL,'{}','[]',1,'2021-05-19 11:49:33','2021-05-19 11:49:33'),(35,'plugins::users-permissions.providers.update',NULL,'{}','[]',1,'2021-05-19 11:49:33','2021-05-19 11:49:33'),(36,'plugins::users-permissions.email-templates.read',NULL,'{}','[]',1,'2021-05-19 11:49:33','2021-05-19 11:49:33'),(37,'plugins::users-permissions.email-templates.update',NULL,'{}','[]',1,'2021-05-19 11:49:33','2021-05-19 11:49:33'),(38,'plugins::users-permissions.advanced-settings.read',NULL,'{}','[]',1,'2021-05-19 11:49:33','2021-05-19 11:49:33'),(39,'plugins::users-permissions.advanced-settings.update',NULL,'{}','[]',1,'2021-05-19 11:49:33','2021-05-19 11:49:33'),(40,'admin::marketplace.read',NULL,'{}','[]',1,'2021-05-19 11:49:33','2021-05-19 11:49:33'),(41,'admin::marketplace.plugins.install',NULL,'{}','[]',1,'2021-05-19 11:49:33','2021-05-19 11:49:33'),(42,'admin::marketplace.plugins.uninstall',NULL,'{}','[]',1,'2021-05-19 11:49:33','2021-05-19 11:49:33'),(43,'admin::webhooks.create',NULL,'{}','[]',1,'2021-05-19 11:49:33','2021-05-19 11:49:33'),(44,'admin::webhooks.read',NULL,'{}','[]',1,'2021-05-19 11:49:33','2021-05-19 11:49:33'),(45,'admin::webhooks.update',NULL,'{}','[]',1,'2021-05-19 11:49:33','2021-05-19 11:49:33'),(46,'admin::webhooks.delete',NULL,'{}','[]',1,'2021-05-19 11:49:33','2021-05-19 11:49:33'),(47,'admin::users.create',NULL,'{}','[]',1,'2021-05-19 11:49:33','2021-05-19 11:49:33'),(48,'admin::users.read',NULL,'{}','[]',1,'2021-05-19 11:49:33','2021-05-19 11:49:33'),(49,'admin::users.update',NULL,'{}','[]',1,'2021-05-19 11:49:33','2021-05-19 11:49:33'),(50,'admin::users.delete',NULL,'{}','[]',1,'2021-05-19 11:49:33','2021-05-19 11:49:33'),(51,'admin::roles.create',NULL,'{}','[]',1,'2021-05-19 11:49:33','2021-05-19 11:49:33'),(52,'admin::roles.read',NULL,'{}','[]',1,'2021-05-19 11:49:33','2021-05-19 11:49:33'),(53,'admin::roles.update',NULL,'{}','[]',1,'2021-05-19 11:49:33','2021-05-19 11:49:33'),(54,'admin::roles.delete',NULL,'{}','[]',1,'2021-05-19 11:49:33','2021-05-19 11:49:33'),(287,'plugins::content-manager.explorer.create','application::services.services','{\"fields\":[\"name\",\"longDescription.content\",\"thumbnail\",\"largeImage\",\"shortDescription.content\"]}','[]',1,'2021-05-19 13:59:51','2021-05-19 13:59:52'),(288,'plugins::content-manager.explorer.read','application::services.services','{\"fields\":[\"name\",\"longDescription.content\",\"thumbnail\",\"largeImage\",\"shortDescription.content\"]}','[]',1,'2021-05-19 13:59:51','2021-05-19 13:59:52'),(289,'plugins::content-manager.explorer.update','application::services.services','{\"fields\":[\"name\",\"longDescription.content\",\"thumbnail\",\"largeImage\",\"shortDescription.content\"]}','[]',1,'2021-05-19 13:59:51','2021-05-19 13:59:52'),(308,'plugins::content-manager.explorer.create','application::home-page.home-page','{\"fields\":[\"serviceSectionTitle\",\"serviceSectionSubTitle\",\"testimonySectionTitle\",\"testimonySectionSubTitle\",\"fleetSectionTitle\",\"fleetSectionSubTitle\",\"articleSectionTitle\",\"articleSectionSubTitle\",\"hero.title\",\"hero.subTitle\",\"hero.background\"]}','[]',1,'2021-05-20 06:03:01','2021-05-20 06:03:01'),(309,'plugins::content-manager.explorer.read','application::home-page.home-page','{\"fields\":[\"serviceSectionTitle\",\"serviceSectionSubTitle\",\"testimonySectionTitle\",\"testimonySectionSubTitle\",\"fleetSectionTitle\",\"fleetSectionSubTitle\",\"articleSectionTitle\",\"articleSectionSubTitle\",\"hero.title\",\"hero.subTitle\",\"hero.background\"]}','[]',1,'2021-05-20 06:03:01','2021-05-20 06:03:01'),(310,'plugins::content-manager.explorer.update','application::home-page.home-page','{\"fields\":[\"serviceSectionTitle\",\"serviceSectionSubTitle\",\"testimonySectionTitle\",\"testimonySectionSubTitle\",\"fleetSectionTitle\",\"fleetSectionSubTitle\",\"articleSectionTitle\",\"articleSectionSubTitle\",\"hero.title\",\"hero.subTitle\",\"hero.background\"]}','[]',1,'2021-05-20 06:03:01','2021-05-20 06:03:01'),(379,'plugins::content-manager.explorer.update','application::testimonies.testimonies','{\"fields\":[\"fullName\",\"position\",\"testimony\",\"rating\",\"profileImage\"]}','[]',1,'2021-05-20 07:01:59','2021-05-20 07:01:59'),(380,'plugins::content-manager.explorer.read','application::testimonies.testimonies','{\"fields\":[\"fullName\",\"position\",\"testimony\",\"rating\",\"profileImage\"]}','[]',1,'2021-05-20 07:01:59','2021-05-20 07:01:59'),(381,'plugins::content-manager.explorer.create','application::testimonies.testimonies','{\"fields\":[\"fullName\",\"position\",\"testimony\",\"rating\",\"profileImage\"]}','[]',1,'2021-05-20 07:01:59','2021-05-20 07:01:59'),(393,'plugins::content-manager.explorer.create','application::fleets.fleets','{\"fields\":[\"name\",\"description\",\"speed\",\"image\"]}','[]',1,'2021-05-20 07:08:44','2021-05-20 07:08:44'),(394,'plugins::content-manager.explorer.read','application::fleets.fleets','{\"fields\":[\"name\",\"description\",\"speed\",\"image\"]}','[]',1,'2021-05-20 07:08:44','2021-05-20 07:08:44'),(395,'plugins::content-manager.explorer.update','application::fleets.fleets','{\"fields\":[\"name\",\"description\",\"speed\",\"image\"]}','[]',1,'2021-05-20 07:08:44','2021-05-20 07:08:44'),(422,'plugins::content-manager.explorer.update','application::service-page.service-page','{\"fields\":[\"hero.title\",\"hero.subTitle\",\"hero.background\",\"serviceSectionTitle\",\"serviceSectionSubTitle\"]}','[]',1,'2021-05-20 07:35:32','2021-05-20 07:35:32'),(423,'plugins::content-manager.explorer.read','application::service-page.service-page','{\"fields\":[\"hero.title\",\"hero.subTitle\",\"hero.background\",\"serviceSectionTitle\",\"serviceSectionSubTitle\"]}','[]',1,'2021-05-20 07:35:32','2021-05-20 07:35:32'),(424,'plugins::content-manager.explorer.create','application::service-page.service-page','{\"fields\":[\"hero.title\",\"hero.subTitle\",\"hero.background\",\"serviceSectionTitle\",\"serviceSectionSubTitle\"]}','[]',1,'2021-05-20 07:35:32','2021-05-20 07:35:32'),(493,'plugins::content-manager.explorer.read','application::article-page.article-page','{\"fields\":[\"hero.title\",\"hero.subTitle\",\"hero.background\"]}','[]',1,'2021-05-20 07:59:36','2021-05-20 07:59:36'),(494,'plugins::content-manager.explorer.create','application::article-page.article-page','{\"fields\":[\"hero.title\",\"hero.subTitle\",\"hero.background\"]}','[]',1,'2021-05-20 07:59:36','2021-05-20 07:59:36'),(495,'plugins::content-manager.explorer.update','application::article-page.article-page','{\"fields\":[\"hero.title\",\"hero.subTitle\",\"hero.background\"]}','[]',1,'2021-05-20 07:59:36','2021-05-20 07:59:36'),(1348,'plugins::content-manager.explorer.create','application::contact-us-page.contact-us-page','{\"fields\":[\"hero.title\",\"hero.subTitle\",\"hero.background\",\"contactUsSectionTitle\",\"contactUsSectionSubTitle\",\"officesSectionTitle\",\"officesSectionSubTitle\"]}','[]',1,'2021-05-20 13:52:32','2021-05-20 13:52:32'),(1349,'plugins::content-manager.explorer.read','application::contact-us-page.contact-us-page','{\"fields\":[\"hero.title\",\"hero.subTitle\",\"hero.background\",\"contactUsSectionTitle\",\"contactUsSectionSubTitle\",\"officesSectionTitle\",\"officesSectionSubTitle\"]}','[]',1,'2021-05-20 13:52:32','2021-05-20 13:52:32'),(1350,'plugins::content-manager.explorer.update','application::contact-us-page.contact-us-page','{\"fields\":[\"hero.title\",\"hero.subTitle\",\"hero.background\",\"contactUsSectionTitle\",\"contactUsSectionSubTitle\",\"officesSectionTitle\",\"officesSectionSubTitle\"]}','[]',1,'2021-05-20 13:52:32','2021-05-20 13:52:32'),(1401,'plugins::content-manager.explorer.create','application::social-media.social-media','{\"fields\":[\"logo\",\"name\",\"link\"]}','[]',1,'2021-05-21 06:19:25','2021-05-21 06:19:25'),(1402,'plugins::content-manager.explorer.read','application::social-media.social-media','{\"fields\":[\"logo\",\"name\",\"link\"]}','[]',1,'2021-05-21 06:19:25','2021-05-21 06:19:25'),(1403,'plugins::content-manager.explorer.update','application::social-media.social-media','{\"fields\":[\"logo\",\"name\",\"link\"]}','[]',1,'2021-05-21 06:19:25','2021-05-21 06:19:25'),(1433,'plugins::content-manager.explorer.update','application::login-page.login-page','{\"fields\":[\"hero.title\",\"hero.subTitle\",\"hero.background\"]}','[]',1,'2021-05-21 06:51:55','2021-05-21 06:51:55'),(1434,'plugins::content-manager.explorer.read','application::login-page.login-page','{\"fields\":[\"hero.title\",\"hero.subTitle\",\"hero.background\"]}','[]',1,'2021-05-21 06:51:55','2021-05-21 06:51:55'),(1435,'plugins::content-manager.explorer.create','application::login-page.login-page','{\"fields\":[\"hero.title\",\"hero.subTitle\",\"hero.background\"]}','[]',1,'2021-05-21 06:51:55','2021-05-21 06:51:55'),(1463,'plugins::content-manager.explorer.update','application::driver-sign-up-page.driver-sign-up-page','{\"fields\":[\"hero.title\",\"hero.subTitle\",\"hero.background\"]}','[]',1,'2021-05-21 06:52:42','2021-05-21 06:52:42'),(1464,'plugins::content-manager.explorer.read','application::driver-sign-up-page.driver-sign-up-page','{\"fields\":[\"hero.title\",\"hero.subTitle\",\"hero.background\"]}','[]',1,'2021-05-21 06:52:42','2021-05-21 06:52:42'),(1465,'plugins::content-manager.explorer.create','application::driver-sign-up-page.driver-sign-up-page','{\"fields\":[\"hero.title\",\"hero.subTitle\",\"hero.background\"]}','[]',1,'2021-05-21 06:52:42','2021-05-21 06:52:42'),(1597,'plugins::content-manager.explorer.create','application::corporate-sign-up-page.corporate-sign-up-page','{\"fields\":[\"hero.title\",\"hero.subTitle\",\"hero.background\"]}','[]',1,'2021-05-21 07:02:12','2021-05-21 07:02:12'),(1598,'plugins::content-manager.explorer.read','application::corporate-sign-up-page.corporate-sign-up-page','{\"fields\":[\"hero.title\",\"hero.subTitle\",\"hero.background\"]}','[]',1,'2021-05-21 07:02:12','2021-05-21 07:02:12'),(1599,'plugins::content-manager.explorer.update','application::corporate-sign-up-page.corporate-sign-up-page','{\"fields\":[\"hero.title\",\"hero.subTitle\",\"hero.background\"]}','[]',1,'2021-05-21 07:02:12','2021-05-21 07:02:12'),(1633,'plugins::content-manager.explorer.create','application::address.address','{\"fields\":[\"contactCenter.content.description\",\"contactCenter.content.title\",\"contactCenter.header\",\"name\",\"openHours.content.description\",\"openHours.content.title\",\"openHours.header\"]}','[]',2,'2021-05-21 07:32:49','2021-05-21 07:32:50'),(1634,'plugins::content-manager.explorer.read','application::address.address','{\"fields\":[\"contactCenter.content.description\",\"contactCenter.content.title\",\"contactCenter.header\",\"name\",\"openHours.content.description\",\"openHours.content.title\",\"openHours.header\"]}','[]',2,'2021-05-21 07:32:49','2021-05-21 07:32:50'),(1635,'plugins::content-manager.explorer.update','application::address.address','{\"fields\":[\"contactCenter.content.description\",\"contactCenter.content.title\",\"contactCenter.header\",\"name\",\"openHours.content.description\",\"openHours.content.title\",\"openHours.header\"]}','[]',2,'2021-05-21 07:32:50','2021-05-21 07:32:50'),(1636,'plugins::content-manager.explorer.delete','application::address.address','{}','[]',2,'2021-05-21 07:32:50','2021-05-21 07:32:50'),(1637,'plugins::content-manager.explorer.publish','application::address.address','{}','[]',2,'2021-05-21 07:32:50','2021-05-21 07:32:50'),(1641,'plugins::content-manager.explorer.delete','application::articles.articles','{}','[]',2,'2021-05-21 07:32:50','2021-05-21 07:32:50'),(1642,'plugins::content-manager.explorer.publish','application::articles.articles','{}','[]',2,'2021-05-21 07:32:50','2021-05-21 07:32:50'),(1643,'plugins::content-manager.explorer.create','application::fleets.fleets','{\"fields\":[\"description\",\"image\",\"name\",\"speed\"]}','[]',2,'2021-05-21 07:32:50','2021-05-21 07:32:50'),(1644,'plugins::content-manager.explorer.read','application::fleets.fleets','{\"fields\":[\"description\",\"image\",\"name\",\"speed\"]}','[]',2,'2021-05-21 07:32:50','2021-05-21 07:32:50'),(1645,'plugins::content-manager.explorer.update','application::fleets.fleets','{\"fields\":[\"description\",\"image\",\"name\",\"speed\"]}','[]',2,'2021-05-21 07:32:50','2021-05-21 07:32:50'),(1646,'plugins::content-manager.explorer.delete','application::fleets.fleets','{}','[]',2,'2021-05-21 07:32:50','2021-05-21 07:32:50'),(1647,'plugins::content-manager.explorer.publish','application::fleets.fleets','{}','[]',2,'2021-05-21 07:32:50','2021-05-21 07:32:50'),(1648,'plugins::content-manager.explorer.create','application::services.services','{\"fields\":[\"largeImage\",\"longDescription.content\",\"name\",\"shortDescription.content\",\"thumbnail\"]}','[]',2,'2021-05-21 07:32:50','2021-05-21 07:32:50'),(1649,'plugins::content-manager.explorer.read','application::services.services','{\"fields\":[\"largeImage\",\"longDescription.content\",\"name\",\"shortDescription.content\",\"thumbnail\"]}','[]',2,'2021-05-21 07:32:50','2021-05-21 07:32:50'),(1650,'plugins::content-manager.explorer.update','application::services.services','{\"fields\":[\"largeImage\",\"longDescription.content\",\"name\",\"shortDescription.content\",\"thumbnail\"]}','[]',2,'2021-05-21 07:32:50','2021-05-21 07:32:50'),(1651,'plugins::content-manager.explorer.delete','application::services.services','{}','[]',2,'2021-05-21 07:32:50','2021-05-21 07:32:50'),(1652,'plugins::content-manager.explorer.publish','application::services.services','{}','[]',2,'2021-05-21 07:32:50','2021-05-21 07:32:50'),(1653,'plugins::content-manager.explorer.create','application::social-media.social-media','{\"fields\":[\"link\",\"logo\",\"name\"]}','[]',2,'2021-05-21 07:32:50','2021-05-21 07:32:50'),(1654,'plugins::content-manager.explorer.read','application::social-media.social-media','{\"fields\":[\"link\",\"logo\",\"name\"]}','[]',2,'2021-05-21 07:32:50','2021-05-21 07:32:50'),(1655,'plugins::content-manager.explorer.update','application::social-media.social-media','{\"fields\":[\"link\",\"logo\",\"name\"]}','[]',2,'2021-05-21 07:32:50','2021-05-21 07:32:50'),(1656,'plugins::content-manager.explorer.delete','application::social-media.social-media','{}','[]',2,'2021-05-21 07:32:50','2021-05-21 07:32:50'),(1657,'plugins::content-manager.explorer.publish','application::social-media.social-media','{}','[]',2,'2021-05-21 07:32:50','2021-05-21 07:32:50'),(1658,'plugins::content-manager.explorer.create','application::testimonies.testimonies','{\"fields\":[\"fullName\",\"position\",\"profileImage\",\"rating\",\"testimony\"]}','[]',2,'2021-05-21 07:32:50','2021-05-21 07:32:50'),(1659,'plugins::content-manager.explorer.read','application::testimonies.testimonies','{\"fields\":[\"fullName\",\"position\",\"profileImage\",\"rating\",\"testimony\"]}','[]',2,'2021-05-21 07:32:50','2021-05-21 07:32:50'),(1660,'plugins::content-manager.explorer.update','application::testimonies.testimonies','{\"fields\":[\"fullName\",\"position\",\"profileImage\",\"rating\",\"testimony\"]}','[]',2,'2021-05-21 07:32:50','2021-05-21 07:32:50'),(1661,'plugins::content-manager.explorer.delete','application::testimonies.testimonies','{}','[]',2,'2021-05-21 07:32:50','2021-05-21 07:32:50'),(1662,'plugins::content-manager.explorer.publish','application::testimonies.testimonies','{}','[]',2,'2021-05-21 07:32:50','2021-05-21 07:32:50'),(1663,'plugins::content-manager.explorer.create','application::about-us-page.about-us-page','{\"fields\":[\"hero.title\",\"hero.subTitle\",\"hero.background\",\"aboutUsSectionPrimaryImage\"]}','[]',2,'2021-05-21 07:32:50','2021-05-24 08:45:30'),(1664,'plugins::content-manager.explorer.read','application::about-us-page.about-us-page','{\"fields\":[\"hero.title\",\"hero.subTitle\",\"hero.background\",\"aboutUsSectionPrimaryImage\"]}','[]',2,'2021-05-21 07:32:50','2021-05-24 08:45:30'),(1665,'plugins::content-manager.explorer.update','application::about-us-page.about-us-page','{\"fields\":[\"hero.title\",\"hero.subTitle\",\"hero.background\",\"aboutUsSectionPrimaryImage\"]}','[]',2,'2021-05-21 07:32:50','2021-05-24 08:45:30'),(1666,'plugins::content-manager.explorer.delete','application::about-us-page.about-us-page','{}','[]',2,'2021-05-21 07:32:50','2021-05-21 07:32:50'),(1667,'plugins::content-manager.explorer.publish','application::about-us-page.about-us-page','{}','[]',2,'2021-05-21 07:32:50','2021-05-21 07:32:50'),(1668,'plugins::content-manager.explorer.create','application::article-page.article-page','{\"fields\":[\"hero.background\",\"hero.subTitle\",\"hero.title\"]}','[]',2,'2021-05-21 07:32:50','2021-05-21 07:32:50'),(1669,'plugins::content-manager.explorer.read','application::article-page.article-page','{\"fields\":[\"hero.background\",\"hero.subTitle\",\"hero.title\"]}','[]',2,'2021-05-21 07:32:50','2021-05-21 07:32:50'),(1670,'plugins::content-manager.explorer.update','application::article-page.article-page','{\"fields\":[\"hero.background\",\"hero.subTitle\",\"hero.title\"]}','[]',2,'2021-05-21 07:32:50','2021-05-21 07:32:50'),(1671,'plugins::content-manager.explorer.delete','application::article-page.article-page','{}','[]',2,'2021-05-21 07:32:50','2021-05-21 07:32:50'),(1672,'plugins::content-manager.explorer.publish','application::article-page.article-page','{}','[]',2,'2021-05-21 07:32:50','2021-05-21 07:32:50'),(1673,'plugins::content-manager.explorer.create','application::become-a-driver-page.become-a-driver-page','{\"fields\":[\"hero.title\",\"hero.subTitle\",\"hero.background\",\"requirmentsMainImage\"]}','[]',2,'2021-05-21 07:32:50','2021-05-24 06:27:50'),(1674,'plugins::content-manager.explorer.read','application::become-a-driver-page.become-a-driver-page','{\"fields\":[\"hero.title\",\"hero.subTitle\",\"hero.background\",\"requirmentsMainImage\"]}','[]',2,'2021-05-21 07:32:50','2021-05-24 06:27:50'),(1675,'plugins::content-manager.explorer.update','application::become-a-driver-page.become-a-driver-page','{\"fields\":[\"hero.title\",\"hero.subTitle\",\"hero.background\",\"requirmentsMainImage\"]}','[]',2,'2021-05-21 07:32:50','2021-05-24 06:27:50'),(1676,'plugins::content-manager.explorer.delete','application::become-a-driver-page.become-a-driver-page','{}','[]',2,'2021-05-21 07:32:50','2021-05-21 07:32:50'),(1677,'plugins::content-manager.explorer.publish','application::become-a-driver-page.become-a-driver-page','{}','[]',2,'2021-05-21 07:32:50','2021-05-21 07:32:50'),(1678,'plugins::content-manager.explorer.create','application::contact-us-page.contact-us-page','{\"fields\":[\"contactUsSectionSubTitle\",\"contactUsSectionTitle\",\"hero.background\",\"hero.subTitle\",\"hero.title\",\"officesSectionSubTitle\",\"officesSectionTitle\"]}','[]',2,'2021-05-21 07:32:50','2021-05-21 07:32:50'),(1679,'plugins::content-manager.explorer.read','application::contact-us-page.contact-us-page','{\"fields\":[\"contactUsSectionSubTitle\",\"contactUsSectionTitle\",\"hero.background\",\"hero.subTitle\",\"hero.title\",\"officesSectionSubTitle\",\"officesSectionTitle\"]}','[]',2,'2021-05-21 07:32:50','2021-05-21 07:32:50'),(1680,'plugins::content-manager.explorer.update','application::contact-us-page.contact-us-page','{\"fields\":[\"contactUsSectionSubTitle\",\"contactUsSectionTitle\",\"hero.background\",\"hero.subTitle\",\"hero.title\",\"officesSectionSubTitle\",\"officesSectionTitle\"]}','[]',2,'2021-05-21 07:32:50','2021-05-21 07:32:50'),(1681,'plugins::content-manager.explorer.delete','application::contact-us-page.contact-us-page','{}','[]',2,'2021-05-21 07:32:50','2021-05-21 07:32:50'),(1682,'plugins::content-manager.explorer.publish','application::contact-us-page.contact-us-page','{}','[]',2,'2021-05-21 07:32:50','2021-05-21 07:32:50'),(1683,'plugins::content-manager.explorer.create','application::corporate-page.corporate-page','{\"fields\":[\"hero.background\",\"hero.subTitle\",\"hero.title\"]}','[]',2,'2021-05-21 07:32:50','2021-05-21 07:32:50'),(1684,'plugins::content-manager.explorer.read','application::corporate-page.corporate-page','{\"fields\":[\"hero.background\",\"hero.subTitle\",\"hero.title\"]}','[]',2,'2021-05-21 07:32:50','2021-05-21 07:32:50'),(1685,'plugins::content-manager.explorer.update','application::corporate-page.corporate-page','{\"fields\":[\"hero.background\",\"hero.subTitle\",\"hero.title\"]}','[]',2,'2021-05-21 07:32:50','2021-05-21 07:32:50'),(1686,'plugins::content-manager.explorer.delete','application::corporate-page.corporate-page','{}','[]',2,'2021-05-21 07:32:50','2021-05-21 07:32:50'),(1687,'plugins::content-manager.explorer.publish','application::corporate-page.corporate-page','{}','[]',2,'2021-05-21 07:32:50','2021-05-21 07:32:50'),(1688,'plugins::content-manager.explorer.create','application::corporate-sign-up-page.corporate-sign-up-page','{\"fields\":[\"hero.background\",\"hero.subTitle\",\"hero.title\"]}','[]',2,'2021-05-21 07:32:50','2021-05-21 07:32:50'),(1689,'plugins::content-manager.explorer.read','application::corporate-sign-up-page.corporate-sign-up-page','{\"fields\":[\"hero.background\",\"hero.subTitle\",\"hero.title\"]}','[]',2,'2021-05-21 07:32:50','2021-05-21 07:32:50'),(1690,'plugins::content-manager.explorer.update','application::corporate-sign-up-page.corporate-sign-up-page','{\"fields\":[\"hero.background\",\"hero.subTitle\",\"hero.title\"]}','[]',2,'2021-05-21 07:32:50','2021-05-21 07:32:50'),(1691,'plugins::content-manager.explorer.delete','application::corporate-sign-up-page.corporate-sign-up-page','{}','[]',2,'2021-05-21 07:32:50','2021-05-21 07:32:50'),(1692,'plugins::content-manager.explorer.publish','application::corporate-sign-up-page.corporate-sign-up-page','{}','[]',2,'2021-05-21 07:32:50','2021-05-21 07:32:50'),(1693,'plugins::content-manager.explorer.create','application::driver-sign-up-page.driver-sign-up-page','{\"fields\":[\"hero.background\",\"hero.subTitle\",\"hero.title\"]}','[]',2,'2021-05-21 07:32:50','2021-05-21 07:32:50'),(1694,'plugins::content-manager.explorer.update','application::driver-sign-up-page.driver-sign-up-page','{\"fields\":[\"hero.background\",\"hero.subTitle\",\"hero.title\"]}','[]',2,'2021-05-21 07:32:50','2021-05-21 07:32:50'),(1695,'plugins::content-manager.explorer.read','application::driver-sign-up-page.driver-sign-up-page','{\"fields\":[\"hero.background\",\"hero.subTitle\",\"hero.title\"]}','[]',2,'2021-05-21 07:32:50','2021-05-21 07:32:50'),(1696,'plugins::content-manager.explorer.delete','application::driver-sign-up-page.driver-sign-up-page','{}','[]',2,'2021-05-21 07:32:50','2021-05-21 07:32:50'),(1697,'plugins::content-manager.explorer.publish','application::driver-sign-up-page.driver-sign-up-page','{}','[]',2,'2021-05-21 07:32:50','2021-05-21 07:32:50'),(1698,'plugins::content-manager.explorer.create','application::home-page.home-page','{\"fields\":[\"articleSectionSubTitle\",\"articleSectionTitle\",\"fleetSectionSubTitle\",\"fleetSectionTitle\",\"hero.background\",\"hero.subTitle\",\"hero.title\",\"serviceSectionSubTitle\",\"serviceSectionTitle\",\"testimonySectionSubTitle\",\"testimonySectionTitle\"]}','[]',2,'2021-05-21 07:32:50','2021-05-21 07:32:50'),(1699,'plugins::content-manager.explorer.read','application::home-page.home-page','{\"fields\":[\"articleSectionSubTitle\",\"articleSectionTitle\",\"fleetSectionSubTitle\",\"fleetSectionTitle\",\"hero.background\",\"hero.subTitle\",\"hero.title\",\"serviceSectionSubTitle\",\"serviceSectionTitle\",\"testimonySectionSubTitle\",\"testimonySectionTitle\"]}','[]',2,'2021-05-21 07:32:50','2021-05-21 07:32:50'),(1700,'plugins::content-manager.explorer.update','application::home-page.home-page','{\"fields\":[\"articleSectionSubTitle\",\"articleSectionTitle\",\"fleetSectionSubTitle\",\"fleetSectionTitle\",\"hero.background\",\"hero.subTitle\",\"hero.title\",\"serviceSectionSubTitle\",\"serviceSectionTitle\",\"testimonySectionSubTitle\",\"testimonySectionTitle\"]}','[]',2,'2021-05-21 07:32:50','2021-05-21 07:32:50'),(1701,'plugins::content-manager.explorer.delete','application::home-page.home-page','{}','[]',2,'2021-05-21 07:32:50','2021-05-21 07:32:50'),(1702,'plugins::content-manager.explorer.publish','application::home-page.home-page','{}','[]',2,'2021-05-21 07:32:50','2021-05-21 07:32:51'),(1703,'plugins::content-manager.explorer.create','application::login-page.login-page','{\"fields\":[\"hero.background\",\"hero.subTitle\",\"hero.title\"]}','[]',2,'2021-05-21 07:32:50','2021-05-21 07:32:51'),(1704,'plugins::content-manager.explorer.read','application::login-page.login-page','{\"fields\":[\"hero.background\",\"hero.subTitle\",\"hero.title\"]}','[]',2,'2021-05-21 07:32:50','2021-05-21 07:32:51'),(1705,'plugins::content-manager.explorer.update','application::login-page.login-page','{\"fields\":[\"hero.background\",\"hero.subTitle\",\"hero.title\"]}','[]',2,'2021-05-21 07:32:50','2021-05-21 07:32:51'),(1706,'plugins::content-manager.explorer.delete','application::login-page.login-page','{}','[]',2,'2021-05-21 07:32:50','2021-05-21 07:32:51'),(1707,'plugins::content-manager.explorer.publish','application::login-page.login-page','{}','[]',2,'2021-05-21 07:32:50','2021-05-21 07:32:51'),(1708,'plugins::content-manager.explorer.create','application::service-page.service-page','{\"fields\":[\"hero.background\",\"hero.subTitle\",\"hero.title\",\"serviceSectionSubTitle\",\"serviceSectionTitle\"]}','[]',2,'2021-05-21 07:32:51','2021-05-21 07:32:51'),(1709,'plugins::content-manager.explorer.read','application::service-page.service-page','{\"fields\":[\"hero.background\",\"hero.subTitle\",\"hero.title\",\"serviceSectionSubTitle\",\"serviceSectionTitle\"]}','[]',2,'2021-05-21 07:32:51','2021-05-21 07:32:51'),(1710,'plugins::content-manager.explorer.update','application::service-page.service-page','{\"fields\":[\"hero.background\",\"hero.subTitle\",\"hero.title\",\"serviceSectionSubTitle\",\"serviceSectionTitle\"]}','[]',2,'2021-05-21 07:32:51','2021-05-21 07:32:51'),(1711,'plugins::content-manager.explorer.delete','application::service-page.service-page','{}','[]',2,'2021-05-21 07:32:51','2021-05-21 07:32:51'),(1712,'plugins::content-manager.explorer.publish','application::service-page.service-page','{}','[]',2,'2021-05-21 07:32:51','2021-05-21 07:32:51'),(1716,'plugins::content-manager.explorer.delete','application::articles.articles','{}','[\"admin::is-creator\"]',3,'2021-05-21 07:33:19','2021-05-21 07:33:20'),(1753,'plugins::content-manager.explorer.create','application::corporate-page.corporate-page','{\"fields\":[\"hero.title\",\"hero.subTitle\",\"hero.background\",\"infoSectionTitle\",\"infoSectionSubTitle\",\"safetySectionTitle\",\"safetySectionSubTitle\",\"architectureSectionTitle\",\"architectureSectionSubTitle\",\"expenseTrackerSectionTitle\",\"expenseSectionSubTitle\",\"infoSectionImage\"]}','[]',1,'2021-05-21 07:52:18','2021-05-21 07:52:18'),(1754,'plugins::content-manager.explorer.read','application::corporate-page.corporate-page','{\"fields\":[\"hero.title\",\"hero.subTitle\",\"hero.background\",\"infoSectionTitle\",\"infoSectionSubTitle\",\"safetySectionTitle\",\"safetySectionSubTitle\",\"architectureSectionTitle\",\"architectureSectionSubTitle\",\"expenseTrackerSectionTitle\",\"expenseSectionSubTitle\",\"infoSectionImage\"]}','[]',1,'2021-05-21 07:52:18','2021-05-21 07:52:18'),(1755,'plugins::content-manager.explorer.update','application::corporate-page.corporate-page','{\"fields\":[\"hero.title\",\"hero.subTitle\",\"hero.background\",\"infoSectionTitle\",\"infoSectionSubTitle\",\"safetySectionTitle\",\"safetySectionSubTitle\",\"architectureSectionTitle\",\"architectureSectionSubTitle\",\"expenseTrackerSectionTitle\",\"expenseSectionSubTitle\",\"infoSectionImage\"]}','[]',1,'2021-05-21 07:52:18','2021-05-21 07:52:18'),(1789,'plugins::content-manager.explorer.create','application::corporate-info.corporate-info','{\"fields\":[\"title\",\"subTitle\"]}','[]',1,'2021-05-21 08:17:50','2021-05-21 08:17:50'),(1790,'plugins::content-manager.explorer.read','application::corporate-info.corporate-info','{\"fields\":[\"title\",\"subTitle\"]}','[]',1,'2021-05-21 08:17:50','2021-05-21 08:17:50'),(1791,'plugins::content-manager.explorer.update','application::corporate-info.corporate-info','{\"fields\":[\"title\",\"subTitle\"]}','[]',1,'2021-05-21 08:17:50','2021-05-21 08:17:50'),(1827,'plugins::content-manager.explorer.create','application::corporate-safety.corporate-safety','{\"fields\":[\"title\",\"subTitle\",\"thumbnail\"]}','[]',1,'2021-05-21 08:22:00','2021-05-21 08:22:00'),(1828,'plugins::content-manager.explorer.read','application::corporate-safety.corporate-safety','{\"fields\":[\"title\",\"subTitle\",\"thumbnail\"]}','[]',1,'2021-05-21 08:22:00','2021-05-21 08:22:00'),(1829,'plugins::content-manager.explorer.update','application::corporate-safety.corporate-safety','{\"fields\":[\"title\",\"subTitle\",\"thumbnail\"]}','[]',1,'2021-05-21 08:22:00','2021-05-21 08:22:00'),(1867,'plugins::content-manager.explorer.update','application::corporate-architecture.corporate-architecture','{\"fields\":[\"title\",\"subTitle\",\"thumbnail\"]}','[]',1,'2021-05-21 08:23:21','2021-05-21 08:23:21'),(1875,'plugins::content-manager.explorer.create','application::corporate-architecture.corporate-architecture','{\"fields\":[\"title\",\"subTitle\",\"thumbnail\"]}','[]',1,'2021-05-21 08:23:21','2021-05-21 08:23:21'),(1876,'plugins::content-manager.explorer.read','application::corporate-architecture.corporate-architecture','{\"fields\":[\"title\",\"subTitle\",\"thumbnail\"]}','[]',1,'2021-05-21 08:23:21','2021-05-21 08:23:21'),(1909,'plugins::content-manager.explorer.create','application::corporate-exprense.corporate-exprense','{\"fields\":[\"title\",\"subTitle\",\"thumbnail\"]}','[]',1,'2021-05-21 08:24:27','2021-05-21 08:24:27'),(1910,'plugins::content-manager.explorer.read','application::corporate-exprense.corporate-exprense','{\"fields\":[\"title\",\"subTitle\",\"thumbnail\"]}','[]',1,'2021-05-21 08:24:27','2021-05-21 08:24:27'),(1911,'plugins::content-manager.explorer.update','application::corporate-exprense.corporate-exprense','{\"fields\":[\"title\",\"subTitle\",\"thumbnail\"]}','[]',1,'2021-05-21 08:24:27','2021-05-21 08:24:27'),(2035,'plugins::content-manager.explorer.create','application::driver-safety.driver-safety','{\"fields\":[\"title\",\"subTitle\",\"thumbnail\"]}','[]',1,'2021-05-24 06:07:12','2021-05-24 06:07:12'),(2036,'plugins::content-manager.explorer.read','application::driver-safety.driver-safety','{\"fields\":[\"title\",\"subTitle\",\"thumbnail\"]}','[]',1,'2021-05-24 06:07:12','2021-05-24 06:07:12'),(2037,'plugins::content-manager.explorer.update','application::driver-safety.driver-safety','{\"fields\":[\"title\",\"subTitle\",\"thumbnail\"]}','[]',1,'2021-05-24 06:07:12','2021-05-24 06:07:12'),(2218,'plugins::content-manager.explorer.create','application::driver-requirment.driver-requirment','{\"fields\":[\"title\",\"description\",\"thumbnail\"]}','[]',1,'2021-05-24 06:26:00','2021-05-24 06:26:00'),(2219,'plugins::content-manager.explorer.read','application::driver-requirment.driver-requirment','{\"fields\":[\"title\",\"description\",\"thumbnail\"]}','[]',1,'2021-05-24 06:26:00','2021-05-24 06:26:00'),(2220,'plugins::content-manager.explorer.update','application::driver-requirment.driver-requirment','{\"fields\":[\"title\",\"description\",\"thumbnail\"]}','[]',1,'2021-05-24 06:26:00','2021-05-24 06:26:00'),(2460,'plugins::content-manager.explorer.read','application::become-a-driver-page.become-a-driver-page','{\"fields\":[\"hero.title\",\"hero.subTitle\",\"hero.background\",\"workFreedomSectionTitle\",\"workFreedomSectionSubTitle\",\"requirmentSectionTitle\",\"requirmentSectionSubTitle\",\"safetySectionTitle\",\"safetySectionSubTitle\",\"getStartedSectionTitle\",\"requirmentsMainImage\"]}','[]',1,'2021-05-24 06:35:52','2021-05-24 06:35:52'),(2461,'plugins::content-manager.explorer.create','application::become-a-driver-page.become-a-driver-page','{\"fields\":[\"hero.title\",\"hero.subTitle\",\"hero.background\",\"workFreedomSectionTitle\",\"workFreedomSectionSubTitle\",\"requirmentSectionTitle\",\"requirmentSectionSubTitle\",\"safetySectionTitle\",\"safetySectionSubTitle\",\"getStartedSectionTitle\",\"requirmentsMainImage\"]}','[]',1,'2021-05-24 06:35:52','2021-05-24 06:35:52'),(2462,'plugins::content-manager.explorer.update','application::become-a-driver-page.become-a-driver-page','{\"fields\":[\"hero.title\",\"hero.subTitle\",\"hero.background\",\"workFreedomSectionTitle\",\"workFreedomSectionSubTitle\",\"requirmentSectionTitle\",\"requirmentSectionSubTitle\",\"safetySectionTitle\",\"safetySectionSubTitle\",\"getStartedSectionTitle\",\"requirmentsMainImage\"]}','[]',1,'2021-05-24 06:35:52','2021-05-24 06:35:52'),(2602,'plugins::content-manager.explorer.create','application::driver-work-freedom.driver-work-freedom','{\"fields\":[\"title\",\"description\",\"thumbnail\"]}','[]',1,'2021-05-24 06:53:16','2021-05-24 06:53:16'),(2603,'plugins::content-manager.explorer.read','application::driver-work-freedom.driver-work-freedom','{\"fields\":[\"title\",\"description\",\"thumbnail\"]}','[]',1,'2021-05-24 06:53:16','2021-05-24 06:53:16'),(2604,'plugins::content-manager.explorer.update','application::driver-work-freedom.driver-work-freedom','{\"fields\":[\"title\",\"description\",\"thumbnail\"]}','[]',1,'2021-05-24 06:53:16','2021-05-24 06:53:16'),(2654,'plugins::content-manager.explorer.update','application::our-value-statement.our-value-statement','{\"fields\":[\"title\",\"description\",\"thumbnail\"]}','[]',1,'2021-05-24 08:32:02','2021-05-24 08:32:02'),(2655,'plugins::content-manager.explorer.read','application::our-value-statement.our-value-statement','{\"fields\":[\"title\",\"description\",\"thumbnail\"]}','[]',1,'2021-05-24 08:32:02','2021-05-24 08:32:02'),(2656,'plugins::content-manager.explorer.create','application::our-value-statement.our-value-statement','{\"fields\":[\"title\",\"description\",\"thumbnail\"]}','[]',1,'2021-05-24 08:32:02','2021-05-24 08:32:02'),(2958,'plugins::content-manager.explorer.create','application::why-taxiye.why-taxiye','{\"fields\":[\"title\",\"description\"]}','[]',1,'2021-05-24 10:54:46','2021-05-24 10:54:46'),(2959,'plugins::content-manager.explorer.read','application::why-taxiye.why-taxiye','{\"fields\":[\"title\",\"description\"]}','[]',1,'2021-05-24 10:54:46','2021-05-24 10:54:46'),(2960,'plugins::content-manager.explorer.update','application::why-taxiye.why-taxiye','{\"fields\":[\"title\",\"description\"]}','[]',1,'2021-05-24 10:54:46','2021-05-24 10:54:46'),(3012,'plugins::content-manager.explorer.read','application::our-partners.our-partners','{\"fields\":[\"description\",\"thumbnail\"]}','[]',1,'2021-05-24 10:56:05','2021-05-24 10:56:05'),(3013,'plugins::content-manager.explorer.create','application::our-partners.our-partners','{\"fields\":[\"description\",\"thumbnail\"]}','[]',1,'2021-05-24 10:56:05','2021-05-24 10:56:05'),(3014,'plugins::content-manager.explorer.update','application::our-partners.our-partners','{\"fields\":[\"description\",\"thumbnail\"]}','[]',1,'2021-05-24 10:56:05','2021-05-24 10:56:05'),(3069,'plugins::content-manager.explorer.update','application::our-team.our-team','{\"fields\":[\"name\",\"title\",\"profile\"]}','[]',1,'2021-05-24 10:58:04','2021-05-24 10:58:04'),(3070,'plugins::content-manager.explorer.read','application::our-team.our-team','{\"fields\":[\"name\",\"title\",\"profile\"]}','[]',1,'2021-05-24 10:58:04','2021-05-24 10:58:04'),(3071,'plugins::content-manager.explorer.create','application::our-team.our-team','{\"fields\":[\"name\",\"title\",\"profile\"]}','[]',1,'2021-05-24 10:58:04','2021-05-24 10:58:04'),(3126,'plugins::content-manager.explorer.update','application::our-team-group.our-team-group','{\"fields\":[\"team\",\"description\",\"image\"]}','[]',1,'2021-05-24 10:59:33','2021-05-24 10:59:33'),(3131,'plugins::content-manager.explorer.read','application::our-team-group.our-team-group','{\"fields\":[\"team\",\"description\",\"image\"]}','[]',1,'2021-05-24 10:59:33','2021-05-24 10:59:33'),(3132,'plugins::content-manager.explorer.create','application::our-team-group.our-team-group','{\"fields\":[\"team\",\"description\",\"image\"]}','[]',1,'2021-05-24 10:59:33','2021-05-24 10:59:33'),(3246,'plugins::content-manager.explorer.read','application::about-us-page.about-us-page','{\"fields\":[\"hero.title\",\"hero.subTitle\",\"hero.background\",\"aboutUsSectionTitle\",\"aboutUsSectionPrimaryImage\",\"aboutUsSectionDescription.content\",\"aboutUsSectionSecondaryImage\",\"whyUsSectionTitle\",\"whyUsSectionSubTitle\",\"whyAsMainImage\",\"ourPartnersSectionTitle\",\"ourPartnersSectionSubTitle\",\"ourPartnersSectionDescription\",\"ourTeamSectionTitle\",\"ourTeamSectionSubTitle\"]}','[]',1,'2021-05-24 11:35:16','2021-05-24 11:35:17'),(3247,'plugins::content-manager.explorer.create','application::about-us-page.about-us-page','{\"fields\":[\"hero.title\",\"hero.subTitle\",\"hero.background\",\"aboutUsSectionTitle\",\"aboutUsSectionPrimaryImage\",\"aboutUsSectionDescription.content\",\"aboutUsSectionSecondaryImage\",\"whyUsSectionTitle\",\"whyUsSectionSubTitle\",\"whyAsMainImage\",\"ourPartnersSectionTitle\",\"ourPartnersSectionSubTitle\",\"ourPartnersSectionDescription\",\"ourTeamSectionTitle\",\"ourTeamSectionSubTitle\"]}','[]',1,'2021-05-24 11:35:16','2021-05-24 11:35:17'),(3248,'plugins::content-manager.explorer.update','application::about-us-page.about-us-page','{\"fields\":[\"hero.title\",\"hero.subTitle\",\"hero.background\",\"aboutUsSectionTitle\",\"aboutUsSectionPrimaryImage\",\"aboutUsSectionDescription.content\",\"aboutUsSectionSecondaryImage\",\"whyUsSectionTitle\",\"whyUsSectionSubTitle\",\"whyAsMainImage\",\"ourPartnersSectionTitle\",\"ourPartnersSectionSubTitle\",\"ourPartnersSectionDescription\",\"ourTeamSectionTitle\",\"ourTeamSectionSubTitle\"]}','[]',1,'2021-05-24 11:35:16','2021-05-24 11:35:17'),(3897,'plugins::content-manager.explorer.create','application::articles.articles','{\"fields\":[\"body\",\"featured\",\"header.longSubTitle\",\"header.mainMedia\",\"header.subTitle\",\"header.thumbnail\",\"header.title\",\"headerLongSubtitle\",\"headerSubTitle\",\"headerTitle\",\"mainMedia\",\"thumbnail\"]}','[\"admin::is-creator\"]',3,'2021-05-27 06:28:02','2021-05-27 06:28:02'),(3898,'plugins::content-manager.explorer.read','application::articles.articles','{\"fields\":[\"body\",\"featured\",\"header.longSubTitle\",\"header.mainMedia\",\"header.subTitle\",\"header.thumbnail\",\"header.title\",\"headerLongSubtitle\",\"headerSubTitle\",\"headerTitle\",\"mainMedia\",\"thumbnail\"]}','[\"admin::is-creator\"]',3,'2021-05-27 06:28:02','2021-05-27 06:28:02'),(3899,'plugins::content-manager.explorer.update','application::articles.articles','{\"fields\":[\"body\",\"featured\",\"header.longSubTitle\",\"header.mainMedia\",\"header.subTitle\",\"header.thumbnail\",\"header.title\",\"headerLongSubtitle\",\"headerSubTitle\",\"headerTitle\",\"mainMedia\",\"thumbnail\"]}','[\"admin::is-creator\"]',3,'2021-05-27 06:28:02','2021-05-27 06:28:02'),(3900,'plugins::content-manager.explorer.read','application::articles.articles','{\"fields\":[\"body\",\"featured\",\"header.longSubTitle\",\"header.mainMedia\",\"header.subTitle\",\"header.thumbnail\",\"header.title\",\"headerLongSubtitle\",\"headerSubTitle\",\"headerTitle\",\"mainMedia\",\"thumbnail\"]}','[]',2,'2021-05-27 06:31:59','2021-05-27 06:31:59'),(3901,'plugins::content-manager.explorer.create','application::articles.articles','{\"fields\":[\"body\",\"featured\",\"header.longSubTitle\",\"header.mainMedia\",\"header.subTitle\",\"header.thumbnail\",\"header.title\",\"headerLongSubtitle\",\"headerSubTitle\",\"headerTitle\",\"mainMedia\",\"thumbnail\"]}','[]',2,'2021-05-27 06:31:59','2021-05-27 06:31:59'),(3902,'plugins::content-manager.explorer.update','application::articles.articles','{\"fields\":[\"body\",\"featured\",\"header.longSubTitle\",\"header.mainMedia\",\"header.subTitle\",\"header.thumbnail\",\"header.title\",\"headerLongSubtitle\",\"headerSubTitle\",\"headerTitle\",\"mainMedia\",\"thumbnail\"]}','[]',2,'2021-05-27 06:31:59','2021-05-27 06:31:59'),(3903,'plugins::content-manager.explorer.create','application::corporate-architecture.corporate-architecture','{\"fields\":[\"subTitle\",\"thumbnail\",\"title\"]}','[]',2,'2021-05-27 06:32:42','2021-05-27 06:32:42'),(3904,'plugins::content-manager.explorer.read','application::corporate-architecture.corporate-architecture','{\"fields\":[\"subTitle\",\"thumbnail\",\"title\"]}','[]',2,'2021-05-27 06:32:42','2021-05-27 06:32:42'),(3905,'plugins::content-manager.explorer.update','application::corporate-architecture.corporate-architecture','{\"fields\":[\"subTitle\",\"thumbnail\",\"title\"]}','[]',2,'2021-05-27 06:32:42','2021-05-27 06:32:42'),(3906,'plugins::content-manager.explorer.delete','application::corporate-architecture.corporate-architecture','{}','[]',2,'2021-05-27 06:32:42','2021-05-27 06:32:42'),(3907,'plugins::content-manager.explorer.publish','application::corporate-architecture.corporate-architecture','{}','[]',2,'2021-05-27 06:32:42','2021-05-27 06:32:42'),(3908,'plugins::content-manager.explorer.create','application::corporate-exprense.corporate-exprense','{\"fields\":[\"subTitle\",\"thumbnail\",\"title\"]}','[]',2,'2021-05-27 06:32:42','2021-05-27 06:32:42'),(3909,'plugins::content-manager.explorer.read','application::corporate-exprense.corporate-exprense','{\"fields\":[\"subTitle\",\"thumbnail\",\"title\"]}','[]',2,'2021-05-27 06:32:42','2021-05-27 06:32:42'),(3910,'plugins::content-manager.explorer.update','application::corporate-exprense.corporate-exprense','{\"fields\":[\"subTitle\",\"thumbnail\",\"title\"]}','[]',2,'2021-05-27 06:32:42','2021-05-27 06:32:42'),(3911,'plugins::content-manager.explorer.delete','application::corporate-exprense.corporate-exprense','{}','[]',2,'2021-05-27 06:32:42','2021-05-27 06:32:42'),(3912,'plugins::content-manager.explorer.publish','application::corporate-exprense.corporate-exprense','{}','[]',2,'2021-05-27 06:32:42','2021-05-27 06:32:42'),(3913,'plugins::content-manager.explorer.create','application::corporate-info.corporate-info','{\"fields\":[\"subTitle\",\"title\"]}','[]',2,'2021-05-27 06:32:42','2021-05-27 06:32:42'),(3914,'plugins::content-manager.explorer.read','application::corporate-info.corporate-info','{\"fields\":[\"subTitle\",\"title\"]}','[]',2,'2021-05-27 06:32:42','2021-05-27 06:32:42'),(3915,'plugins::content-manager.explorer.update','application::corporate-info.corporate-info','{\"fields\":[\"subTitle\",\"title\"]}','[]',2,'2021-05-27 06:32:42','2021-05-27 06:32:42'),(3916,'plugins::content-manager.explorer.delete','application::corporate-info.corporate-info','{}','[]',2,'2021-05-27 06:32:42','2021-05-27 06:32:42'),(3917,'plugins::content-manager.explorer.publish','application::corporate-info.corporate-info','{}','[]',2,'2021-05-27 06:32:42','2021-05-27 06:32:42'),(3918,'plugins::content-manager.explorer.create','application::corporate-safety.corporate-safety','{\"fields\":[\"subTitle\",\"thumbnail\",\"title\"]}','[]',2,'2021-05-27 06:32:42','2021-05-27 06:32:42'),(3919,'plugins::content-manager.explorer.read','application::corporate-safety.corporate-safety','{\"fields\":[\"subTitle\",\"thumbnail\",\"title\"]}','[]',2,'2021-05-27 06:32:42','2021-05-27 06:32:42'),(3920,'plugins::content-manager.explorer.update','application::corporate-safety.corporate-safety','{\"fields\":[\"subTitle\",\"thumbnail\",\"title\"]}','[]',2,'2021-05-27 06:32:42','2021-05-27 06:32:42'),(3921,'plugins::content-manager.explorer.delete','application::corporate-safety.corporate-safety','{}','[]',2,'2021-05-27 06:32:42','2021-05-27 06:32:42'),(3922,'plugins::content-manager.explorer.publish','application::corporate-safety.corporate-safety','{}','[]',2,'2021-05-27 06:32:42','2021-05-27 06:32:42'),(3923,'plugins::content-manager.explorer.create','application::driver-requirment.driver-requirment','{\"fields\":[\"description\",\"thumbnail\",\"title\"]}','[]',2,'2021-05-27 06:32:42','2021-05-27 06:32:42'),(3924,'plugins::content-manager.explorer.read','application::driver-requirment.driver-requirment','{\"fields\":[\"description\",\"thumbnail\",\"title\"]}','[]',2,'2021-05-27 06:32:42','2021-05-27 06:32:42'),(3925,'plugins::content-manager.explorer.update','application::driver-requirment.driver-requirment','{\"fields\":[\"description\",\"thumbnail\",\"title\"]}','[]',2,'2021-05-27 06:32:42','2021-05-27 06:32:42'),(3926,'plugins::content-manager.explorer.delete','application::driver-requirment.driver-requirment','{}','[]',2,'2021-05-27 06:32:42','2021-05-27 06:32:42'),(3927,'plugins::content-manager.explorer.publish','application::driver-requirment.driver-requirment','{}','[]',2,'2021-05-27 06:32:42','2021-05-27 06:32:42'),(3928,'plugins::content-manager.explorer.create','application::driver-safety.driver-safety','{\"fields\":[\"subTitle\",\"thumbnail\",\"title\"]}','[]',2,'2021-05-27 06:32:42','2021-05-27 06:32:42'),(3929,'plugins::content-manager.explorer.read','application::driver-safety.driver-safety','{\"fields\":[\"subTitle\",\"thumbnail\",\"title\"]}','[]',2,'2021-05-27 06:32:42','2021-05-27 06:32:42'),(3930,'plugins::content-manager.explorer.update','application::driver-safety.driver-safety','{\"fields\":[\"subTitle\",\"thumbnail\",\"title\"]}','[]',2,'2021-05-27 06:32:42','2021-05-27 06:32:42'),(3931,'plugins::content-manager.explorer.delete','application::driver-safety.driver-safety','{}','[]',2,'2021-05-27 06:32:42','2021-05-27 06:32:42'),(3932,'plugins::content-manager.explorer.publish','application::driver-safety.driver-safety','{}','[]',2,'2021-05-27 06:32:42','2021-05-27 06:32:42'),(3933,'plugins::content-manager.explorer.create','application::driver-work-freedom.driver-work-freedom','{\"fields\":[\"description\",\"thumbnail\",\"title\"]}','[]',2,'2021-05-27 06:32:42','2021-05-27 06:32:42'),(3934,'plugins::content-manager.explorer.read','application::driver-work-freedom.driver-work-freedom','{\"fields\":[\"description\",\"thumbnail\",\"title\"]}','[]',2,'2021-05-27 06:32:42','2021-05-27 06:32:42'),(3935,'plugins::content-manager.explorer.update','application::driver-work-freedom.driver-work-freedom','{\"fields\":[\"description\",\"thumbnail\",\"title\"]}','[]',2,'2021-05-27 06:32:42','2021-05-27 06:32:42'),(3936,'plugins::content-manager.explorer.delete','application::driver-work-freedom.driver-work-freedom','{}','[]',2,'2021-05-27 06:32:42','2021-05-27 06:32:42'),(3937,'plugins::content-manager.explorer.publish','application::driver-work-freedom.driver-work-freedom','{}','[]',2,'2021-05-27 06:32:42','2021-05-27 06:32:42'),(3938,'plugins::content-manager.explorer.create','application::our-partners.our-partners','{\"fields\":[\"description\",\"thumbnail\"]}','[]',2,'2021-05-27 06:32:42','2021-05-27 06:32:42'),(3939,'plugins::content-manager.explorer.read','application::our-partners.our-partners','{\"fields\":[\"description\",\"thumbnail\"]}','[]',2,'2021-05-27 06:32:42','2021-05-27 06:32:42'),(3940,'plugins::content-manager.explorer.update','application::our-partners.our-partners','{\"fields\":[\"description\",\"thumbnail\"]}','[]',2,'2021-05-27 06:32:42','2021-05-27 06:32:42'),(3941,'plugins::content-manager.explorer.delete','application::our-partners.our-partners','{}','[]',2,'2021-05-27 06:32:42','2021-05-27 06:32:42'),(3942,'plugins::content-manager.explorer.publish','application::our-partners.our-partners','{}','[]',2,'2021-05-27 06:32:42','2021-05-27 06:32:42'),(3943,'plugins::content-manager.explorer.create','application::our-team-group.our-team-group','{\"fields\":[\"description\",\"image\",\"team\"]}','[]',2,'2021-05-27 06:32:42','2021-05-27 06:32:42'),(3944,'plugins::content-manager.explorer.read','application::our-team-group.our-team-group','{\"fields\":[\"description\",\"image\",\"team\"]}','[]',2,'2021-05-27 06:32:42','2021-05-27 06:32:42'),(3945,'plugins::content-manager.explorer.update','application::our-team-group.our-team-group','{\"fields\":[\"description\",\"image\",\"team\"]}','[]',2,'2021-05-27 06:32:42','2021-05-27 06:32:42'),(3946,'plugins::content-manager.explorer.delete','application::our-team-group.our-team-group','{}','[]',2,'2021-05-27 06:32:42','2021-05-27 06:32:42'),(3947,'plugins::content-manager.explorer.publish','application::our-team-group.our-team-group','{}','[]',2,'2021-05-27 06:32:42','2021-05-27 06:32:42'),(3948,'plugins::content-manager.explorer.create','application::our-team.our-team','{\"fields\":[\"name\",\"profile\",\"title\"]}','[]',2,'2021-05-27 06:32:42','2021-05-27 06:32:42'),(3949,'plugins::content-manager.explorer.read','application::our-team.our-team','{\"fields\":[\"name\",\"profile\",\"title\"]}','[]',2,'2021-05-27 06:32:42','2021-05-27 06:32:42'),(3950,'plugins::content-manager.explorer.update','application::our-team.our-team','{\"fields\":[\"name\",\"profile\",\"title\"]}','[]',2,'2021-05-27 06:32:42','2021-05-27 06:32:42'),(3951,'plugins::content-manager.explorer.delete','application::our-team.our-team','{}','[]',2,'2021-05-27 06:32:42','2021-05-27 06:32:42'),(3952,'plugins::content-manager.explorer.publish','application::our-team.our-team','{}','[]',2,'2021-05-27 06:32:42','2021-05-27 06:32:42'),(3953,'plugins::content-manager.explorer.create','application::our-value-statement.our-value-statement','{\"fields\":[\"description\",\"thumbnail\",\"title\"]}','[]',2,'2021-05-27 06:32:42','2021-05-27 06:32:42'),(3954,'plugins::content-manager.explorer.read','application::our-value-statement.our-value-statement','{\"fields\":[\"description\",\"thumbnail\",\"title\"]}','[]',2,'2021-05-27 06:32:42','2021-05-27 06:32:42'),(3955,'plugins::content-manager.explorer.update','application::our-value-statement.our-value-statement','{\"fields\":[\"description\",\"thumbnail\",\"title\"]}','[]',2,'2021-05-27 06:32:42','2021-05-27 06:32:42'),(3956,'plugins::content-manager.explorer.delete','application::our-value-statement.our-value-statement','{}','[]',2,'2021-05-27 06:32:42','2021-05-27 06:32:42'),(3957,'plugins::content-manager.explorer.publish','application::our-value-statement.our-value-statement','{}','[]',2,'2021-05-27 06:32:42','2021-05-27 06:32:42'),(3958,'plugins::content-manager.explorer.create','application::why-taxiye.why-taxiye','{\"fields\":[\"description\",\"title\"]}','[]',2,'2021-05-27 06:32:42','2021-05-27 06:32:42'),(3959,'plugins::content-manager.explorer.read','application::why-taxiye.why-taxiye','{\"fields\":[\"description\",\"title\"]}','[]',2,'2021-05-27 06:32:42','2021-05-27 06:32:42'),(3960,'plugins::content-manager.explorer.update','application::why-taxiye.why-taxiye','{\"fields\":[\"description\",\"title\"]}','[]',2,'2021-05-27 06:32:42','2021-05-27 06:32:42'),(3961,'plugins::content-manager.explorer.delete','application::why-taxiye.why-taxiye','{}','[]',2,'2021-05-27 06:32:42','2021-05-27 06:32:42'),(3962,'plugins::content-manager.explorer.publish','application::why-taxiye.why-taxiye','{}','[]',2,'2021-05-27 06:32:42','2021-05-27 06:32:42'),(4617,'plugins::content-manager.explorer.read','plugins::users-permissions.user','{\"fields\":[\"username\",\"email\",\"provider\",\"password\",\"resetPasswordToken\",\"confirmationToken\",\"confirmed\",\"blocked\",\"role\"]}','[]',1,'2021-05-27 07:32:08','2021-05-27 07:32:08'),(4619,'plugins::content-manager.explorer.create','plugins::users-permissions.user','{\"fields\":[\"username\",\"email\",\"provider\",\"password\",\"resetPasswordToken\",\"confirmationToken\",\"confirmed\",\"blocked\",\"role\"]}','[]',1,'2021-05-27 07:32:08','2021-05-27 07:32:08'),(4622,'plugins::content-manager.explorer.update','plugins::users-permissions.user','{\"fields\":[\"username\",\"email\",\"provider\",\"password\",\"resetPasswordToken\",\"confirmationToken\",\"confirmed\",\"blocked\",\"role\"]}','[]',1,'2021-05-27 07:32:08','2021-05-27 07:32:08'),(5373,'plugins::content-manager.explorer.create','application::articles.articles','{\"fields\":[\"featured\",\"body\",\"headerTitle\",\"headerSubTitle\",\"headerLongSubtitle\",\"thumbnail\",\"mainMedia\",\"user\"]}','[]',1,'2021-05-27 11:01:29','2021-05-27 11:01:29'),(5374,'plugins::content-manager.explorer.update','application::articles.articles','{\"fields\":[\"featured\",\"body\",\"headerTitle\",\"headerSubTitle\",\"headerLongSubtitle\",\"thumbnail\",\"mainMedia\",\"user\"]}','[]',1,'2021-05-27 11:01:29','2021-05-27 11:01:29'),(5382,'plugins::content-manager.explorer.read','application::articles.articles','{\"fields\":[\"featured\",\"body\",\"headerTitle\",\"headerSubTitle\",\"headerLongSubtitle\",\"thumbnail\",\"mainMedia\",\"user\"]}','[]',1,'2021-05-27 11:01:29','2021-05-27 11:01:29'),(5718,'plugins::content-manager.explorer.read','application::address.address','{\"fields\":[\"name\",\"openHours.header\",\"openHours.content.title\",\"openHours.content.description\",\"contactCenter.header\",\"contactCenter.content.title\",\"contactCenter.content.description\",\"lat\",\"lng\"]}','[]',1,'2021-05-29 08:08:04','2021-05-29 08:08:04'),(5719,'plugins::content-manager.explorer.create','application::address.address','{\"fields\":[\"name\",\"openHours.header\",\"openHours.content.title\",\"openHours.content.description\",\"contactCenter.header\",\"contactCenter.content.title\",\"contactCenter.content.description\",\"lat\",\"lng\"]}','[]',1,'2021-05-29 08:08:04','2021-05-29 08:08:04'),(5720,'plugins::content-manager.explorer.update','application::address.address','{\"fields\":[\"name\",\"openHours.header\",\"openHours.content.title\",\"openHours.content.description\",\"contactCenter.header\",\"contactCenter.content.title\",\"contactCenter.content.description\",\"lat\",\"lng\"]}','[]',1,'2021-05-29 08:08:04','2021-05-29 08:08:04'),(10566,'plugins::content-manager.explorer.delete','application::about-us-page.about-us-page','{}','[]',1,'2021-09-03 14:51:16','2021-09-03 14:51:16'),(10567,'plugins::content-manager.explorer.delete','application::address.address','{}','[]',1,'2021-09-03 14:51:16','2021-09-03 14:51:16'),(10568,'plugins::content-manager.explorer.delete','application::article-page.article-page','{}','[]',1,'2021-09-03 14:51:16','2021-09-03 14:51:16'),(10569,'plugins::content-manager.explorer.delete','application::articles.articles','{}','[]',1,'2021-09-03 14:51:16','2021-09-03 14:51:16'),(10570,'plugins::content-manager.explorer.delete','application::become-a-driver-page.become-a-driver-page','{}','[]',1,'2021-09-03 14:51:16','2021-09-03 14:51:16'),(10571,'plugins::content-manager.explorer.delete','application::contact-us-page.contact-us-page','{}','[]',1,'2021-09-03 14:51:16','2021-09-03 14:51:16'),(10572,'plugins::content-manager.explorer.delete','application::corporate-architecture.corporate-architecture','{}','[]',1,'2021-09-03 14:51:16','2021-09-03 14:51:16'),(10573,'plugins::content-manager.explorer.delete','application::corporate-exprense.corporate-exprense','{}','[]',1,'2021-09-03 14:51:16','2021-09-03 14:51:16'),(10574,'plugins::content-manager.explorer.delete','application::corporate-info.corporate-info','{}','[]',1,'2021-09-03 14:51:16','2021-09-03 14:51:16'),(10575,'plugins::content-manager.explorer.delete','application::corporate-page.corporate-page','{}','[]',1,'2021-09-03 14:51:16','2021-09-03 14:51:16'),(10576,'plugins::content-manager.explorer.delete','application::corporate-safety.corporate-safety','{}','[]',1,'2021-09-03 14:51:16','2021-09-03 14:51:16'),(10577,'plugins::content-manager.explorer.delete','application::corporate-sign-up-page.corporate-sign-up-page','{}','[]',1,'2021-09-03 14:51:16','2021-09-03 14:51:16'),(10578,'plugins::content-manager.explorer.delete','application::driver-requirment.driver-requirment','{}','[]',1,'2021-09-03 14:51:16','2021-09-03 14:51:16'),(10579,'plugins::content-manager.explorer.delete','application::driver-safety.driver-safety','{}','[]',1,'2021-09-03 14:51:16','2021-09-03 14:51:16'),(10580,'plugins::content-manager.explorer.delete','application::driver-sign-up-page.driver-sign-up-page','{}','[]',1,'2021-09-03 14:51:16','2021-09-03 14:51:16'),(10581,'plugins::content-manager.explorer.delete','application::driver-work-freedom.driver-work-freedom','{}','[]',1,'2021-09-03 14:51:16','2021-09-03 14:51:16'),(10582,'plugins::content-manager.explorer.delete','application::fleets.fleets','{}','[]',1,'2021-09-03 14:51:16','2021-09-03 14:51:16'),(10583,'plugins::content-manager.explorer.delete','application::home-page.home-page','{}','[]',1,'2021-09-03 14:51:16','2021-09-03 14:51:16'),(10584,'plugins::content-manager.explorer.delete','application::login-page.login-page','{}','[]',1,'2021-09-03 14:51:16','2021-09-03 14:51:16'),(10585,'plugins::content-manager.explorer.delete','application::our-partners.our-partners','{}','[]',1,'2021-09-03 14:51:16','2021-09-03 14:51:16'),(10586,'plugins::content-manager.explorer.delete','application::our-team-group.our-team-group','{}','[]',1,'2021-09-03 14:51:16','2021-09-03 14:51:16'),(10587,'plugins::content-manager.explorer.delete','application::our-team.our-team','{}','[]',1,'2021-09-03 14:51:16','2021-09-03 14:51:16'),(10588,'plugins::content-manager.explorer.delete','application::our-value-statement.our-value-statement','{}','[]',1,'2021-09-03 14:51:16','2021-09-03 14:51:16'),(10589,'plugins::content-manager.explorer.delete','application::service-page.service-page','{}','[]',1,'2021-09-03 14:51:16','2021-09-03 14:51:16'),(10590,'plugins::content-manager.explorer.delete','application::services.services','{}','[]',1,'2021-09-03 14:51:16','2021-09-03 14:51:16'),(10591,'plugins::content-manager.explorer.delete','application::social-media.social-media','{}','[]',1,'2021-09-03 14:51:16','2021-09-03 14:51:16'),(10592,'plugins::content-manager.explorer.delete','application::testimonies.testimonies','{}','[]',1,'2021-09-03 14:51:16','2021-09-03 14:51:16'),(10593,'plugins::content-manager.explorer.delete','application::why-taxiye.why-taxiye','{}','[]',1,'2021-09-03 14:51:16','2021-09-03 14:51:16'),(10594,'plugins::content-manager.explorer.delete','plugins::users-permissions.user','{}','[]',1,'2021-09-03 14:51:16','2021-09-03 14:51:16'),(10595,'plugins::content-manager.explorer.publish','application::about-us-page.about-us-page','{}','[]',1,'2021-09-03 14:51:16','2021-09-03 14:51:16'),(10596,'plugins::content-manager.explorer.publish','application::address.address','{}','[]',1,'2021-09-03 14:51:16','2021-09-03 14:51:16'),(10597,'plugins::content-manager.explorer.publish','application::article-page.article-page','{}','[]',1,'2021-09-03 14:51:16','2021-09-03 14:51:16'),(10598,'plugins::content-manager.explorer.publish','application::articles.articles','{}','[]',1,'2021-09-03 14:51:16','2021-09-03 14:51:16'),(10599,'plugins::content-manager.explorer.publish','application::become-a-driver-page.become-a-driver-page','{}','[]',1,'2021-09-03 14:51:16','2021-09-03 14:51:16'),(10600,'plugins::content-manager.explorer.publish','application::contact-us-page.contact-us-page','{}','[]',1,'2021-09-03 14:51:16','2021-09-03 14:51:16'),(10601,'plugins::content-manager.explorer.publish','application::corporate-architecture.corporate-architecture','{}','[]',1,'2021-09-03 14:51:16','2021-09-03 14:51:16'),(10602,'plugins::content-manager.explorer.publish','application::corporate-exprense.corporate-exprense','{}','[]',1,'2021-09-03 14:51:16','2021-09-03 14:51:16'),(10603,'plugins::content-manager.explorer.publish','application::corporate-info.corporate-info','{}','[]',1,'2021-09-03 14:51:16','2021-09-03 14:51:16'),(10604,'plugins::content-manager.explorer.publish','application::corporate-page.corporate-page','{}','[]',1,'2021-09-03 14:51:16','2021-09-03 14:51:16'),(10605,'plugins::content-manager.explorer.publish','application::corporate-safety.corporate-safety','{}','[]',1,'2021-09-03 14:51:16','2021-09-03 14:51:16'),(10606,'plugins::content-manager.explorer.publish','application::corporate-sign-up-page.corporate-sign-up-page','{}','[]',1,'2021-09-03 14:51:16','2021-09-03 14:51:16'),(10607,'plugins::content-manager.explorer.publish','application::driver-requirment.driver-requirment','{}','[]',1,'2021-09-03 14:51:16','2021-09-03 14:51:16'),(10608,'plugins::content-manager.explorer.publish','application::driver-safety.driver-safety','{}','[]',1,'2021-09-03 14:51:16','2021-09-03 14:51:16'),(10609,'plugins::content-manager.explorer.publish','application::driver-sign-up-page.driver-sign-up-page','{}','[]',1,'2021-09-03 14:51:16','2021-09-03 14:51:16'),(10610,'plugins::content-manager.explorer.publish','application::driver-work-freedom.driver-work-freedom','{}','[]',1,'2021-09-03 14:51:16','2021-09-03 14:51:16'),(10611,'plugins::content-manager.explorer.publish','application::fleets.fleets','{}','[]',1,'2021-09-03 14:51:16','2021-09-03 14:51:17'),(10612,'plugins::content-manager.explorer.publish','application::home-page.home-page','{}','[]',1,'2021-09-03 14:51:16','2021-09-03 14:51:17'),(10613,'plugins::content-manager.explorer.publish','application::login-page.login-page','{}','[]',1,'2021-09-03 14:51:16','2021-09-03 14:51:17'),(10614,'plugins::content-manager.explorer.publish','application::our-partners.our-partners','{}','[]',1,'2021-09-03 14:51:16','2021-09-03 14:51:17'),(10615,'plugins::content-manager.explorer.publish','application::our-team-group.our-team-group','{}','[]',1,'2021-09-03 14:51:16','2021-09-03 14:51:17'),(10616,'plugins::content-manager.explorer.publish','application::our-team.our-team','{}','[]',1,'2021-09-03 14:51:16','2021-09-03 14:51:17'),(10617,'plugins::content-manager.explorer.publish','application::our-value-statement.our-value-statement','{}','[]',1,'2021-09-03 14:51:16','2021-09-03 14:51:17'),(10618,'plugins::content-manager.explorer.publish','application::services.services','{}','[]',1,'2021-09-03 14:51:16','2021-09-03 14:51:17'),(10619,'plugins::content-manager.explorer.publish','application::service-page.service-page','{}','[]',1,'2021-09-03 14:51:16','2021-09-03 14:51:17'),(10620,'plugins::content-manager.explorer.publish','application::social-media.social-media','{}','[]',1,'2021-09-03 14:51:17','2021-09-03 14:51:17'),(10621,'plugins::content-manager.explorer.publish','application::testimonies.testimonies','{}','[]',1,'2021-09-03 14:51:17','2021-09-03 14:51:17'),(10622,'plugins::content-manager.explorer.publish','application::why-taxiye.why-taxiye','{}','[]',1,'2021-09-03 14:51:17','2021-09-03 14:51:17');
/*!40000 ALTER TABLE `strapi_permission` ENABLE KEYS */;
UNLOCK TABLES;
DROP TABLE IF EXISTS `strapi_role`;
/*!40101 SET @saved_cs_client     = @@character_set_client */;
/*!50503 SET character_set_client = utf8mb4 */;
CREATE TABLE `strapi_role` (
  `id` int unsigned NOT NULL AUTO_INCREMENT,
  `name` varchar(255) NOT NULL,
  `code` varchar(255) NOT NULL,
  `description` varchar(255) DEFAULT NULL,
  `created_at` timestamp NULL DEFAULT CURRENT_TIMESTAMP,
  `updated_at` timestamp NULL DEFAULT CURRENT_TIMESTAMP,
  PRIMARY KEY (`id`),
  UNIQUE KEY `strapi_role_name_unique` (`name`),
  UNIQUE KEY `strapi_role_code_unique` (`code`)
) ENGINE=InnoDB AUTO_INCREMENT=4 DEFAULT CHARSET=utf8mb4 COLLATE=utf8mb4_0900_ai_ci;
/*!40101 SET character_set_client = @saved_cs_client */;

LOCK TABLES `strapi_role` WRITE;
/*!40000 ALTER TABLE `strapi_role` DISABLE KEYS */;
INSERT INTO `strapi_role` VALUES (1,'Super Admin','strapi-super-admin','Super Admins can access and manage all features and settings.','2021-05-19 11:49:32','2021-05-19 11:49:32'),(2,'Editor','strapi-editor','Editors can manage and publish contents including those of other users.','2021-05-19 11:49:32','2021-05-19 11:49:32'),(3,'Author','strapi-author','Authors can manage the content they have created.','2021-05-19 11:49:32','2021-05-19 11:49:32');
/*!40000 ALTER TABLE `strapi_role` ENABLE KEYS */;
UNLOCK TABLES;
DROP TABLE IF EXISTS `strapi_users_roles`;
/*!40101 SET @saved_cs_client     = @@character_set_client */;
/*!50503 SET character_set_client = utf8mb4 */;
CREATE TABLE `strapi_users_roles` (
  `id` int unsigned NOT NULL AUTO_INCREMENT,
  `user_id` int DEFAULT NULL,
  `role_id` int DEFAULT NULL,
  PRIMARY KEY (`id`)
) ENGINE=InnoDB AUTO_INCREMENT=3 DEFAULT CHARSET=utf8mb4 COLLATE=utf8mb4_0900_ai_ci;
/*!40101 SET character_set_client = @saved_cs_client */;

LOCK TABLES `strapi_users_roles` WRITE;
/*!40000 ALTER TABLE `strapi_users_roles` DISABLE KEYS */;
INSERT INTO `strapi_users_roles` VALUES (1,1,1),(2,2,2);
/*!40000 ALTER TABLE `strapi_users_roles` ENABLE KEYS */;
UNLOCK TABLES;
DROP TABLE IF EXISTS `strapi_webhooks`;
/*!40101 SET @saved_cs_client     = @@character_set_client */;
/*!50503 SET character_set_client = utf8mb4 */;
CREATE TABLE `strapi_webhooks` (
  `id` int unsigned NOT NULL AUTO_INCREMENT,
  `name` varchar(255) DEFAULT NULL,
  `url` longtext,
  `headers` longtext,
  `events` longtext,
  `enabled` tinyint(1) DEFAULT NULL,
  PRIMARY KEY (`id`)
) ENGINE=InnoDB DEFAULT CHARSET=utf8mb4 COLLATE=utf8mb4_0900_ai_ci;
/*!40101 SET character_set_client = @saved_cs_client */;

LOCK TABLES `strapi_webhooks` WRITE;
/*!40000 ALTER TABLE `strapi_webhooks` DISABLE KEYS */;
/*!40000 ALTER TABLE `strapi_webhooks` ENABLE KEYS */;
UNLOCK TABLES;
DROP TABLE IF EXISTS `testimonies`;
/*!40101 SET @saved_cs_client     = @@character_set_client */;
/*!50503 SET character_set_client = utf8mb4 */;
CREATE TABLE `testimonies` (
  `id` int unsigned NOT NULL AUTO_INCREMENT,
  `fullName` varchar(255) DEFAULT NULL,
  `position` varchar(255) DEFAULT NULL,
  `testimony` longtext,
  `rating` int DEFAULT NULL,
  `published_at` datetime DEFAULT NULL,
  `created_by` int DEFAULT NULL,
  `updated_by` int DEFAULT NULL,
  `created_at` timestamp NULL DEFAULT CURRENT_TIMESTAMP,
  `updated_at` timestamp NULL DEFAULT CURRENT_TIMESTAMP,
  PRIMARY KEY (`id`)
) ENGINE=InnoDB AUTO_INCREMENT=5 DEFAULT CHARSET=utf8mb4 COLLATE=utf8mb4_0900_ai_ci;
/*!40101 SET character_set_client = @saved_cs_client */;

LOCK TABLES `testimonies` WRITE;
/*!40000 ALTER TABLE `testimonies` DISABLE KEYS */;
INSERT INTO `testimonies` VALUES (1,'Courtney Henry','CEO, Jorka Events.','Lorem ipsum dolor sit amet consectetur adipiscing elit sodales primis, mollis viverra conubia ligula inceptos laoreet libero tortor, nascetur non habitasse iaculis tempor nec egestas fames augue, platea porta integer nostra curae sed arcu. ',5,'2021-05-20 07:03:47',1,1,'2021-05-20 07:03:25','2021-05-20 07:03:47'),(2,'Courtney Henry','CEO, Jorka Events.','Lorem ipsum dolor sit amet consectetur adipiscing elit sodales primis, mollis viverra conubia ligula inceptos laoreet libero tortor, nascetur non habitasse iaculis tempor nec egestas fames augue, platea porta integer nostra curae sed arcu. ',5,'2021-05-20 07:04:24',1,1,'2021-05-20 07:04:21','2021-05-20 07:04:24'),(3,'Courtney Henry','CEO, Jorka Events.','Lorem ipsum dolor sit amet consectetur adipiscing elit sodales primis, mollis viverra conubia ligula inceptos laoreet libero tortor, nascetur non habitasse iaculis tempor nec egestas fames augue, platea porta integer nostra curae sed arcu. ',4,'2021-05-20 07:04:45',1,1,'2021-05-20 07:04:41','2021-05-20 07:04:45'),(4,'Courtney Henry','CEO, Jorka Events.','Lorem ipsum dolor sit amet consectetur adipiscing elit sodales primis, mollis viverra conubia ligula inceptos laoreet libero tortor, nascetur non habitasse iaculis tempor nec egestas fames augue, platea porta integer nostra curae sed arcu. ',5,'2021-05-20 07:22:32',1,1,'2021-05-20 07:22:30','2021-05-20 07:22:32');
/*!40000 ALTER TABLE `testimonies` ENABLE KEYS */;
UNLOCK TABLES;
DROP TABLE IF EXISTS `upload_file`;
/*!40101 SET @saved_cs_client     = @@character_set_client */;
/*!50503 SET character_set_client = utf8mb4 */;
CREATE TABLE `upload_file` (
  `id` int unsigned NOT NULL AUTO_INCREMENT,
  `name` varchar(255) NOT NULL,
  `alternativeText` varchar(255) DEFAULT NULL,
  `caption` varchar(255) DEFAULT NULL,
  `width` int DEFAULT NULL,
  `height` int DEFAULT NULL,
  `formats` longtext,
  `hash` varchar(255) NOT NULL,
  `ext` varchar(255) DEFAULT NULL,
  `mime` varchar(255) NOT NULL,
  `size` decimal(10,2) NOT NULL,
  `url` varchar(255) NOT NULL,
  `previewUrl` varchar(255) DEFAULT NULL,
  `provider` varchar(255) NOT NULL,
  `provider_metadata` longtext,
  `created_by` int DEFAULT NULL,
  `updated_by` int DEFAULT NULL,
  `created_at` timestamp NULL DEFAULT CURRENT_TIMESTAMP,
  `updated_at` timestamp NULL DEFAULT CURRENT_TIMESTAMP,
  PRIMARY KEY (`id`)
) ENGINE=InnoDB AUTO_INCREMENT=70 DEFAULT CHARSET=utf8mb4 COLLATE=utf8mb4_0900_ai_ci;
/*!40101 SET character_set_client = @saved_cs_client */;

LOCK TABLES `upload_file` WRITE;
/*!40000 ALTER TABLE `upload_file` DISABLE KEYS */;
INSERT INTO `upload_file` VALUES (1,'taxi.svg','','',550,349,NULL,'taxi_f544a8cf6d','.svg','image/svg+xml',42.33,'/uploads/taxi_f544a8cf6d.svg',NULL,'local',NULL,1,1,'2021-05-19 13:16:24','2021-05-19 13:16:24'),(2,'rentals.svg','','',550,376,NULL,'rentals_5a8a8f33b0','.svg','image/svg+xml',56.06,'/uploads/rentals_5a8a8f33b0.svg',NULL,'local',NULL,1,1,'2021-05-19 13:16:24','2021-05-19 13:16:24'),(3,'delivery.svg','','',550,267,NULL,'delivery_b34d9eb2f6','.svg','image/svg+xml',104.57,'/uploads/delivery_b34d9eb2f6.svg',NULL,'local',NULL,1,1,'2021-05-19 13:16:24','2021-05-19 13:16:24'),(4,'city-travel.svg','','',550,438,NULL,'city_travel_ff6f350d39','.svg','image/svg+xml',151.40,'/uploads/city_travel_ff6f350d39.svg',NULL,'local',NULL,1,1,'2021-05-19 13:16:24','2021-05-19 13:16:24'),(5,'About-us.jpg','','',1280,487,'{\"thumbnail\":{\"name\":\"thumbnail_About-us.jpg\",\"hash\":\"thumbnail_About_us_4429fef886\",\"ext\":\".jpg\",\"mime\":\"image/jpeg\",\"width\":245,\"height\":93,\"size\":6.25,\"path\":null,\"url\":\"/uploads/thumbnail_About_us_4429fef886.jpg\"},\"large\":{\"name\":\"large_About-us.jpg\",\"hash\":\"large_About_us_4429fef886\",\"ext\":\".jpg\",\"mime\":\"image/jpeg\",\"width\":1000,\"height\":380,\"size\":87.41,\"path\":null,\"url\":\"/uploads/large_About_us_4429fef886.jpg\"},\"medium\":{\"name\":\"medium_About-us.jpg\",\"hash\":\"medium_About_us_4429fef886\",\"ext\":\".jpg\",\"mime\":\"image/jpeg\",\"width\":750,\"height\":285,\"size\":45.34,\"path\":null,\"url\":\"/uploads/medium_About_us_4429fef886.jpg\"},\"small\":{\"name\":\"small_About-us.jpg\",\"hash\":\"small_About_us_4429fef886\",\"ext\":\".jpg\",\"mime\":\"image/jpeg\",\"width\":500,\"height\":190,\"size\":21.09,\"path\":null,\"url\":\"/uploads/small_About_us_4429fef886.jpg\"}}','About_us_4429fef886','.jpg','image/jpeg',161.71,'/uploads/About_us_4429fef886.jpg',NULL,'local',NULL,1,1,'2021-05-19 14:06:32','2021-05-19 14:06:32'),(6,'become a driver.jpg','','',1280,720,'{\"thumbnail\":{\"name\":\"thumbnail_become a driver.jpg\",\"hash\":\"thumbnail_become_a_driver_f900737e28\",\"ext\":\".jpg\",\"mime\":\"image/jpeg\",\"width\":245,\"height\":138,\"size\":10.16,\"path\":null,\"url\":\"/uploads/thumbnail_become_a_driver_f900737e28.jpg\"},\"large\":{\"name\":\"large_become a driver.jpg\",\"hash\":\"large_become_a_driver_f900737e28\",\"ext\":\".jpg\",\"mime\":\"image/jpeg\",\"width\":1000,\"height\":563,\"size\":85.26,\"path\":null,\"url\":\"/uploads/large_become_a_driver_f900737e28.jpg\"},\"medium\":{\"name\":\"medium_become a driver.jpg\",\"hash\":\"medium_become_a_driver_f900737e28\",\"ext\":\".jpg\",\"mime\":\"image/jpeg\",\"width\":750,\"height\":422,\"size\":54.76,\"path\":null,\"url\":\"/uploads/medium_become_a_driver_f900737e28.jpg\"},\"small\":{\"name\":\"small_become a driver.jpg\",\"hash\":\"small_become_a_driver_f900737e28\",\"ext\":\".jpg\",\"mime\":\"image/jpeg\",\"width\":500,\"height\":281,\"size\":29.06,\"path\":null,\"url\":\"/uploads/small_become_a_driver_f900737e28.jpg\"}}','become_a_driver_f900737e28','.jpg','image/jpeg',108.04,'/uploads/become_a_driver_f900737e28.jpg',NULL,'local',NULL,1,1,'2021-05-19 14:06:32','2021-05-19 14:06:32'),(7,'Landing.png','','',1130,681,'{\"thumbnail\":{\"name\":\"thumbnail_Landing.png\",\"hash\":\"thumbnail_Landing_4b394ad32a\",\"ext\":\".png\",\"mime\":\"image/png\",\"width\":245,\"height\":148,\"size\":106.93,\"path\":null,\"url\":\"/uploads/thumbnail_Landing_4b394ad32a.png\"},\"large\":{\"name\":\"large_Landing.png\",\"hash\":\"large_Landing_4b394ad32a\",\"ext\":\".png\",\"mime\":\"image/png\",\"width\":1000,\"height\":603,\"size\":1350.79,\"path\":null,\"url\":\"/uploads/large_Landing_4b394ad32a.png\"},\"medium\":{\"name\":\"medium_Landing.png\",\"hash\":\"medium_Landing_4b394ad32a\",\"ext\":\".png\",\"mime\":\"image/png\",\"width\":750,\"height\":452,\"size\":819.69,\"path\":null,\"url\":\"/uploads/medium_Landing_4b394ad32a.png\"},\"small\":{\"name\":\"small_Landing.png\",\"hash\":\"small_Landing_4b394ad32a\",\"ext\":\".png\",\"mime\":\"image/png\",\"width\":500,\"height\":301,\"size\":395.81,\"path\":null,\"url\":\"/uploads/small_Landing_4b394ad32a.png\"}}','Landing_4b394ad32a','.png','image/png',804.88,'/uploads/Landing_4b394ad32a.png',NULL,'local',NULL,1,1,'2021-05-19 14:06:34','2021-05-19 14:06:34'),(8,'Contact-us.jpg','','',6016,4016,'{\"thumbnail\":{\"name\":\"thumbnail_Contact-us.jpg\",\"hash\":\"thumbnail_Contact_us_c390afec0d\",\"ext\":\".jpg\",\"mime\":\"image/jpeg\",\"width\":234,\"height\":156,\"size\":8.26,\"path\":null,\"url\":\"/uploads/thumbnail_Contact_us_c390afec0d.jpg\"},\"large\":{\"name\":\"large_Contact-us.jpg\",\"hash\":\"large_Contact_us_c390afec0d\",\"ext\":\".jpg\",\"mime\":\"image/jpeg\",\"width\":1000,\"height\":668,\"size\":63.26,\"path\":null,\"url\":\"/uploads/large_Contact_us_c390afec0d.jpg\"},\"medium\":{\"name\":\"medium_Contact-us.jpg\",\"hash\":\"medium_Contact_us_c390afec0d\",\"ext\":\".jpg\",\"mime\":\"image/jpeg\",\"width\":750,\"height\":501,\"size\":41.26,\"path\":null,\"url\":\"/uploads/medium_Contact_us_c390afec0d.jpg\"},\"small\":{\"name\":\"small_Contact-us.jpg\",\"hash\":\"small_Contact_us_c390afec0d\",\"ext\":\".jpg\",\"mime\":\"image/jpeg\",\"width\":500,\"height\":334,\"size\":23.57,\"path\":null,\"url\":\"/uploads/small_Contact_us_c390afec0d.jpg\"}}','Contact_us_c390afec0d','.jpg','image/jpeg',2299.25,'/uploads/Contact_us_c390afec0d.jpg',NULL,'local',NULL,1,1,'2021-05-19 14:06:34','2021-05-19 14:06:34'),(9,'Articles.jpg','','',6000,4000,'{\"thumbnail\":{\"name\":\"thumbnail_Articles.jpg\",\"hash\":\"thumbnail_Articles_1d5ba6f4ec\",\"ext\":\".jpg\",\"mime\":\"image/jpeg\",\"width\":234,\"height\":156,\"size\":6.13,\"path\":null,\"url\":\"/uploads/thumbnail_Articles_1d5ba6f4ec.jpg\"},\"large\":{\"name\":\"large_Articles.jpg\",\"hash\":\"large_Articles_1d5ba6f4ec\",\"ext\":\".jpg\",\"mime\":\"image/jpeg\",\"width\":1000,\"height\":667,\"size\":51.95,\"path\":null,\"url\":\"/uploads/large_Articles_1d5ba6f4ec.jpg\"},\"medium\":{\"name\":\"medium_Articles.jpg\",\"hash\":\"medium_Articles_1d5ba6f4ec\",\"ext\":\".jpg\",\"mime\":\"image/jpeg\",\"width\":750,\"height\":500,\"size\":33.35,\"path\":null,\"url\":\"/uploads/medium_Articles_1d5ba6f4ec.jpg\"},\"small\":{\"name\":\"small_Articles.jpg\",\"hash\":\"small_Articles_1d5ba6f4ec\",\"ext\":\".jpg\",\"mime\":\"image/jpeg\",\"width\":500,\"height\":333,\"size\":18.18,\"path\":null,\"url\":\"/uploads/small_Articles_1d5ba6f4ec.jpg\"}}','Articles_1d5ba6f4ec','.jpg','image/jpeg',2094.25,'/uploads/Articles_1d5ba6f4ec.jpg',NULL,'local',NULL,1,1,'2021-05-19 14:06:34','2021-05-19 14:06:34'),(10,'services.jpg','','',1432,926,'{\"thumbnail\":{\"name\":\"thumbnail_services.jpg\",\"hash\":\"thumbnail_services_37db4eab13\",\"ext\":\".jpg\",\"mime\":\"image/jpeg\",\"width\":241,\"height\":156,\"size\":10.89,\"path\":null,\"url\":\"/uploads/thumbnail_services_37db4eab13.jpg\"},\"large\":{\"name\":\"large_services.jpg\",\"hash\":\"large_services_37db4eab13\",\"ext\":\".jpg\",\"mime\":\"image/jpeg\",\"width\":1000,\"height\":647,\"size\":95.51,\"path\":null,\"url\":\"/uploads/large_services_37db4eab13.jpg\"},\"medium\":{\"name\":\"medium_services.jpg\",\"hash\":\"medium_services_37db4eab13\",\"ext\":\".jpg\",\"mime\":\"image/jpeg\",\"width\":750,\"height\":485,\"size\":61.64,\"path\":null,\"url\":\"/uploads/medium_services_37db4eab13.jpg\"},\"small\":{\"name\":\"small_services.jpg\",\"hash\":\"small_services_37db4eab13\",\"ext\":\".jpg\",\"mime\":\"image/jpeg\",\"width\":500,\"height\":323,\"size\":33.22,\"path\":null,\"url\":\"/uploads/small_services_37db4eab13.jpg\"}}','services_37db4eab13','.jpg','image/jpeg',167.34,'/uploads/services_37db4eab13.jpg',NULL,'local',NULL,1,1,'2021-05-19 14:06:34','2021-05-19 14:06:34'),(11,'Corporate.jpg','','',4200,2800,'{\"thumbnail\":{\"name\":\"thumbnail_Corporate.jpg\",\"hash\":\"thumbnail_Corporate_f5d4577ff4\",\"ext\":\".jpg\",\"mime\":\"image/jpeg\",\"width\":234,\"height\":156,\"size\":9.65,\"path\":null,\"url\":\"/uploads/thumbnail_Corporate_f5d4577ff4.jpg\"},\"large\":{\"name\":\"large_Corporate.jpg\",\"hash\":\"large_Corporate_f5d4577ff4\",\"ext\":\".jpg\",\"mime\":\"image/jpeg\",\"width\":1000,\"height\":667,\"size\":70.43,\"path\":null,\"url\":\"/uploads/large_Corporate_f5d4577ff4.jpg\"},\"medium\":{\"name\":\"medium_Corporate.jpg\",\"hash\":\"medium_Corporate_f5d4577ff4\",\"ext\":\".jpg\",\"mime\":\"image/jpeg\",\"width\":750,\"height\":500,\"size\":47.34,\"path\":null,\"url\":\"/uploads/medium_Corporate_f5d4577ff4.jpg\"},\"small\":{\"name\":\"small_Corporate.jpg\",\"hash\":\"small_Corporate_f5d4577ff4\",\"ext\":\".jpg\",\"mime\":\"image/jpeg\",\"width\":500,\"height\":333,\"size\":26.78,\"path\":null,\"url\":\"/uploads/small_Corporate_f5d4577ff4.jpg\"}}','Corporate_f5d4577ff4','.jpg','image/jpeg',556.73,'/uploads/Corporate_f5d4577ff4.jpg',NULL,'local',NULL,1,1,'2021-05-19 14:06:34','2021-05-19 14:06:34'),(13,'service.svg','','',340,231,NULL,'service_4fa23fdcf5','.svg','image/svg+xml',235.73,'/uploads/service_4fa23fdcf5.svg',NULL,'local',NULL,1,1,'2021-05-20 06:51:53','2021-05-20 06:51:53'),(14,'moving.svg','','',340,231,NULL,'moving_3de35b7281','.svg','image/svg+xml',722.82,'/uploads/moving_3de35b7281.svg',NULL,'local',NULL,1,1,'2021-05-20 06:51:53','2021-05-20 06:51:53'),(15,'testi_image.png','','',340,340,'{\"thumbnail\":{\"name\":\"thumbnail_testi_image.png\",\"hash\":\"thumbnail_testi_image_98aeed9350\",\"ext\":\".png\",\"mime\":\"image/png\",\"width\":156,\"height\":156,\"size\":60.41,\"path\":null,\"url\":\"/uploads/thumbnail_testi_image_98aeed9350.png\"}}','testi_image_98aeed9350','.png','image/png',144.17,'/uploads/testi_image_98aeed9350.png',NULL,'local',NULL,1,1,'2021-05-20 07:03:21','2021-05-20 07:03:21'),(17,'fleet-2.svg','','',220,82,NULL,'fleet_2_b1e574cb4c','.svg','image/svg+xml',11.14,'/uploads/fleet_2_b1e574cb4c.svg',NULL,'local',NULL,1,1,'2021-05-20 07:13:13','2021-05-20 07:13:13'),(18,'fleet-1.svg','','',220,82,NULL,'fleet_1_c21cec1ba3','.svg','image/svg+xml',12.59,'/uploads/fleet_1_c21cec1ba3.svg',NULL,'local',NULL,1,1,'2021-05-20 07:13:13','2021-05-20 07:13:13'),(19,'fleet-3.svg','','',220,82,NULL,'fleet_3_b87edb55e8','.svg','image/svg+xml',12.64,'/uploads/fleet_3_b87edb55e8.svg',NULL,'local',NULL,1,1,'2021-05-20 07:13:13','2021-05-20 07:13:13'),(24,'city-travel-thumbnail.svg','','',80,80,NULL,'city_travel_thumbnail_3f23b6902b','.svg','image/svg+xml',5.11,'/uploads/city_travel_thumbnail_3f23b6902b.svg',NULL,'local',NULL,1,1,'2021-05-20 08:09:04','2021-05-20 08:09:04'),(25,'delivery-thumbnail.svg','','',80,80,NULL,'delivery_thumbnail_e9c2c88434','.svg','image/svg+xml',2.31,'/uploads/delivery_thumbnail_e9c2c88434.svg',NULL,'local',NULL,1,1,'2021-05-20 08:09:04','2021-05-20 08:09:04'),(26,'taxi-thumbnail.svg','','',66,78,NULL,'taxi_thumbnail_d6e5af2a28','.svg','image/svg+xml',3.44,'/uploads/taxi_thumbnail_d6e5af2a28.svg',NULL,'local',NULL,1,1,'2021-05-20 08:09:04','2021-05-20 08:09:04'),(27,'rentals-thumbnail.svg','','',80,80,NULL,'rentals_thumbnail_cdc10bb096','.svg','image/svg+xml',4.79,'/uploads/rentals_thumbnail_cdc10bb096.svg',NULL,'local',NULL,1,1,'2021-05-20 08:09:04','2021-05-20 08:09:04'),(28,'frame-1233.svg','','',836,410,NULL,'frame_1233_88588f2416','.svg','image/svg+xml',1631.36,'/uploads/frame_1233_88588f2416.svg',NULL,'local',NULL,1,1,'2021-05-20 11:22:42','2021-05-20 11:22:42'),(29,'taxiye.svg','','',340,231,NULL,'taxiye_b999791705','.svg','image/svg+xml',51.96,'/uploads/taxiye_b999791705.svg',NULL,'local',NULL,1,1,'2021-05-20 11:38:08','2021-05-20 11:38:08'),(30,'brand-facebook.svg','','',21,20,NULL,'brand_facebook_996a7662fc','.svg','image/svg+xml',0.67,'/uploads/brand_facebook_996a7662fc.svg',NULL,'local',NULL,1,1,'2021-05-21 06:23:05','2021-05-21 06:23:05'),(31,'brand-instagram.svg','','',19,19,NULL,'brand_instagram_a848e01a67','.svg','image/svg+xml',2.68,'/uploads/brand_instagram_a848e01a67.svg',NULL,'local',NULL,1,1,'2021-05-21 06:23:05','2021-05-21 06:23:05'),(32,'brand-twitter.svg','','',21,17,NULL,'brand_twitter_5076709e4a','.svg','image/svg+xml',1.05,'/uploads/brand_twitter_5076709e4a.svg',NULL,'local',NULL,1,1,'2021-05-21 06:23:05','2021-05-21 06:23:05'),(33,'car.png','','',910,1380,'{\"thumbnail\":{\"name\":\"thumbnail_car.png\",\"hash\":\"thumbnail_car_23116c6faa\",\"ext\":\".png\",\"mime\":\"image/png\",\"width\":103,\"height\":156,\"size\":36.1,\"path\":null,\"url\":\"/uploads/thumbnail_car_23116c6faa.png\"},\"large\":{\"name\":\"large_car.png\",\"hash\":\"large_car_23116c6faa\",\"ext\":\".png\",\"mime\":\"image/png\",\"width\":659,\"height\":1000,\"size\":1238.31,\"path\":null,\"url\":\"/uploads/large_car_23116c6faa.png\"},\"medium\":{\"name\":\"medium_car.png\",\"hash\":\"medium_car_23116c6faa\",\"ext\":\".png\",\"mime\":\"image/png\",\"width\":495,\"height\":750,\"size\":689.11,\"path\":null,\"url\":\"/uploads/medium_car_23116c6faa.png\"},\"small\":{\"name\":\"small_car.png\",\"hash\":\"small_car_23116c6faa\",\"ext\":\".png\",\"mime\":\"image/png\",\"width\":330,\"height\":500,\"size\":308.67,\"path\":null,\"url\":\"/uploads/small_car_23116c6faa.png\"}}','car_23116c6faa','.png','image/png',1815.88,'/uploads/car_23116c6faa.png',NULL,'local',NULL,1,1,'2021-05-21 06:57:12','2021-05-21 06:57:12'),(34,'macbook-2.png','','',1012,600,'{\"thumbnail\":{\"name\":\"thumbnail_macbook-2.png\",\"hash\":\"thumbnail_macbook_2_90a5026fbb\",\"ext\":\".png\",\"mime\":\"image/png\",\"width\":245,\"height\":145,\"size\":24.31,\"path\":null,\"url\":\"/uploads/thumbnail_macbook_2_90a5026fbb.png\"},\"large\":{\"name\":\"large_macbook-2.png\",\"hash\":\"large_macbook_2_90a5026fbb\",\"ext\":\".png\",\"mime\":\"image/png\",\"width\":1000,\"height\":593,\"size\":226.36,\"path\":null,\"url\":\"/uploads/large_macbook_2_90a5026fbb.png\"},\"medium\":{\"name\":\"medium_macbook-2.png\",\"hash\":\"medium_macbook_2_90a5026fbb\",\"ext\":\".png\",\"mime\":\"image/png\",\"width\":750,\"height\":445,\"size\":136.19,\"path\":null,\"url\":\"/uploads/medium_macbook_2_90a5026fbb.png\"},\"small\":{\"name\":\"small_macbook-2.png\",\"hash\":\"small_macbook_2_90a5026fbb\",\"ext\":\".png\",\"mime\":\"image/png\",\"width\":500,\"height\":296,\"size\":71.8,\"path\":null,\"url\":\"/uploads/small_macbook_2_90a5026fbb.png\"}}','macbook_2_90a5026fbb','.png','image/png',169.21,'/uploads/macbook_2_90a5026fbb.png',NULL,'local',NULL,1,1,'2021-05-21 07:53:59','2021-05-21 07:53:59'),(35,'free-accounts.svg','','',70,84,NULL,'free_accounts_f22c7c8ece','.svg','image/svg+xml',7.07,'/uploads/free_accounts_f22c7c8ece.svg',NULL,'local',NULL,1,1,'2021-05-21 08:25:41','2021-05-21 08:25:41'),(36,'booking.svg','','',70,84,NULL,'booking_b366819181','.svg','image/svg+xml',7.37,'/uploads/booking_b366819181.svg',NULL,'local',NULL,1,1,'2021-05-21 08:25:41','2021-05-21 08:25:41'),(37,'add-new.png','','',329,256,'{\"thumbnail\":{\"name\":\"thumbnail_add-new.png\",\"hash\":\"thumbnail_add_new_ba83be44cf\",\"ext\":\".png\",\"mime\":\"image/png\",\"width\":200,\"height\":156,\"size\":8.09,\"path\":null,\"url\":\"/uploads/thumbnail_add_new_ba83be44cf.png\"}}','add_new_ba83be44cf','.png','image/png',8.03,'/uploads/add_new_ba83be44cf.png',NULL,'local',NULL,1,1,'2021-05-21 08:25:41','2021-05-21 08:25:41'),(38,'mobile.png','','',329,256,'{\"thumbnail\":{\"name\":\"thumbnail_mobile.png\",\"hash\":\"thumbnail_mobile_ae5b1a3e02\",\"ext\":\".png\",\"mime\":\"image/png\",\"width\":200,\"height\":156,\"size\":13.98,\"path\":null,\"url\":\"/uploads/thumbnail_mobile_ae5b1a3e02.png\"}}','mobile_ae5b1a3e02','.png','image/png',13.47,'/uploads/mobile_ae5b1a3e02.png',NULL,'local',NULL,1,1,'2021-05-21 08:25:41','2021-05-21 08:25:41'),(39,'track-things.png','','',329,256,'{\"thumbnail\":{\"name\":\"thumbnail_track-things.png\",\"hash\":\"thumbnail_track_things_ad1f25c706\",\"ext\":\".png\",\"mime\":\"image/png\",\"width\":200,\"height\":156,\"size\":6.88,\"path\":null,\"url\":\"/uploads/thumbnail_track_things_ad1f25c706.png\"}}','track_things_ad1f25c706','.png','image/png',7.17,'/uploads/track_things_ad1f25c706.png',NULL,'local',NULL,1,1,'2021-05-21 08:25:41','2021-05-21 08:25:41'),(40,'receipt.png','','',329,256,'{\"thumbnail\":{\"name\":\"thumbnail_receipt.png\",\"hash\":\"thumbnail_receipt_929785b564\",\"ext\":\".png\",\"mime\":\"image/png\",\"width\":200,\"height\":156,\"size\":10.63,\"path\":null,\"url\":\"/uploads/thumbnail_receipt_929785b564.png\"}}','receipt_929785b564','.png','image/png',9.88,'/uploads/receipt_929785b564.png',NULL,'local',NULL,1,1,'2021-05-21 08:25:41','2021-05-21 08:25:41'),(41,'greater-control.svg','','',70,84,NULL,'greater_control_7b2c09ae11','.svg','image/svg+xml',3.44,'/uploads/greater_control_7b2c09ae11.svg',NULL,'local',NULL,1,1,'2021-05-21 08:25:41','2021-05-21 08:25:41'),(42,'emergency.svg','','',72,67,NULL,'emergency_0f10f88918','.svg','image/svg+xml',10.40,'/uploads/emergency_0f10f88918.svg',NULL,'local',NULL,1,1,'2021-05-21 08:35:09','2021-05-21 08:35:09'),(43,'phone-privacy.svg','','',72,67,NULL,'phone_privacy_4b2f047e6a','.svg','image/svg+xml',3.08,'/uploads/phone_privacy_4b2f047e6a.svg',NULL,'local',NULL,1,1,'2021-05-21 08:35:09','2021-05-21 08:35:09'),(44,'verified.svg','','',72,67,NULL,'verified_950ee67b96','.svg','image/svg+xml',4.53,'/uploads/verified_950ee67b96.svg',NULL,'local',NULL,1,1,'2021-05-21 08:35:09','2021-05-21 08:35:09'),(45,'track-trip.svg','','',72,67,NULL,'track_trip_bf5423a6a4','.svg','image/svg+xml',3.64,'/uploads/track_trip_bf5423a6a4.svg',NULL,'local',NULL,1,1,'2021-05-21 08:35:09','2021-05-21 08:35:09'),(46,'feedback.svg','','',72,68,NULL,'feedback_e31aefff10','.svg','image/svg+xml',2.22,'/uploads/feedback_e31aefff10.svg',NULL,'local',NULL,1,1,'2021-05-24 06:15:40','2021-05-24 06:15:40'),(47,'support.svg','','',72,68,NULL,'support_3129db4cc9','.svg','image/svg+xml',3.28,'/uploads/support_3129db4cc9.svg',NULL,'local',NULL,1,1,'2021-05-24 06:15:40','2021-05-24 06:15:40'),(48,'requirements.svg','','',560,722,NULL,'requirements_1959633534','.svg','image/svg+xml',10.06,'/uploads/requirements_1959633534.svg',NULL,'local',NULL,1,1,'2021-05-24 06:28:38','2021-05-24 06:28:38'),(49,'number-2.svg','','',70,70,NULL,'number_2_38f54a9374','.svg','image/svg+xml',1.60,'/uploads/number_2_38f54a9374.svg',NULL,'local',NULL,1,1,'2021-05-24 06:31:00','2021-05-24 06:31:00'),(50,'number-1.svg','','',70,70,NULL,'number_1_b3e45db06f','.svg','image/svg+xml',1.06,'/uploads/number_1_b3e45db06f.svg',NULL,'local',NULL,1,1,'2021-05-24 06:31:00','2021-05-24 06:31:00'),(51,'number-3.svg','','',70,70,NULL,'number_3_9a28ea9ceb','.svg','image/svg+xml',1.91,'/uploads/number_3_9a28ea9ceb.svg',NULL,'local',NULL,1,1,'2021-05-24 06:31:00','2021-05-24 06:31:00'),(52,'down-time.svg','','',80,80,NULL,'down_time_b8f4a3b1af','.svg','image/svg+xml',2.44,'/uploads/down_time_b8f4a3b1af.svg',NULL,'local',NULL,1,1,'2021-05-24 06:39:17','2021-05-24 06:39:17'),(53,'schedule.svg','','',80,80,NULL,'schedule_2948430d5b','.svg','image/svg+xml',2.36,'/uploads/schedule_2948430d5b.svg',NULL,'local',NULL,1,1,'2021-05-24 06:39:17','2021-05-24 06:39:17'),(54,'rate.svg','','',80,80,NULL,'rate_d7427a0eac','.svg','image/svg+xml',1.91,'/uploads/rate_d7427a0eac.svg',NULL,'local',NULL,1,1,'2021-05-24 06:39:17','2021-05-24 06:39:17'),(55,'car-image1.svg','','',501,500,NULL,'car_image1_ed9afa5473','.svg','image/svg+xml',131.99,'/uploads/car_image1_ed9afa5473.svg',NULL,'local',NULL,1,1,'2021-05-24 08:43:48','2021-05-24 08:43:48'),(56,'car-image2.svg','','',401,400,NULL,'car_image2_e92ca0f666','.svg','image/svg+xml',722.73,'/uploads/car_image2_e92ca0f666.svg',NULL,'local',NULL,1,1,'2021-05-24 08:43:48','2021-05-24 08:43:48'),(57,'deborah.png','','',219,220,'{\"thumbnail\":{\"name\":\"thumbnail_deborah.png\",\"hash\":\"thumbnail_deborah_3756a81fd1\",\"ext\":\".png\",\"mime\":\"image/png\",\"width\":155,\"height\":156,\"size\":56.42,\"path\":null,\"url\":\"/uploads/thumbnail_deborah_3756a81fd1.png\"}}','deborah_3756a81fd1','.png','image/png',70.34,'/uploads/deborah_3756a81fd1.png',NULL,'local',NULL,1,1,'2021-05-24 11:18:23','2021-05-24 11:18:23'),(58,'call-center.png','','',320,220,'{\"thumbnail\":{\"name\":\"thumbnail_call-center.png\",\"hash\":\"thumbnail_call_center_e49fc24e8c\",\"ext\":\".png\",\"mime\":\"image/png\",\"width\":227,\"height\":156,\"size\":90.33,\"path\":null,\"url\":\"/uploads/thumbnail_call_center_e49fc24e8c.png\"}}','call_center_e49fc24e8c','.png','image/png',111.32,'/uploads/call_center_e49fc24e8c.png',NULL,'local',NULL,1,1,'2021-05-24 11:18:23','2021-05-24 11:18:23'),(59,'customer-service.png','','',320,220,'{\"thumbnail\":{\"name\":\"thumbnail_customer-service.png\",\"hash\":\"thumbnail_customer_service_c6d762432f\",\"ext\":\".png\",\"mime\":\"image/png\",\"width\":227,\"height\":156,\"size\":97.28,\"path\":null,\"url\":\"/uploads/thumbnail_customer_service_c6d762432f.png\"}}','customer_service_c6d762432f','.png','image/png',114.05,'/uploads/customer_service_c6d762432f.png',NULL,'local',NULL,1,1,'2021-05-24 11:18:23','2021-05-24 11:18:23'),(60,'daniel.png','','',219,220,'{\"thumbnail\":{\"name\":\"thumbnail_daniel.png\",\"hash\":\"thumbnail_daniel_0df5372e94\",\"ext\":\".png\",\"mime\":\"image/png\",\"width\":155,\"height\":156,\"size\":62.39,\"path\":null,\"url\":\"/uploads/thumbnail_daniel_0df5372e94.png\"}}','daniel_0df5372e94','.png','image/png',85.37,'/uploads/daniel_0df5372e94.png',NULL,'local',NULL,1,1,'2021-05-24 11:18:23','2021-05-24 11:18:23'),(61,'marketing.png','','',320,220,'{\"thumbnail\":{\"name\":\"thumbnail_marketing.png\",\"hash\":\"thumbnail_marketing_1142d73b68\",\"ext\":\".png\",\"mime\":\"image/png\",\"width\":227,\"height\":156,\"size\":79.96,\"path\":null,\"url\":\"/uploads/thumbnail_marketing_1142d73b68.png\"}}','marketing_1142d73b68','.png','image/png',100.28,'/uploads/marketing_1142d73b68.png',NULL,'local',NULL,1,1,'2021-05-24 11:18:23','2021-05-24 11:18:23'),(62,'mesay.png','','',220,220,'{\"thumbnail\":{\"name\":\"thumbnail_mesay.png\",\"hash\":\"thumbnail_mesay_7b8178f1ad\",\"ext\":\".png\",\"mime\":\"image/png\",\"width\":156,\"height\":156,\"size\":61.61,\"path\":null,\"url\":\"/uploads/thumbnail_mesay_7b8178f1ad.png\"}}','mesay_7b8178f1ad','.png','image/png',81.64,'/uploads/mesay_7b8178f1ad.png',NULL,'local',NULL,1,1,'2021-05-24 11:18:23','2021-05-24 11:18:23'),(63,'tsedey.png','','',219,220,'{\"thumbnail\":{\"name\":\"thumbnail_tsedey.png\",\"hash\":\"thumbnail_tsedey_83f10872c9\",\"ext\":\".png\",\"mime\":\"image/png\",\"width\":155,\"height\":156,\"size\":64.32,\"path\":null,\"url\":\"/uploads/thumbnail_tsedey_83f10872c9.png\"}}','tsedey_83f10872c9','.png','image/png',92.61,'/uploads/tsedey_83f10872c9.png',NULL,'local',NULL,1,1,'2021-05-24 11:18:23','2021-05-24 11:18:23'),(64,'elauto-logo.png','','',176,63,NULL,'elauto_logo_13cd8afa66','.png','image/png',11.52,'/uploads/elauto_logo_13cd8afa66.png',NULL,'local',NULL,1,1,'2021-05-24 11:21:16','2021-05-24 11:21:16'),(65,'elnet-logo.png','','',188,61,NULL,'elnet_logo_73207782d6','.png','image/png',15.67,'/uploads/elnet_logo_73207782d6.png',NULL,'local',NULL,1,1,'2021-05-24 11:21:16','2021-05-24 11:21:16'),(66,'mission.svg','','',50,50,NULL,'mission_2375623604','.svg','image/svg+xml',1.62,'/uploads/mission_2375623604.svg',NULL,'local',NULL,1,1,'2021-05-24 11:31:04','2021-05-24 11:31:04'),(67,'value.svg','','',50,50,NULL,'value_29f014e2c8','.svg','image/svg+xml',0.62,'/uploads/value_29f014e2c8.svg',NULL,'local',NULL,1,1,'2021-05-24 11:31:04','2021-05-24 11:31:04'),(68,'vision.svg','','',50,50,NULL,'vision_64a602d58f','.svg','image/svg+xml',1.83,'/uploads/vision_64a602d58f.svg',NULL,'local',NULL,1,1,'2021-05-24 11:31:04','2021-05-24 11:31:04'),(69,'device.svg','','',423,564,NULL,'device_71013b1e52','.svg','image/svg+xml',70.58,'/uploads/device_71013b1e52.svg',NULL,'local',NULL,1,1,'2021-05-24 11:37:49','2021-05-24 11:37:49');
/*!40000 ALTER TABLE `upload_file` ENABLE KEYS */;
UNLOCK TABLES;
DROP TABLE IF EXISTS `upload_file_morph`;
/*!40101 SET @saved_cs_client     = @@character_set_client */;
/*!50503 SET character_set_client = utf8mb4 */;
CREATE TABLE `upload_file_morph` (
  `id` int unsigned NOT NULL AUTO_INCREMENT,
  `upload_file_id` int DEFAULT NULL,
  `related_id` int DEFAULT NULL,
  `related_type` longtext,
  `field` longtext,
  `order` int DEFAULT NULL,
  PRIMARY KEY (`id`)
) ENGINE=InnoDB AUTO_INCREMENT=276 DEFAULT CHARSET=utf8mb4 COLLATE=utf8mb4_0900_ai_ci;
/*!40101 SET character_set_client = @saved_cs_client */;

LOCK TABLES `upload_file_morph` WRITE;
/*!40000 ALTER TABLE `upload_file_morph` DISABLE KEYS */;
INSERT INTO `upload_file_morph` VALUES (29,15,1,'testimonies','profileImage',1),(30,15,2,'testimonies','profileImage',1),(31,15,3,'testimonies','profileImage',1),(33,18,1,'fleets','image',1),(34,17,2,'fleets','image',1),(35,19,3,'fleets','image',1),(36,15,4,'testimonies','profileImage',1),(38,10,2,'components_section_heroes','background',1),(41,27,3,'services','thumbnail',1),(42,2,3,'services','largeImage',1),(43,24,1,'services','thumbnail',1),(44,4,1,'services','largeImage',1),(45,25,4,'services','thumbnail',1),(46,3,4,'services','largeImage',1),(47,26,2,'services','thumbnail',1),(48,1,2,'services','largeImage',1),(49,9,3,'components_section_heroes','background',1),(84,8,5,'components_section_heroes','background',1),(85,30,1,'social_medias','logo',1),(86,32,2,'social_medias','logo',1),(87,31,3,'social_medias','logo',1),(88,33,8,'components_section_heroes','background',1),(92,33,11,'components_section_heroes','background',1),(93,33,9,'components_section_heroes','background',1),(97,11,4,'components_section_heroes','background',1),(98,34,1,'corporate_pages','infoSectionImage',1),(99,37,1,'corporate_architectures','thumbnail',1),(101,40,3,'corporate_architectures','thumbnail',1),(102,39,4,'corporate_architectures','thumbnail',1),(103,38,2,'corporate_architectures','thumbnail',1),(104,41,1,'corporate_exprenses','thumbnail',1),(105,35,2,'corporate_exprenses','thumbnail',1),(106,36,3,'corporate_exprenses','thumbnail',1),(107,42,4,'corporate_safeties','thumbnail',1),(108,43,3,'corporate_safeties','thumbnail',1),(109,45,1,'corporate_safeties','thumbnail',1),(110,44,2,'corporate_safeties','thumbnail',1),(114,45,1,'driver_safeties','thumbnail',1),(115,42,4,'driver_safeties','thumbnail',1),(116,47,3,'driver_safeties','thumbnail',1),(117,46,2,'driver_safeties','thumbnail',1),(122,50,1,'driver_requirments','thumbnail',1),(123,49,2,'driver_requirments','thumbnail',1),(124,51,3,'driver_requirments','thumbnail',1),(128,54,2,'work_freedoms','thumbnail',1),(129,52,3,'work_freedoms','thumbnail',1),(130,53,1,'work_freedoms','thumbnail',1),(134,53,1,'driver_work_freedoms','thumbnail',1),(135,52,3,'driver_work_freedoms','thumbnail',1),(136,54,2,'driver_work_freedoms','thumbnail',1),(139,6,7,'components_section_heroes','background',1),(140,48,1,'become_a_driver_pages','requirmentsMainImage',1),(147,56,1,'about_us_pages','aboutUsSectionImage',1),(151,60,2,'our_teams','profile',1),(152,57,4,'our_teams','profile',1),(153,62,3,'our_teams','profile',1),(154,63,1,'our_teams','profile',1),(155,58,3,'our_team_groups','image',1),(156,59,2,'our_team_groups','image',1),(157,61,1,'our_team_groups','image',1),(158,65,1,'our_partners','thumbnail',1),(159,64,2,'our_partners','thumbnail',1),(163,66,2,'our_value_statements','thumbnail',1),(164,67,3,'our_value_statements','thumbnail',1),(165,68,1,'our_value_statements','thumbnail',1),(166,5,6,'components_section_heroes','background',1),(167,56,1,'about_us_pages','aboutUsSectionPrimaryImage',1),(168,55,1,'about_us_pages','aboutUsSectionSecondaryImage',1),(169,69,1,'about_us_pages','whyAsMainImage',1),(172,7,1,'components_section_heroes','background',1),(173,57,4,'driver_requirments','thumbnail',1),(179,13,2,'components_article_headers','thumbnail',1),(180,28,2,'components_article_headers','mainMedia',1),(183,14,3,'components_article_headers','thumbnail',1),(184,28,3,'components_article_headers','mainMedia',1),(187,13,4,'components_article_headers','thumbnail',1),(188,28,4,'components_article_headers','mainMedia',1),(191,28,5,'components_article_headers','thumbnail',1),(192,28,5,'components_article_headers','mainMedia',1),(195,37,6,'components_article_headers','thumbnail',1),(196,9,6,'components_article_headers','mainMedia',1),(200,29,1,'components_article_headers','thumbnail',1),(201,28,1,'components_article_headers','mainMedia',1),(228,28,1,'components_text_media','media',1),(229,29,1,'articles','thumbnail',1),(230,28,1,'articles','mainMedia',1),(231,13,2,'articles','thumbnail',1),(232,28,2,'articles','mainMedia',1),(235,28,4,'articles','thumbnail',1),(236,28,4,'articles','mainMedia',1),(239,29,5,'articles','thumbnail',1),(240,28,5,'articles','mainMedia',1),(241,59,7,'articles','thumbnail',1),(242,28,7,'articles','mainMedia',1),(243,58,8,'articles','thumbnail',1),(244,28,8,'articles','mainMedia',1),(245,59,9,'articles','thumbnail',1),(246,28,9,'articles','mainMedia',1),(247,58,10,'articles','thumbnail',1),(248,28,10,'articles','mainMedia',1),(249,58,11,'articles','thumbnail',1),(250,59,11,'articles','mainMedia',1),(251,34,12,'articles','thumbnail',1),(252,28,12,'articles','mainMedia',1),(253,69,13,'articles','thumbnail',1),(254,69,13,'articles','mainMedia',1),(255,69,15,'articles','thumbnail',1),(256,69,15,'articles','mainMedia',1),(257,69,14,'articles','thumbnail',1),(258,69,14,'articles','mainMedia',1),(259,14,3,'articles','thumbnail',1),(260,28,3,'articles','mainMedia',1),(261,29,6,'articles','thumbnail',1),(262,28,6,'articles','mainMedia',1),(273,69,2,'components_text_media','media',1),(274,8,16,'articles','thumbnail',1),(275,8,16,'articles','mainMedia',1);
/*!40000 ALTER TABLE `upload_file_morph` ENABLE KEYS */;
UNLOCK TABLES;
DROP TABLE IF EXISTS `users-permissions_permission`;
/*!40101 SET @saved_cs_client     = @@character_set_client */;
/*!50503 SET character_set_client = utf8mb4 */;
CREATE TABLE `users-permissions_permission` (
  `id` int unsigned NOT NULL AUTO_INCREMENT,
  `type` varchar(255) NOT NULL,
  `controller` varchar(255) NOT NULL,
  `action` varchar(255) NOT NULL,
  `enabled` tinyint(1) NOT NULL,
  `policy` varchar(255) DEFAULT NULL,
  `role` int DEFAULT NULL,
  `created_by` int DEFAULT NULL,
  `updated_by` int DEFAULT NULL,
  PRIMARY KEY (`id`)
) ENGINE=InnoDB AUTO_INCREMENT=493 DEFAULT CHARSET=utf8mb4 COLLATE=utf8mb4_0900_ai_ci;
/*!40101 SET character_set_client = @saved_cs_client */;

LOCK TABLES `users-permissions_permission` WRITE;
/*!40000 ALTER TABLE `users-permissions_permission` DISABLE KEYS */;
INSERT INTO `users-permissions_permission` VALUES (1,'content-manager','collection-types','bulkdelete',0,'',1,NULL,NULL),(2,'content-manager','collection-types','bulkdelete',0,'',2,NULL,NULL),(3,'content-manager','collection-types','create',0,'',1,NULL,NULL),(4,'content-manager','collection-types','create',0,'',2,NULL,NULL),(5,'content-manager','collection-types','delete',0,'',1,NULL,NULL),(6,'content-manager','collection-types','delete',0,'',2,NULL,NULL),(7,'content-manager','collection-types','find',0,'',1,NULL,NULL),(8,'content-manager','collection-types','find',0,'',2,NULL,NULL),(9,'content-manager','collection-types','findone',0,'',1,NULL,NULL),(10,'content-manager','collection-types','findone',0,'',2,NULL,NULL),(11,'content-manager','collection-types','previewmanyrelations',0,'',1,NULL,NULL),(12,'content-manager','collection-types','previewmanyrelations',0,'',2,NULL,NULL),(13,'content-manager','collection-types','publish',0,'',1,NULL,NULL),(14,'content-manager','collection-types','publish',0,'',2,NULL,NULL),(15,'content-manager','collection-types','unpublish',0,'',1,NULL,NULL),(16,'content-manager','collection-types','unpublish',0,'',2,NULL,NULL),(17,'content-manager','collection-types','update',0,'',1,NULL,NULL),(18,'content-manager','collection-types','update',0,'',2,NULL,NULL),(19,'content-manager','components','findcomponentconfiguration',0,'',1,NULL,NULL),(20,'content-manager','components','findcomponentconfiguration',0,'',2,NULL,NULL),(21,'content-manager','components','findcomponents',0,'',1,NULL,NULL),(22,'content-manager','components','findcomponents',0,'',2,NULL,NULL),(23,'content-manager','components','updatecomponentconfiguration',0,'',1,NULL,NULL),(24,'content-manager','components','updatecomponentconfiguration',0,'',2,NULL,NULL),(25,'content-manager','content-types','findcontenttypeconfiguration',0,'',1,NULL,NULL),(26,'content-manager','content-types','findcontenttypeconfiguration',0,'',2,NULL,NULL),(27,'content-manager','content-types','findcontenttypes',0,'',1,NULL,NULL),(28,'content-manager','content-types','findcontenttypes',0,'',2,NULL,NULL),(29,'content-manager','content-types','findcontenttypessettings',0,'',1,NULL,NULL),(30,'content-manager','content-types','findcontenttypessettings',0,'',2,NULL,NULL),(31,'content-manager','content-types','updatecontenttypeconfiguration',0,'',1,NULL,NULL),(32,'content-manager','content-types','updatecontenttypeconfiguration',0,'',2,NULL,NULL),(33,'content-manager','relations','find',0,'',1,NULL,NULL),(34,'content-manager','relations','find',0,'',2,NULL,NULL),(35,'content-manager','single-types','createorupdate',0,'',1,NULL,NULL),(36,'content-manager','single-types','createorupdate',0,'',2,NULL,NULL),(37,'content-manager','single-types','delete',0,'',1,NULL,NULL),(38,'content-manager','single-types','delete',0,'',2,NULL,NULL),(39,'content-manager','single-types','find',0,'',1,NULL,NULL),(40,'content-manager','single-types','find',0,'',2,NULL,NULL),(41,'content-manager','single-types','publish',0,'',1,NULL,NULL),(42,'content-manager','single-types','publish',0,'',2,NULL,NULL),(43,'content-manager','single-types','unpublish',0,'',1,NULL,NULL),(44,'content-manager','single-types','unpublish',0,'',2,NULL,NULL),(45,'content-manager','uid','checkuidavailability',0,'',1,NULL,NULL),(46,'content-manager','uid','generateuid',0,'',1,NULL,NULL),(47,'content-manager','uid','generateuid',0,'',2,NULL,NULL),(48,'content-type-builder','builder','getreservednames',0,'',1,NULL,NULL),(49,'content-manager','uid','checkuidavailability',0,'',2,NULL,NULL),(50,'content-type-builder','builder','getreservednames',0,'',2,NULL,NULL),(51,'content-type-builder','componentcategories','deletecategory',0,'',1,NULL,NULL),(52,'content-type-builder','componentcategories','deletecategory',0,'',2,NULL,NULL),(53,'content-type-builder','componentcategories','editcategory',0,'',1,NULL,NULL),(54,'content-type-builder','componentcategories','editcategory',0,'',2,NULL,NULL),(55,'content-type-builder','components','createcomponent',0,'',1,NULL,NULL),(56,'content-type-builder','components','createcomponent',0,'',2,NULL,NULL),(57,'content-type-builder','components','deletecomponent',0,'',1,NULL,NULL),(58,'content-type-builder','components','deletecomponent',0,'',2,NULL,NULL),(59,'content-type-builder','components','getcomponent',0,'',1,NULL,NULL),(60,'content-type-builder','components','getcomponent',0,'',2,NULL,NULL),(61,'content-type-builder','components','getcomponents',0,'',1,NULL,NULL),(62,'content-type-builder','components','getcomponents',0,'',2,NULL,NULL),(63,'content-type-builder','components','updatecomponent',0,'',1,NULL,NULL),(64,'content-type-builder','components','updatecomponent',0,'',2,NULL,NULL),(65,'content-type-builder','connections','getconnections',0,'',1,NULL,NULL),(66,'content-type-builder','connections','getconnections',0,'',2,NULL,NULL),(67,'content-type-builder','contenttypes','createcontenttype',0,'',1,NULL,NULL),(68,'content-type-builder','contenttypes','createcontenttype',0,'',2,NULL,NULL),(69,'content-type-builder','contenttypes','deletecontenttype',0,'',1,NULL,NULL),(70,'content-type-builder','contenttypes','deletecontenttype',0,'',2,NULL,NULL),(71,'content-type-builder','contenttypes','getcontenttype',0,'',1,NULL,NULL),(72,'content-type-builder','contenttypes','getcontenttype',0,'',2,NULL,NULL),(73,'content-type-builder','contenttypes','getcontenttypes',0,'',1,NULL,NULL),(74,'content-type-builder','contenttypes','getcontenttypes',0,'',2,NULL,NULL),(75,'content-type-builder','contenttypes','updatecontenttype',0,'',1,NULL,NULL),(76,'content-type-builder','contenttypes','updatecontenttype',0,'',2,NULL,NULL),(77,'email','email','getsettings',0,'',1,NULL,NULL),(78,'email','email','getsettings',0,'',2,NULL,NULL),(79,'email','email','send',0,'',1,NULL,NULL),(80,'email','email','send',0,'',2,NULL,NULL),(81,'email','email','test',0,'',1,NULL,NULL),(82,'email','email','test',0,'',2,NULL,NULL),(83,'i18n','content-types','getnonlocalizedattributes',0,'',1,NULL,NULL),(84,'i18n','content-types','getnonlocalizedattributes',0,'',2,NULL,NULL),(85,'i18n','iso-locales','listisolocales',0,'',1,NULL,NULL),(86,'i18n','iso-locales','listisolocales',0,'',2,NULL,NULL),(87,'i18n','locales','createlocale',0,'',1,NULL,NULL),(88,'i18n','locales','createlocale',0,'',2,NULL,NULL),(89,'i18n','locales','deletelocale',0,'',1,NULL,NULL),(90,'i18n','locales','deletelocale',0,'',2,NULL,NULL),(91,'i18n','locales','listlocales',0,'',1,NULL,NULL),(92,'i18n','locales','listlocales',0,'',2,NULL,NULL),(93,'i18n','locales','updatelocale',0,'',1,NULL,NULL),(94,'i18n','locales','updatelocale',0,'',2,NULL,NULL),(95,'upload','upload','count',0,'',1,NULL,NULL),(96,'upload','upload','count',0,'',2,NULL,NULL),(97,'upload','upload','destroy',0,'',1,NULL,NULL),(98,'upload','upload','destroy',0,'',2,NULL,NULL),(99,'upload','upload','find',0,'',1,NULL,NULL),(100,'upload','upload','find',0,'',2,NULL,NULL),(101,'upload','upload','findone',0,'',1,NULL,NULL),(102,'upload','upload','findone',0,'',2,NULL,NULL),(103,'upload','upload','getsettings',0,'',1,NULL,NULL),(104,'upload','upload','getsettings',0,'',2,NULL,NULL),(105,'upload','upload','search',0,'',1,NULL,NULL),(106,'upload','upload','search',0,'',2,NULL,NULL),(107,'upload','upload','updatesettings',0,'',1,NULL,NULL),(108,'upload','upload','updatesettings',0,'',2,NULL,NULL),(109,'upload','upload','upload',0,'',1,NULL,NULL),(110,'upload','upload','upload',0,'',2,NULL,NULL),(111,'users-permissions','auth','callback',0,'',1,NULL,NULL),(112,'users-permissions','auth','callback',1,'',2,NULL,NULL),(113,'users-permissions','auth','connect',1,'',1,NULL,NULL),(114,'users-permissions','auth','connect',1,'',2,NULL,NULL),(115,'users-permissions','auth','emailconfirmation',0,'',1,NULL,NULL),(116,'users-permissions','auth','emailconfirmation',1,'',2,NULL,NULL),(117,'users-permissions','auth','forgotpassword',0,'',1,NULL,NULL),(118,'users-permissions','auth','forgotpassword',1,'',2,NULL,NULL),(119,'users-permissions','auth','register',0,'',1,NULL,NULL),(120,'users-permissions','auth','register',1,'',2,NULL,NULL),(121,'users-permissions','auth','resetpassword',0,'',1,NULL,NULL),(122,'users-permissions','auth','resetpassword',1,'',2,NULL,NULL),(123,'users-permissions','auth','sendemailconfirmation',0,'',1,NULL,NULL),(124,'users-permissions','auth','sendemailconfirmation',0,'',2,NULL,NULL),(125,'users-permissions','user','count',0,'',1,NULL,NULL),(126,'users-permissions','user','count',0,'',2,NULL,NULL),(127,'users-permissions','user','create',0,'',1,NULL,NULL),(128,'users-permissions','user','create',0,'',2,NULL,NULL),(129,'users-permissions','user','destroy',0,'',1,NULL,NULL),(130,'users-permissions','user','destroy',0,'',2,NULL,NULL),(131,'users-permissions','user','destroyall',0,'',1,NULL,NULL),(132,'users-permissions','user','destroyall',0,'',2,NULL,NULL),(133,'users-permissions','user','find',0,'',1,NULL,NULL),(134,'users-permissions','user','find',1,'',2,NULL,NULL),(135,'users-permissions','user','findone',0,'',1,NULL,NULL),(136,'users-permissions','user','findone',1,'',2,NULL,NULL),(137,'users-permissions','user','me',1,'',1,NULL,NULL),(138,'users-permissions','user','me',1,'',2,NULL,NULL),(139,'users-permissions','user','update',0,'',1,NULL,NULL),(140,'users-permissions','user','update',0,'',2,NULL,NULL),(141,'users-permissions','userspermissions','createrole',0,'',1,NULL,NULL),(142,'users-permissions','userspermissions','createrole',0,'',2,NULL,NULL),(143,'users-permissions','userspermissions','deleterole',0,'',1,NULL,NULL),(144,'users-permissions','userspermissions','deleterole',0,'',2,NULL,NULL),(145,'users-permissions','userspermissions','getadvancedsettings',0,'',1,NULL,NULL),(146,'users-permissions','userspermissions','getadvancedsettings',0,'',2,NULL,NULL),(147,'users-permissions','userspermissions','getemailtemplate',0,'',1,NULL,NULL),(148,'users-permissions','userspermissions','getemailtemplate',0,'',2,NULL,NULL),(149,'users-permissions','userspermissions','getpermissions',0,'',1,NULL,NULL),(150,'users-permissions','userspermissions','getpermissions',0,'',2,NULL,NULL),(151,'users-permissions','userspermissions','getpolicies',0,'',1,NULL,NULL),(152,'users-permissions','userspermissions','getpolicies',0,'',2,NULL,NULL),(153,'users-permissions','userspermissions','getproviders',0,'',1,NULL,NULL),(154,'users-permissions','userspermissions','getproviders',0,'',2,NULL,NULL),(155,'users-permissions','userspermissions','getrole',0,'',1,NULL,NULL),(156,'users-permissions','userspermissions','getrole',0,'',2,NULL,NULL),(157,'users-permissions','userspermissions','getroles',0,'',1,NULL,NULL),(158,'users-permissions','userspermissions','getroles',0,'',2,NULL,NULL),(159,'users-permissions','userspermissions','getroutes',0,'',1,NULL,NULL),(160,'users-permissions','userspermissions','getroutes',0,'',2,NULL,NULL),(161,'users-permissions','userspermissions','index',0,'',1,NULL,NULL),(162,'users-permissions','userspermissions','index',0,'',2,NULL,NULL),(163,'users-permissions','userspermissions','searchusers',0,'',1,NULL,NULL),(164,'users-permissions','userspermissions','searchusers',0,'',2,NULL,NULL),(165,'users-permissions','userspermissions','updateadvancedsettings',0,'',1,NULL,NULL),(166,'users-permissions','userspermissions','updateadvancedsettings',0,'',2,NULL,NULL),(167,'users-permissions','userspermissions','updateemailtemplate',0,'',1,NULL,NULL),(168,'users-permissions','userspermissions','updateemailtemplate',0,'',2,NULL,NULL),(169,'users-permissions','userspermissions','updateproviders',0,'',1,NULL,NULL),(170,'users-permissions','userspermissions','updateproviders',0,'',2,NULL,NULL),(171,'users-permissions','userspermissions','updaterole',0,'',1,NULL,NULL),(172,'users-permissions','userspermissions','updaterole',0,'',2,NULL,NULL),(173,'application','services','count',0,'',1,NULL,NULL),(174,'application','services','count',1,'',2,NULL,NULL),(175,'application','services','create',0,'',1,NULL,NULL),(176,'application','services','create',0,'',2,NULL,NULL),(177,'application','services','delete',0,'',1,NULL,NULL),(178,'application','services','delete',0,'',2,NULL,NULL),(179,'application','services','find',0,'',1,NULL,NULL),(180,'application','services','find',1,'',2,NULL,NULL),(181,'application','services','findone',0,'',1,NULL,NULL),(182,'application','services','findone',1,'',2,NULL,NULL),(183,'application','services','update',0,'',1,NULL,NULL),(184,'application','services','update',0,'',2,NULL,NULL),(185,'application','home-page','delete',0,'',1,NULL,NULL),(186,'application','home-page','delete',0,'',2,NULL,NULL),(187,'application','home-page','find',0,'',1,NULL,NULL),(188,'application','home-page','update',0,'',1,NULL,NULL),(189,'application','home-page','find',1,'',2,NULL,NULL),(190,'application','home-page','update',0,'',2,NULL,NULL),(191,'application','articles','count',1,'',1,NULL,NULL),(192,'application','articles','count',1,'',2,NULL,NULL),(193,'application','articles','create',1,'',1,NULL,NULL),(194,'application','articles','create',0,'',2,NULL,NULL),(195,'application','articles','delete',1,'',1,NULL,NULL),(196,'application','articles','delete',0,'',2,NULL,NULL),(197,'application','articles','find',1,'',1,NULL,NULL),(198,'application','articles','find',1,'',2,NULL,NULL),(199,'application','articles','findone',1,'',1,NULL,NULL),(200,'application','articles','findone',1,'',2,NULL,NULL),(201,'application','articles','update',1,'',1,NULL,NULL),(202,'application','articles','update',0,'',2,NULL,NULL),(203,'application','service-page','delete',0,'',1,NULL,NULL),(204,'application','service-page','delete',0,'',2,NULL,NULL),(205,'application','service-page','find',0,'',1,NULL,NULL),(206,'application','service-page','find',1,'',2,NULL,NULL),(207,'application','service-page','update',0,'',1,NULL,NULL),(208,'application','service-page','update',0,'',2,NULL,NULL),(209,'application','testimonies','count',0,'',1,NULL,NULL),(210,'application','testimonies','count',1,'',2,NULL,NULL),(211,'application','testimonies','create',0,'',1,NULL,NULL),(212,'application','testimonies','create',0,'',2,NULL,NULL),(213,'application','testimonies','delete',0,'',1,NULL,NULL),(214,'application','testimonies','delete',0,'',2,NULL,NULL),(215,'application','testimonies','find',0,'',1,NULL,NULL),(216,'application','testimonies','find',1,'',2,NULL,NULL),(217,'application','testimonies','findone',0,'',1,NULL,NULL),(218,'application','testimonies','findone',1,'',2,NULL,NULL),(219,'application','testimonies','update',0,'',1,NULL,NULL),(220,'application','testimonies','update',0,'',2,NULL,NULL),(221,'application','fleets','count',0,'',1,NULL,NULL),(222,'application','fleets','count',1,'',2,NULL,NULL),(223,'application','fleets','create',0,'',1,NULL,NULL),(224,'application','fleets','create',0,'',2,NULL,NULL),(225,'application','fleets','delete',0,'',1,NULL,NULL),(226,'application','fleets','delete',0,'',2,NULL,NULL),(227,'application','fleets','find',0,'',1,NULL,NULL),(228,'application','fleets','find',1,'',2,NULL,NULL),(229,'application','fleets','findone',0,'',1,NULL,NULL),(230,'application','fleets','findone',1,'',2,NULL,NULL),(231,'application','fleets','update',0,'',1,NULL,NULL),(232,'application','fleets','update',0,'',2,NULL,NULL),(233,'application','corporate-page','delete',0,'',1,NULL,NULL),(234,'application','corporate-page','delete',0,'',2,NULL,NULL),(235,'application','corporate-page','find',0,'',1,NULL,NULL),(236,'application','corporate-page','find',1,'',2,NULL,NULL),(237,'application','corporate-page','update',0,'',1,NULL,NULL),(238,'application','corporate-page','update',0,'',2,NULL,NULL),(245,'application','article-page','delete',0,'',1,NULL,NULL),(246,'application','article-page','delete',0,'',2,NULL,NULL),(247,'application','article-page','find',0,'',1,NULL,NULL),(248,'application','article-page','find',1,'',2,NULL,NULL),(249,'application','article-page','update',0,'',1,NULL,NULL),(250,'application','article-page','update',0,'',2,NULL,NULL),(263,'application','about-us-page','delete',0,'',1,NULL,NULL),(264,'application','about-us-page','find',0,'',1,NULL,NULL),(265,'application','about-us-page','delete',0,'',2,NULL,NULL),(266,'application','about-us-page','find',1,'',2,NULL,NULL),(267,'application','about-us-page','update',0,'',1,NULL,NULL),(268,'application','about-us-page','update',0,'',2,NULL,NULL),(269,'application','contact-us-page','delete',0,'',1,NULL,NULL),(270,'application','contact-us-page','delete',0,'',2,NULL,NULL),(271,'application','contact-us-page','find',0,'',1,NULL,NULL),(272,'application','contact-us-page','find',1,'',2,NULL,NULL),(273,'application','contact-us-page','update',0,'',1,NULL,NULL),(274,'application','contact-us-page','update',0,'',2,NULL,NULL),(275,'application','become-a-driver-page','delete',0,'',1,NULL,NULL),(276,'application','become-a-driver-page','delete',0,'',2,NULL,NULL),(277,'application','become-a-driver-page','find',0,'',1,NULL,NULL),(278,'application','become-a-driver-page','find',1,'',2,NULL,NULL),(279,'application','become-a-driver-page','update',0,'',1,NULL,NULL),(280,'application','become-a-driver-page','update',0,'',2,NULL,NULL),(281,'application','address','count',0,'',1,NULL,NULL),(282,'application','address','count',1,'',2,NULL,NULL),(283,'application','address','create',0,'',1,NULL,NULL),(284,'application','address','create',0,'',2,NULL,NULL),(285,'application','address','delete',0,'',1,NULL,NULL),(286,'application','address','delete',0,'',2,NULL,NULL),(287,'application','address','find',0,'',1,NULL,NULL),(288,'application','address','find',1,'',2,NULL,NULL),(289,'application','address','findone',0,'',1,NULL,NULL),(290,'application','address','findone',1,'',2,NULL,NULL),(291,'application','address','update',0,'',1,NULL,NULL),(292,'application','address','update',0,'',2,NULL,NULL),(293,'application','social-media','count',0,'',1,NULL,NULL),(294,'application','social-media','count',1,'',2,NULL,NULL),(295,'application','social-media','create',0,'',1,NULL,NULL),(296,'application','social-media','create',0,'',2,NULL,NULL),(297,'application','social-media','delete',0,'',1,NULL,NULL),(298,'application','social-media','delete',0,'',2,NULL,NULL),(299,'application','social-media','find',0,'',1,NULL,NULL),(300,'application','social-media','find',1,'',2,NULL,NULL),(301,'application','social-media','findone',0,'',1,NULL,NULL),(302,'application','social-media','findone',1,'',2,NULL,NULL),(303,'application','social-media','update',0,'',1,NULL,NULL),(304,'application','social-media','update',0,'',2,NULL,NULL),(305,'application','login-page','delete',0,'',1,NULL,NULL),(306,'application','login-page','delete',0,'',2,NULL,NULL),(307,'application','login-page','find',0,'',1,NULL,NULL),(308,'application','login-page','find',1,'',2,NULL,NULL),(309,'application','login-page','update',0,'',1,NULL,NULL),(310,'application','login-page','update',0,'',2,NULL,NULL),(311,'application','driver-sign-up-page','delete',0,'',1,NULL,NULL),(312,'application','driver-sign-up-page','delete',0,'',2,NULL,NULL),(313,'application','driver-sign-up-page','find',0,'',1,NULL,NULL),(314,'application','driver-sign-up-page','find',1,'',2,NULL,NULL),(315,'application','driver-sign-up-page','update',0,'',1,NULL,NULL),(316,'application','driver-sign-up-page','update',0,'',2,NULL,NULL),(323,'application','corporate-sign-up-page','delete',0,'',1,NULL,NULL),(324,'application','corporate-sign-up-page','delete',0,'',2,NULL,NULL),(325,'application','corporate-sign-up-page','find',0,'',1,NULL,NULL),(326,'application','corporate-sign-up-page','find',1,'',2,NULL,NULL),(327,'application','corporate-sign-up-page','update',0,'',1,NULL,NULL),(328,'application','corporate-sign-up-page','update',0,'',2,NULL,NULL),(329,'application','corporate-info','count',0,'',1,NULL,NULL),(330,'application','corporate-info','count',1,'',2,NULL,NULL),(331,'application','corporate-info','create',0,'',1,NULL,NULL),(332,'application','corporate-info','create',0,'',2,NULL,NULL),(333,'application','corporate-info','delete',0,'',1,NULL,NULL),(334,'application','corporate-info','delete',0,'',2,NULL,NULL),(335,'application','corporate-info','find',0,'',1,NULL,NULL),(336,'application','corporate-info','find',1,'',2,NULL,NULL),(337,'application','corporate-info','findone',0,'',1,NULL,NULL),(338,'application','corporate-info','findone',1,'',2,NULL,NULL),(339,'application','corporate-info','update',0,'',1,NULL,NULL),(340,'application','corporate-info','update',0,'',2,NULL,NULL),(341,'application','corporate-safety','count',0,'',1,NULL,NULL),(342,'application','corporate-safety','count',1,'',2,NULL,NULL),(343,'application','corporate-safety','create',0,'',1,NULL,NULL),(344,'application','corporate-safety','create',0,'',2,NULL,NULL),(345,'application','corporate-safety','delete',0,'',1,NULL,NULL),(346,'application','corporate-safety','delete',0,'',2,NULL,NULL),(347,'application','corporate-safety','find',0,'',1,NULL,NULL),(348,'application','corporate-safety','find',1,'',2,NULL,NULL),(349,'application','corporate-safety','findone',0,'',1,NULL,NULL),(350,'application','corporate-safety','findone',1,'',2,NULL,NULL),(351,'application','corporate-safety','update',0,'',1,NULL,NULL),(352,'application','corporate-safety','update',0,'',2,NULL,NULL),(353,'application','corporate-architecture','count',0,'',1,NULL,NULL),(354,'application','corporate-architecture','count',1,'',2,NULL,NULL),(355,'application','corporate-architecture','create',0,'',1,NULL,NULL),(356,'application','corporate-architecture','create',0,'',2,NULL,NULL),(357,'application','corporate-architecture','delete',0,'',1,NULL,NULL),(358,'application','corporate-architecture','delete',0,'',2,NULL,NULL),(359,'application','corporate-architecture','find',0,'',1,NULL,NULL),(360,'application','corporate-architecture','find',1,'',2,NULL,NULL),(361,'application','corporate-architecture','findone',0,'',1,NULL,NULL),(362,'application','corporate-architecture','findone',1,'',2,NULL,NULL),(363,'application','corporate-architecture','update',0,'',2,NULL,NULL),(364,'application','corporate-architecture','update',0,'',1,NULL,NULL),(365,'application','corporate-exprense','count',0,'',1,NULL,NULL),(366,'application','corporate-exprense','count',1,'',2,NULL,NULL),(367,'application','corporate-exprense','create',0,'',1,NULL,NULL),(368,'application','corporate-exprense','create',0,'',2,NULL,NULL),(369,'application','corporate-exprense','delete',0,'',1,NULL,NULL),(370,'application','corporate-exprense','delete',0,'',2,NULL,NULL),(371,'application','corporate-exprense','find',0,'',1,NULL,NULL),(372,'application','corporate-exprense','find',1,'',2,NULL,NULL),(373,'application','corporate-exprense','findone',0,'',1,NULL,NULL),(374,'application','corporate-exprense','findone',1,'',2,NULL,NULL),(375,'application','corporate-exprense','update',0,'',1,NULL,NULL),(376,'application','corporate-exprense','update',0,'',2,NULL,NULL),(377,'application','driver-safety','count',0,'',1,NULL,NULL),(378,'application','driver-safety','count',1,'',2,NULL,NULL),(379,'application','driver-safety','create',0,'',1,NULL,NULL),(380,'application','driver-safety','create',0,'',2,NULL,NULL),(381,'application','driver-safety','delete',0,'',1,NULL,NULL),(382,'application','driver-safety','delete',0,'',2,NULL,NULL),(383,'application','driver-safety','find',0,'',1,NULL,NULL),(384,'application','driver-safety','find',1,'',2,NULL,NULL),(385,'application','driver-safety','findone',0,'',1,NULL,NULL),(386,'application','driver-safety','findone',1,'',2,NULL,NULL),(387,'application','driver-safety','update',0,'',1,NULL,NULL),(388,'application','driver-safety','update',0,'',2,NULL,NULL),(395,'application','driver-requirment','count',0,'',1,NULL,NULL),(396,'application','driver-requirment','count',1,'',2,NULL,NULL),(397,'application','driver-requirment','create',0,'',1,NULL,NULL),(398,'application','driver-requirment','create',0,'',2,NULL,NULL),(399,'application','driver-requirment','delete',0,'',1,NULL,NULL),(400,'application','driver-requirment','delete',0,'',2,NULL,NULL),(401,'application','driver-requirment','find',0,'',1,NULL,NULL),(402,'application','driver-requirment','find',1,'',2,NULL,NULL),(403,'application','driver-requirment','findone',0,'',1,NULL,NULL),(404,'application','driver-requirment','findone',1,'',2,NULL,NULL),(405,'application','driver-requirment','update',0,'',1,NULL,NULL),(406,'application','driver-requirment','update',0,'',2,NULL,NULL),(419,'application','driver-work-freedom','count',0,'',1,NULL,NULL),(420,'application','driver-work-freedom','count',1,'',2,NULL,NULL),(421,'application','driver-work-freedom','create',0,'',1,NULL,NULL),(422,'application','driver-work-freedom','create',0,'',2,NULL,NULL),(423,'application','driver-work-freedom','delete',0,'',1,NULL,NULL),(424,'application','driver-work-freedom','delete',0,'',2,NULL,NULL),(425,'application','driver-work-freedom','find',0,'',1,NULL,NULL),(426,'application','driver-work-freedom','find',1,'',2,NULL,NULL),(427,'application','driver-work-freedom','findone',0,'',1,NULL,NULL),(428,'application','driver-work-freedom','findone',1,'',2,NULL,NULL),(429,'application','driver-work-freedom','update',0,'',1,NULL,NULL),(430,'application','driver-work-freedom','update',0,'',2,NULL,NULL),(431,'application','our-value-statement','count',0,'',1,NULL,NULL),(432,'application','our-value-statement','count',1,'',2,NULL,NULL),(433,'application','our-value-statement','create',0,'',1,NULL,NULL),(434,'application','our-value-statement','create',0,'',2,NULL,NULL),(435,'application','our-value-statement','delete',0,'',1,NULL,NULL),(436,'application','our-value-statement','delete',0,'',2,NULL,NULL),(437,'application','our-value-statement','find',0,'',1,NULL,NULL),(438,'application','our-value-statement','find',1,'',2,NULL,NULL),(439,'application','our-value-statement','findone',0,'',1,NULL,NULL),(440,'application','our-value-statement','findone',1,'',2,NULL,NULL),(441,'application','our-value-statement','update',0,'',1,NULL,NULL),(442,'application','our-value-statement','update',0,'',2,NULL,NULL),(443,'application','why-taxiye','count',0,'',1,NULL,NULL),(444,'application','why-taxiye','count',1,'',2,NULL,NULL),(445,'application','why-taxiye','create',0,'',1,NULL,NULL),(446,'application','why-taxiye','create',0,'',2,NULL,NULL),(447,'application','why-taxiye','delete',0,'',1,NULL,NULL),(448,'application','why-taxiye','delete',0,'',2,NULL,NULL),(449,'application','why-taxiye','find',0,'',1,NULL,NULL),(450,'application','why-taxiye','find',1,'',2,NULL,NULL),(451,'application','why-taxiye','findone',0,'',1,NULL,NULL),(452,'application','why-taxiye','findone',1,'',2,NULL,NULL),(453,'application','why-taxiye','update',0,'',1,NULL,NULL),(454,'application','why-taxiye','update',0,'',2,NULL,NULL),(455,'application','our-partners','count',0,'',1,NULL,NULL),(456,'application','our-partners','count',1,'',2,NULL,NULL),(457,'application','our-partners','create',0,'',1,NULL,NULL),(458,'application','our-partners','create',0,'',2,NULL,NULL),(459,'application','our-partners','delete',0,'',1,NULL,NULL),(460,'application','our-partners','delete',0,'',2,NULL,NULL),(461,'application','our-partners','find',0,'',1,NULL,NULL),(462,'application','our-partners','find',1,'',2,NULL,NULL),(463,'application','our-partners','findone',0,'',1,NULL,NULL),(464,'application','our-partners','findone',1,'',2,NULL,NULL),(465,'application','our-partners','update',0,'',1,NULL,NULL),(466,'application','our-partners','update',0,'',2,NULL,NULL),(467,'application','our-team','count',0,'',1,NULL,NULL),(468,'application','our-team','count',1,'',2,NULL,NULL),(469,'application','our-team','create',0,'',1,NULL,NULL),(470,'application','our-team','create',0,'',2,NULL,NULL),(471,'application','our-team','delete',0,'',1,NULL,NULL),(472,'application','our-team','delete',0,'',2,NULL,NULL),(473,'application','our-team','find',0,'',1,NULL,NULL),(474,'application','our-team','find',1,'',2,NULL,NULL),(475,'application','our-team','findone',0,'',1,NULL,NULL),(476,'application','our-team','findone',1,'',2,NULL,NULL),(477,'application','our-team','update',0,'',1,NULL,NULL),(478,'application','our-team','update',0,'',2,NULL,NULL),(479,'application','our-team-group','create',0,'',1,NULL,NULL),(480,'application','our-team-group','count',1,'',2,NULL,NULL),(481,'application','our-team-group','count',0,'',1,NULL,NULL),(482,'application','our-team-group','create',0,'',2,NULL,NULL),(483,'application','our-team-group','delete',0,'',1,NULL,NULL),(484,'application','our-team-group','delete',0,'',2,NULL,NULL),(485,'application','our-team-group','find',0,'',1,NULL,NULL),(486,'application','our-team-group','find',1,'',2,NULL,NULL),(487,'application','our-team-group','findone',0,'',1,NULL,NULL),(488,'application','our-team-group','findone',1,'',2,NULL,NULL),(489,'application','our-team-group','update',0,'',1,NULL,NULL),(490,'application','our-team-group','update',0,'',2,NULL,NULL),(491,'application','article-page','create',0,'',1,NULL,NULL),(492,'application','article-page','create',0,'',2,NULL,NULL);
/*!40000 ALTER TABLE `users-permissions_permission` ENABLE KEYS */;
UNLOCK TABLES;
DROP TABLE IF EXISTS `users-permissions_role`;
/*!40101 SET @saved_cs_client     = @@character_set_client */;
/*!50503 SET character_set_client = utf8mb4 */;
CREATE TABLE `users-permissions_role` (
  `id` int unsigned NOT NULL AUTO_INCREMENT,
  `name` varchar(255) NOT NULL,
  `description` varchar(255) DEFAULT NULL,
  `type` varchar(255) DEFAULT NULL,
  `created_by` int DEFAULT NULL,
  `updated_by` int DEFAULT NULL,
  PRIMARY KEY (`id`),
  UNIQUE KEY `users-permissions_role_type_unique` (`type`)
) ENGINE=InnoDB AUTO_INCREMENT=3 DEFAULT CHARSET=utf8mb4 COLLATE=utf8mb4_0900_ai_ci;
/*!40101 SET character_set_client = @saved_cs_client */;

LOCK TABLES `users-permissions_role` WRITE;
/*!40000 ALTER TABLE `users-permissions_role` DISABLE KEYS */;
INSERT INTO `users-permissions_role` VALUES (1,'Authenticated','Default role given to authenticated user.','authenticated',NULL,NULL),(2,'Public','Default role given to unauthenticated user.','public',NULL,NULL);
/*!40000 ALTER TABLE `users-permissions_role` ENABLE KEYS */;
UNLOCK TABLES;
DROP TABLE IF EXISTS `users-permissions_user`;
/*!40101 SET @saved_cs_client     = @@character_set_client */;
/*!50503 SET character_set_client = utf8mb4 */;
CREATE TABLE `users-permissions_user` (
  `id` int unsigned NOT NULL AUTO_INCREMENT,
  `username` varchar(255) NOT NULL,
  `email` varchar(255) NOT NULL,
  `provider` varchar(255) DEFAULT NULL,
  `password` varchar(255) DEFAULT NULL,
  `resetPasswordToken` varchar(255) DEFAULT NULL,
  `confirmationToken` varchar(255) DEFAULT NULL,
  `confirmed` tinyint(1) DEFAULT NULL,
  `blocked` tinyint(1) DEFAULT NULL,
  `role` int DEFAULT NULL,
  `created_by` int DEFAULT NULL,
  `updated_by` int DEFAULT NULL,
  `created_at` timestamp NULL DEFAULT CURRENT_TIMESTAMP,
  `updated_at` timestamp NULL DEFAULT CURRENT_TIMESTAMP,
  PRIMARY KEY (`id`),
  UNIQUE KEY `users-permissions_user_username_unique` (`username`)
) ENGINE=InnoDB AUTO_INCREMENT=3 DEFAULT CHARSET=utf8mb4 COLLATE=utf8mb4_0900_ai_ci;
/*!40101 SET character_set_client = @saved_cs_client */;

LOCK TABLES `users-permissions_user` WRITE;
/*!40000 ALTER TABLE `users-permissions_user` DISABLE KEYS */;
INSERT INTO `users-permissions_user` VALUES (2,'Tolosa','tolosa@gmail.com','local','$2a$10$Fw2DYpd1ht6UEUx2evJYUuX1HpIycabJecIsKy5w.dXbZ8waKnV6y',NULL,NULL,1,0,1,1,1,'2021-05-27 07:08:35','2021-05-27 07:10:43');
/*!40000 ALTER TABLE `users-permissions_user` ENABLE KEYS */;
UNLOCK TABLES;
DROP TABLE IF EXISTS `why_taxiyes`;
/*!40101 SET @saved_cs_client     = @@character_set_client */;
/*!50503 SET character_set_client = utf8mb4 */;
CREATE TABLE `why_taxiyes` (
  `id` int unsigned NOT NULL AUTO_INCREMENT,
  `title` varchar(255) DEFAULT NULL,
  `description` longtext,
  `published_at` datetime DEFAULT NULL,
  `created_by` int DEFAULT NULL,
  `updated_by` int DEFAULT NULL,
  `created_at` timestamp NULL DEFAULT CURRENT_TIMESTAMP,
  `updated_at` timestamp NULL DEFAULT CURRENT_TIMESTAMP,
  PRIMARY KEY (`id`)
) ENGINE=InnoDB AUTO_INCREMENT=5 DEFAULT CHARSET=utf8mb4 COLLATE=utf8mb4_0900_ai_ci;
/*!40101 SET character_set_client = @saved_cs_client */;

LOCK TABLES `why_taxiyes` WRITE;
/*!40000 ALTER TABLE `why_taxiyes` DISABLE KEYS */;
INSERT INTO `why_taxiyes` VALUES (1,'Safer Rides','Verified drivers, live tracking and an in-app emergency button accessible to suit your safety needs.','2021-05-24 11:22:36',1,1,'2021-05-24 11:22:31','2021-05-24 11:22:36'),(2,'Reliable Services','Taxiye strives to provide reliable taxi services to all its passengers to fulfill all their travel needs','2021-05-24 11:23:27',1,1,'2021-05-24 11:23:00','2021-05-24 11:23:27'),(3,'Pocket-friendly Fare','Delivering comfy rides at an affordable price is our sole motto as a way to serve our community','2021-05-24 11:23:24',1,1,'2021-05-24 11:23:22','2021-05-24 11:23:24'),(4,'Instant Booking','With the Taxiye app you can immediately book Taxis and get ride easily and in a timely manner.','2021-05-24 11:23:47',1,1,'2021-05-24 11:23:42','2021-05-24 11:23:47');
/*!40000 ALTER TABLE `why_taxiyes` ENABLE KEYS */;
UNLOCK TABLES;
DROP TABLE IF EXISTS `work_freedoms`;
/*!40101 SET @saved_cs_client     = @@character_set_client */;
/*!50503 SET character_set_client = utf8mb4 */;
CREATE TABLE `work_freedoms` (
  `id` int unsigned NOT NULL AUTO_INCREMENT,
  `title` varchar(255) DEFAULT NULL,
  `description` longtext,
  `published_at` datetime DEFAULT NULL,
  `created_by` int DEFAULT NULL,
  `updated_by` int DEFAULT NULL,
  `created_at` timestamp NULL DEFAULT CURRENT_TIMESTAMP,
  `updated_at` timestamp NULL DEFAULT CURRENT_TIMESTAMP,
  PRIMARY KEY (`id`)
) ENGINE=InnoDB AUTO_INCREMENT=4 DEFAULT CHARSET=utf8mb4 COLLATE=utf8mb4_0900_ai_ci;
/*!40101 SET character_set_client = @saved_cs_client */;

LOCK TABLES `work_freedoms` WRITE;
/*!40000 ALTER TABLE `work_freedoms` DISABLE KEYS */;
INSERT INTO `work_freedoms` VALUES (1,'Greater Control','Set your own trip terms, create cost centers, and control budget allocation.','2021-05-24 06:39:36',1,1,'2021-05-24 06:39:31','2021-05-24 06:40:34'),(2,'Greater Control ','Set your own trip terms, create cost centers, and control budget allocation.','2021-05-24 06:40:23',1,1,'2021-05-24 06:40:04','2021-05-24 06:40:23'),(3,'Greater Control ','Set your own trip terms, create cost centers, and control budget allocation.','2021-05-24 06:40:27',1,1,'2021-05-24 06:40:18','2021-05-24 06:40:27');
/*!40000 ALTER TABLE `work_freedoms` ENABLE KEYS */;
UNLOCK TABLES;
/*!40103 SET TIME_ZONE=@OLD_TIME_ZONE */;

/*!40101 SET SQL_MODE=@OLD_SQL_MODE */;
/*!40014 SET FOREIGN_KEY_CHECKS=@OLD_FOREIGN_KEY_CHECKS */;
/*!40014 SET UNIQUE_CHECKS=@OLD_UNIQUE_CHECKS */;
/*!40101 SET CHARACTER_SET_CLIENT=@OLD_CHARACTER_SET_CLIENT */;
/*!40101 SET CHARACTER_SET_RESULTS=@OLD_CHARACTER_SET_RESULTS */;
/*!40101 SET COLLATION_CONNECTION=@OLD_COLLATION_CONNECTION */;
/*!40111 SET SQL_NOTES=@OLD_SQL_NOTES */;

